relative_path,label,y,byte_hash,image_id,width,height,phash
brain_tumor_dataset/no/1 no.jpeg,no,0,e4d9d83f89339366f4f77137d440a4c3b62e799a482ebfa6c79c9209d47ffdc9,34eeb369fff52f1ad84bba5d77da167a26ca5249293e3910bb04e8af2bf2ba25,630,630,5351231347706722609
brain_tumor_dataset/no/10 no.jpg,no,0,3c3bdbcf86cd640b0efb1f4a95726f65664a2b760cf385302947c2549ac78eba,550d0cb250962b4ef1a0cbf8dade59019a8a5153041d49dbfea6410b89f2de79,173,201,7784314378106331457
brain_tumor_dataset/no/11 no.jpg,no,0,ab01efa9ce7ad51de522ba8cafa0de7d46ce3332215227459fa9e5794b9ce053,ca42889078e14150119059a5534dd2f3dc957ba0b6233732dab0613222c48b01,300,168,7191727793524921132
brain_tumor_dataset/no/12 no.jpg,no,0,91eb18f61d813028c6de3d9a78b79f807712662d006287ddec80b945f6edeb51,4f32eb2f6b3971b9fb5e331b16ebeba8aeca02becbe749e9b95936fe340dbc92,275,183,5544817443069631289
brain_tumor_dataset/no/13 no.jpg,no,0,c8280173142dbe052a428603990c3124edc9700d71fc33ed07975f164e07db50,11fcbc10ab7e3890752d6a32b8de515b57952b63cccbf6ada00c3ae2da823e58,300,168,3592084985383443244
brain_tumor_dataset/no/14 no.jpg,no,0,111aeacdd05f0a5d85933516c514f1f9626b4ac9a81438c0609847a2efddfa99,69cde100d8dad52331dbbda9ca626fc949c9eef87ca4ebf9382b1b9789ac277e,177,197,7612803136962108257
brain_tumor_dataset/no/15 no.jpg,no,0,e615defa5c0de164da4b279d1c8d9102250cd5b5189de0f5ca4596e7dc90fca2,431754be1638a610ffe6109396a1be83fe84be89b319a9468c7702b7ac1cc451,232,217,7579299758350805396
brain_tumor_dataset/no/17 no.jpg,no,0,2d07d5dc31a6f83f8119f83bb45d75666c3b905eafab47609e407daf9951fd4a,16266df37b596ba5c42fb4225ae4cb15711d304d322448d8f379e0f71b73ae03,218,231,6037991928236031536
brain_tumor_dataset/no/18 no.jpg,no,0,173a41b949f0af0ea4e90b335de0e1885e92e9ad296cd59ab88646ac39e17fc7,87cdc2d151b003be78f52c0dc7c07c1b047f879846b8f7d96b95c39a3d62a70e,228,221,3286612427908217377
brain_tumor_dataset/no/19 no.jpg,no,0,9b1014fc56b1e254bfc3e6cae29a522eae9071ff2d4e125160968da77661c6e4,e4a8a1984d9693e70d8335a1c8c77a39a68f684b5661ac2edc34f8e971dd88f1,200,200,1973445375233313157
brain_tumor_dataset/no/2 no.jpeg,no,0,3163618e3155c4d97bfb4719da81fcc720a161d43a4c2a853e9b7d07064849fe,2e2dad5d3461106137a6841bba1f19176be2ab0e51a7b673e8a68bd2d9f698e4,630,630,6419358843255074564
brain_tumor_dataset/no/20 no.jpg,no,0,a7b267cdd9f7c6faf046cfe749d3c38f189ace9d20c42ecb323bece8e585c398,4da5f26b15d55f6827b7ad2ae5e93bc89be1ce8765d1b22bef6de53f356bd801,194,259,5082958741510953461
brain_tumor_dataset/no/21 no.jpg,no,0,f6b9367846473d64daf63aac8580e1c9ba73d2000d8aaa1d715a118a3a8f0ca9,451abc50aa05888273efbe1c2559bb9d2d200fb87912af9d8635fe993b87d58e,225,225,7377763491273972124
brain_tumor_dataset/no/22 no.jpg,no,0,b85ca032439975a97daac1612b6e61fe00aa4b94396e01900fb71e4a626d06ec,cef45ce59931075ef0d142d02078a7d3fba00c990fd4cf0f33ca9dc99be2362e,207,243,6003073088234536240
brain_tumor_dataset/no/23 no.jpg,no,0,0bc12dee429a9969519f71d07aea7accee2a5ff0bc4ef8871d1d0ffc22393c2f,019da44350c7f407f687bae7972cf5585a64977a32c8894384bc36589526e17d,208,242,6497801159192439076
brain_tumor_dataset/no/24 no.jpg,no,0,b494332cd5c534f3c093f5f26b9dacabad2119be1d8a0e955843adf647c9315d,02fc06d496bbdb0756b65e3b7fdf210a3c07d218b79e0d16eface84e5db72b89,235,214,570574080176711717
brain_tumor_dataset/no/25 no.jpg,no,0,3e7a6a53891855f9773da2427b7621464e87e48634af7203ae4416761d087b60,a01e590d6ec79f518194accaab1cb2a65bcda7fd021499547ee06b2b6a85b684,232,217,2147201717880127073
brain_tumor_dataset/no/26 no.jpg,no,0,f0b66b2ec894464a58025bf5aee105968765c7e0aaa82dbe4defd12d1f9db8cd,61883bfab06bd929d96b99d4cd26106c446d2e909ced077d4420d887aabc3aef,200,252,4997364663013094405
brain_tumor_dataset/no/27 no.jpg,no,0,2d07d5dc31a6f83f8119f83bb45d75666c3b905eafab47609e407daf9951fd4a,16266df37b596ba5c42fb4225ae4cb15711d304d322448d8f379e0f71b73ae03,218,231,6037991928236031536
brain_tumor_dataset/no/28 no.jpg,no,0,912cec46265a5793dd381105a63596ed462bb13e92cd61b8dc51c942a5f063fe,912f80d8f29184808e113f3e9770527dbaf7b490b4f4f27c69b015d174cb381a,201,251,2189272393422350453
brain_tumor_dataset/no/29 no.jpg,no,0,4de73fbc94cb122829e9387d79a8260ac35bbf5f63e835c61764fb14cdbe2dfe,971af0cc2d7eb4517c91e7ea90797e8ef92a6a3095581b4a235ef89a45ad9aa4,215,234,1099852524760808784
brain_tumor_dataset/no/3 no.jpg,no,0,c3da82d44359f4a1507b3e235886d2e0e555d0d31fb27a32bb20e6937d401dfc,4bda8fe0504ef79e0c9e3e86bb23aae41a67fc050c524ee0e18cc8f923a5da1c,225,225,3916339400329274881
brain_tumor_dataset/no/30 no.jpg,no,0,42c0923d95ea398b1e00bc74e55fc93c23b42d8a10d623b66150bfbe4c9fbee1,1aef7dac4e05e817a3496f6a49b890c9f2fc84b3afcda460c74f76723e09851e,208,242,4579113481305592081
brain_tumor_dataset/no/31 no.jpg,no,0,16d05c87bffe4fdd3313816728a6bcd3dbf3fa69a337a261937bffff184828dc,a991b7a12ed71214ee0120e45a25dc86e2af553186f857b5e72ad67280d8a67e,200,252,1349763469385739589
brain_tumor_dataset/no/32 no.jpg,no,0,220e62fca790bcec10dd87a812af63ee18019ee2a711dd3101602743e556b07b,9220ddf9fcbdfe50047a49eb5b1a305f4b8be1fd34bebff120ed4f22fabb20b7,225,225,5648553822445784633
brain_tumor_dataset/no/33 no.jpg,no,0,97b98afb01833015fe92bdb99c1b3c3b4837b5d11337b53471fa691d0e0fc0b8,b2745f58e72fd5e4069aa2595a8ac8571833d2159b4e0266881e9768a16affce,236,213,3356983401157122601
brain_tumor_dataset/no/34 no.jpg,no,0,2db2426323e2d116ddfd79ca17da4f0c3861a527eba11414ce1ffe403b5810bd,90c4faafd845360cbfd09f19632147497b4b04463ee87ae31d991f20e6ca6ed0,150,198,5939174392151680116
brain_tumor_dataset/no/35 no.jpg,no,0,f305c895d86e72b70bdf6f2821e2a2b6aecfc7e68439909484bcf3f31309152b,314303a089cd03a3d3bebf93f68982465fc8a3fb2a866737d64d8f374ee90a3f,225,225,3623834449295126132
brain_tumor_dataset/no/36 no.jpg,no,0,29504dbbe42208cd4a37cf150c088b005656454befe4015caa1a94c2b2d7c0eb,422860947a7370673e9f10d40c9b27be86a1afd1bbf8382eafc38af114139d64,228,221,7357283424734490460
brain_tumor_dataset/no/37 no.jpg,no,0,e5c87d653a311de04785f51edbebb5cd06276ca38494f6a056e930f83015c46f,cce8e87b4fb59d8c79ae90de643a8203db5e0e0a73b4bb42effe9c2517f6fa01,225,225,4171657699945815604
brain_tumor_dataset/no/38 no.jpg,no,0,6b8f5ec5f96e63fb543ffb0fef90857004942af0c44839abf5b9ad297b161da1,0198278fba06be5fee3f79b739acc5269c3f1bd2c4ca7c999af3ec7845b1db18,201,251,2111926743563269316
brain_tumor_dataset/no/39 no.jpg,no,0,2d304e407ec526c967006fb16fb1c48c14e2971c54737bbc850d4b62ba3cbe85,2ed39cc6daa76227fef121e3687cd919552874410cad3b708ad363313a942626,225,225,7176013058495155764
brain_tumor_dataset/no/4 no.jpg,no,0,cca6c02571d544a64a480fb01cb9d45a2b5d0211e201f929844745afa10d658a,6d4e0c545f93c3ab169b47a935b7f21690246488827c8cdb3c023e97bd52333b,201,250,5875865726232587520
brain_tumor_dataset/no/40 no.jpg,no,0,3b098b0d2bee33d7fc3864ad7367a71538983f2b06eb83a23d72fa49a7ff5d3c,09393b70fcb61a1299bad46fd256c97f665e2830c41f528825d78823aa77afcb,225,225,3570075288328874864
brain_tumor_dataset/no/41 no.jpg,no,0,3b098b0d2bee33d7fc3864ad7367a71538983f2b06eb83a23d72fa49a7ff5d3c,09393b70fcb61a1299bad46fd256c97f665e2830c41f528825d78823aa77afcb,225,225,3570075288328874864
brain_tumor_dataset/no/42 no.jpg,no,0,c8280173142dbe052a428603990c3124edc9700d71fc33ed07975f164e07db50,11fcbc10ab7e3890752d6a32b8de515b57952b63cccbf6ada00c3ae2da823e58,300,168,3592084985383443244
brain_tumor_dataset/no/43 no.jpg,no,0,ab2d50ea056994dda708a30bdd4b295da8c91653da936dcaa5474f5a077a5ab1,fe24370b7fbad1d4671832b0132f589ae94191d04a324806374726cbb9553a9a,259,194,933209283540423545
brain_tumor_dataset/no/44no.jpg,no,0,d65b09e2ad414b8c2489207954eaf7887b054f6640ce8d03ad3d83bbdbaa3304,24d646d7d0db7f6ed4fd2ce895d86acd1c879548873e89a83d72b7a148e2a8fb,441,442,4163419591608838260
brain_tumor_dataset/no/45 no.jpg,no,0,1baef946656a32a680aea48c0b6536e74e5f9cc5bb69ceeb549b7247dea39184,2696e7062b07582af40cc808c1d7ec35909b89548d5f99f2ed8d7f97e45374f9,356,474,1500484938996002661
brain_tumor_dataset/no/46 no.jpg,no,0,cadc69402b71fdafac567216ada1281c48858cc5bde7b3b941fdf9c6bca09202,1eb7cf5942ecb82b5ff0b4f2d8120376e85d5638ca2d3669a7fd6395c1fe2555,380,530,8305615208806509589
brain_tumor_dataset/no/47 no.jpg,no,0,5cf2ebb7d8f93d7919b38b2e52a8d08a8843fbc3a019e10dda1e5fd24d2b6c9f,3a31dc475b21cd0f059f05699ddad612215751f0755ee0317c78677a6f658542,225,225,6419358843255074564
brain_tumor_dataset/no/48 no.jpeg,no,0,c1e6e2c30cf42eac528cbe34047c9d94568bedabf728d6eebdcaab68a6aeeee0,a939efe53e12508636806a0548de0774a363805f3c1c1cf6f57182fb15f6213d,630,630,3257000639717060449
brain_tumor_dataset/no/49 no.jpg,no,0,a638ba6f81ce54a12698eeb5abda3ad60665ecb817d3d94ebeb5ffc73aff5a38,83aaaf100259fad75d3cae0d1f0acedff5a3718d7d1db32062bd1cd3aac86688,225,225,5351160978979322161
brain_tumor_dataset/no/5 no.jpg,no,0,e89b26e1115b48189869aaf3a7d3272fc90268ac400a2b36728cb106d9867858,8c27b2140d87c2f4ca36dc1d15f414c3851f55819fddcea3b7882df3151ac5a6,225,225,2024074545609784420
brain_tumor_dataset/no/50 no.jpg,no,0,e068f498bea26909af4a8a27973cbcf12680252b353288f2f17f92e6bea663a8,3de32c152527af18060fc9a0eb01b0ede6025f1994ad3586e96c4a47c3e23898,227,222,3803385196324924240
brain_tumor_dataset/no/6 no.jpg,no,0,9519716335d92af19b045426a223124da676fdab837698ebd2aa0026c647620d,7f2c92f25bb20cc189aa475c0e8c21ed0b70b538a33920e2fd6a3276522406f3,192,192,3707404583187450996
brain_tumor_dataset/no/7 no.jpg,no,0,4cfec6cb822f28e3e61f07804637656fa1545a67e0c6e54f38cfea363c33e35c,c30f889c48513fe695a6509aa86ffa7952d40b96e13c1e84b319cf6914823e9a,428,417,3803948146274151248
brain_tumor_dataset/no/8 no.jpg,no,0,6b8f5ec5f96e63fb543ffb0fef90857004942af0c44839abf5b9ad297b161da1,0198278fba06be5fee3f79b739acc5269c3f1bd2c4ca7c999af3ec7845b1db18,201,251,2111926743563269316
brain_tumor_dataset/no/9 no.jpg,no,0,3c3bdbcf86cd640b0efb1f4a95726f65664a2b760cf385302947c2549ac78eba,550d0cb250962b4ef1a0cbf8dade59019a8a5153041d49dbfea6410b89f2de79,173,201,7784314378106331457
brain_tumor_dataset/no/N1.JPG,no,0,1a7acec452891038ede718862dddf209915a51deb0ac3718948c235519adc94b,1af16b025f254c861448bec4d04652b8f81a6850788d507160404fe4f14a5c4f,276,338,4132732122771769045
brain_tumor_dataset/no/N11.jpg,no,0,bbff47f934ea46331f73aff755f7f95f2092f7752e12073be33506a0401194f2,f66535630af6cfdeb2272dbb4547c6e058e4b59ae445ebe1535c82e19687253c,630,614,4381742189562784785
brain_tumor_dataset/no/N15.jpg,no,0,c9d574a467241cb359d2359735e7e00ab4b44579d46454b73c6373ca6f5f1777,55391a8799e783597b1bd4c53b3b72c6ad20f1ef5fb2634151f26d218bdc1dab,225,225,1287496844773833569
brain_tumor_dataset/no/N16.jpg,no,0,bfcce139b2b992882ed67161669f89684eb87db34f22faf7ef5cd54f7f45b38f,9ca4ac0807a3bbd0826a06396a8c0ecbfa9bbb6489ff43bed97a42284eb4478c,212,238,6577024824305857744
brain_tumor_dataset/no/N17.jpg,no,0,fab9adae37e0a120ed7a5bab511576e97182c53a7b76a5fa71512eb2fecd6104,6849ea8acf8659b60e837c2d45f4431f833dbf95efa93a350942018e926c3133,350,393,6577024824305857744
brain_tumor_dataset/no/N19.JPG,no,0,c9687992fb9b08ab473b261f402dcf5c196db74f8f5b0a68a8dde724e6a58280,987c812a794593c0a8b58f1eed8aac0cf015230fc3a1640b82cf95d91a5609c5,230,282,3568632779551701828
brain_tumor_dataset/no/N2.JPG,no,0,0a36fbaeb53f88ba0fb16c0a07e4a0432dcf9915cf6ceee33a7849f545775d0f,ada848fe55c3b27559012775de676961b40d7a32368c9c8a5919e5d6e385a557,208,248,6672969257576835908
brain_tumor_dataset/no/N20.JPG,no,0,094d704894ade3c741e4468742b44b7e404cb3896f3735a3dce775b2ed2f1a51,a698668dc2c44bfbf5aaa6b1cf009d43cba82471119a2624f573d6a2a0ae394a,227,262,1771695166738558785
brain_tumor_dataset/no/N21.jpg,no,0,e34b6fd8d386909b5697d82c506f20094d1fdbde49009baf7dfb2009fa43d07e,9fed845a58f23ea75c16c2f89d701ca68c7780565f94dd913a3fc2fd8e01b9cd,1024,1024,2167961619699284273
brain_tumor_dataset/no/N22.JPG,no,0,93572395500b08348a4ccd6330704a4c37010f0217e2597535ac5e01a5ed20ab,683f3845f5e1a3e4b1f8fead91bc8f1f840f7e6724d34d9ea393e0b71d86d220,276,326,6230247795994069269
brain_tumor_dataset/no/N26.JPG,no,0,219987922e3461efa4e716cb40cd46279781f34e3458f1290c9878f8b06acb14,9125bf84b896351de12f641319c42697532aa1a486a398d6e9401acab313dd11,210,264,7248004974157392149
brain_tumor_dataset/no/N3.jpg,no,0,6a028c0cf05b9ab47b44da36f2e934eaf2810f6c5fd00f98505a5925075d0256,bdf2d8df20ce58b5dea1b6ce1ff839246c08bafd79dfd004f771582588818afc,220,275,2111926743563269316
brain_tumor_dataset/no/N5.jpg,no,0,cca6c02571d544a64a480fb01cb9d45a2b5d0211e201f929844745afa10d658a,6d4e0c545f93c3ab169b47a935b7f21690246488827c8cdb3c023e97bd52333b,201,250,5875865726232587520
brain_tumor_dataset/no/N6.jpg,no,0,0e26eb1cc143b940fe223f1023625355992ee21e77e3ff1ee4cfd5764198989f,68919dfe7ceaa406c0bfc2169b9c4dde4bbdc16924bac60dff531798a2e5b80c,196,257,2710732648219228948
brain_tumor_dataset/no/No11.jpg,no,0,96eb6967090f99bcc7806d2bf9f194abcd66c9de089a1f642c1939cbc11e727b,b139e0fcae28ad639ed2540074d7cf1ed36ef82ad840c1cf598128f4f55b6f94,630,630,7176015257451302452
brain_tumor_dataset/no/No12.jpg,no,0,cc897565e991fd55c19b65310168a2b24bc37201e27634528d424e7b086edd70,d5cbbe1256c58cf25d79245cce21faee2e7e67d9c063c3cda3003e748d058873,472,537,134578979778074629
brain_tumor_dataset/no/No13.jpg,no,0,c86180edf0963ac9a61e0de2a012edc3f91cb13a123cf67a1fc74ac09646409c,eab1eeda798eb5191c4547fb06ccdb98a91b4b4536417d5aa75529cbd2897cad,442,442,3221859916815683129
brain_tumor_dataset/no/No14.jpg,no,0,d7c5a293e3a869733e2f0ed4ec4e1afe1426444e61303c17e07141b7c5932f21,6bad7d1585147284f24fc35d752cd3f50dce273de2c4693881704b962524f627,339,340,9206049806795868713
brain_tumor_dataset/no/No15.jpg,no,0,9c54a8ba366d8a9881e28dea8f4cc3f8e92fc74b2add2e6b7d7dfcacdee09bb0,c8e9a8b3f39810f2735091058c0e39a02ca5370c60e86b71770288c7185b3fbc,393,400,2061262279776299265
brain_tumor_dataset/no/No16.jpg,no,0,2bf7be1a79c255eb26e8cf486567291624472e945d8ec13dbc66cd7a1da68b0c,8c3352a9324857878735861a8276959d46f0c050e75eee8db1e0da7e383ca9a6,300,200,5541199157283982366
brain_tumor_dataset/no/No17.jpg,no,0,9c54a8ba366d8a9881e28dea8f4cc3f8e92fc74b2add2e6b7d7dfcacdee09bb0,c8e9a8b3f39810f2735091058c0e39a02ca5370c60e86b71770288c7185b3fbc,393,400,2061262279776299265
brain_tumor_dataset/no/No18.jpg,no,0,d8534287064d81600cc5db54606ecd3203df242f66abc35ab251bf7e59e84ccb,6af768514c2ab6b4609d28567d61ed8a7c5ffc020422713a7be95efdb8512f6a,442,454,5054848123266558433
brain_tumor_dataset/no/No19.jpg,no,0,5e984e1fb53f99176d490aa0122a7ebe4f5421c3f1dfe2d0e865efe621b67884,9fdd39966afd42eb860930159d7ccdc00e55ed54540478ff367f07f9f6eedbc4,680,680,8127679765702126388
brain_tumor_dataset/no/No20.jpg,no,0,81f4b76bdbd241bab55c0427ad2dfcf4a54343866536cbb88657d05d2c1b5e8d,91ec708e6345187e7e6cb79d8f506804299539768c93c40dad9b190d53558a60,468,444,539877243454380577
brain_tumor_dataset/no/No21.jpg,no,0,4e5a4979e0026611c370d05a181fde37f9f74ebb5e4669b1dc7b5f015292ffe9,504cf37dce31c02e1c6b1e99733a67d3f08d3c9483d98f79165d2cee46add347,442,442,4073052684915797537
brain_tumor_dataset/no/No22.jpg,no,0,3ceab6190d93957c6ace30db10bece675890215a08249cceaf72a3eddda4cc23,84496f2b562de7b5ffab87ee4e24c778c46e69df2c6a934aa6b4af6eed65575e,359,449,2110800843656557764
brain_tumor_dataset/no/no 1.jpg,no,0,a638ba6f81ce54a12698eeb5abda3ad60665ecb817d3d94ebeb5ffc73aff5a38,83aaaf100259fad75d3cae0d1f0acedff5a3718d7d1db32062bd1cd3aac86688,225,225,5351160978979322161
brain_tumor_dataset/no/no 10.jpg,no,0,85d9aedf6609d558555496b9e0e95bfac819088a73e752f5935a4b1b14eaafa2,79bff1fc200032db892a2bd9343a55322495903f39d07ab4d25df451ec37703e,750,750,914703403338046264
brain_tumor_dataset/no/no 100.jpg,no,0,971b1ba3120ce3115241c128d3cdcbc67ca6f33dfed050c4d03f3fe3173796ac,1902269e7e57107f2635fce6eb02fb789968bc5c23093a302b4b7ad9db218eb4,225,225,9098199849345366128
brain_tumor_dataset/no/no 2.jpg,no,0,0975f3c288be418a9b229db3fb27be55373bc0538c93672a9bd97ad23bd352ed,96dc1ea3df3a481c9959598a38a12ce3ad1fe7159bb523a0c3cc7df71d2539fb,232,217,4842678512563997116
brain_tumor_dataset/no/no 3.jpg,no,0,7bd4d5d58606af2e040836ab4dd73e35130ec425c538d619dc514f5494d84c39,69f020ad229e313caa6d2ba04285a8fd070c7bd45d1759c9ad22a89902c98500,225,225,6562365620389625460
brain_tumor_dataset/no/no 4.jpg,no,0,6a028c0cf05b9ab47b44da36f2e934eaf2810f6c5fd00f98505a5925075d0256,bdf2d8df20ce58b5dea1b6ce1ff839246c08bafd79dfd004f771582588818afc,220,275,2111926743563269316
brain_tumor_dataset/no/no 5.jpeg,no,0,7f77955933dac2ac225f48a46c956d42c2cd8336e33e0afc88c798a3ab17bf72,c56cfebd3456ee28a9a5ab7136fff442f274e436ec1fc606c81e3d1fefaea24e,442,442,9098199832165496948
brain_tumor_dataset/no/no 6.jpg,no,0,f215d878500f122adf52a6e15d62144cd3d433208061903edfffa64fc6cd71bc,c538789cd768bbf8bdafd3a4a130e463f0884af9e619531d829e4187d30b08b2,214,236,8510212282065095125
brain_tumor_dataset/no/no 7.jpeg,no,0,96eb6967090f99bcc7806d2bf9f194abcd66c9de089a1f642c1939cbc11e727b,b139e0fcae28ad639ed2540074d7cf1ed36ef82ad840c1cf598128f4f55b6f94,630,630,7176015257451302452
brain_tumor_dataset/no/no 8.jpg,no,0,7e606d5851ec154ea6758b051d8371f5ee0cfa0db8da2e3d6bad68713e480421,cdb365489d1dbf33a11d323602812a70572e4096b4e4ab466558b6f2828b2f05,642,361,3592084985383443244
brain_tumor_dataset/no/no 89.jpg,no,0,0e2f7a4ea3e0124e19315ba6379746b9209573dc78f4ed28e07451c4ec1e34d7,23ebabab03840d54e05602665447bd00f9e794ee4a5b913f3f0422e702927258,504,540,7373071827617135412
brain_tumor_dataset/no/no 9.png,no,0,744e69af8593f89a1e772aff23b8b52beef043f419337b5514ad90f4e0af748a,fe2f2e15fbef31937a7350eda86d06b7efe35058104c8f17688f0506f83bb4ca,1920,1080,8693752568936269433
brain_tumor_dataset/no/no 90.jpg,no,0,1db0e714ae03db2fa0a7da503b02492ab85607715f4f221772cec5ebe1a0257b,8ae4ddcf7ac3dcf56f0398a821dfaabe2667af908eb3b5522759b707cf3bbecd,420,280,5544817443069631289
brain_tumor_dataset/no/no 91.jpeg,no,0,958591875ea6906d6105e0826ca15ab9298c090e8649e6d9ea23afbc7724fb01,4b28a53817d0da69153d71be73ea818aaa6ac48f65a8dd2a5d84a6225fa0f94a,400,442,915115308421380965
brain_tumor_dataset/no/no 92.jpg,no,0,0223943a2b28b7ae5e7836f590dc9d3576b2b80202392a3692f2b4df830ab50e,af848889102601facd1b908c76d3cbf1ac5bb5681300d7e5a97893261e5d4a11,206,244,4371606203272078164
brain_tumor_dataset/no/no 923.jpg,no,0,760138854027be6db66e4b16d4140847b3ab2455bab65ffd8cd16d1a57b8f1ec,7dc5473174aec3ca64789d8d27423520862e2e51a761cb1afd593b6971209437,225,225,8773699867272490788
brain_tumor_dataset/no/no 94.jpg,no,0,e4d9d83f89339366f4f77137d440a4c3b62e799a482ebfa6c79c9209d47ffdc9,34eeb369fff52f1ad84bba5d77da167a26ca5249293e3910bb04e8af2bf2ba25,630,630,5351231347706722609
brain_tumor_dataset/no/no 95.jpg,no,0,f5c726bbddf4d79e8bb409819967264cd5b591e23f83d1ec78e3c847febda891,bdce5afee31c171c25454a01878f49a2bb1d2887df3eee350399b383513f8cae,275,301,5926245620724280641
brain_tumor_dataset/no/no 96.jpg,no,0,10546b7ed6867429b6685d4d246dadf04b0f66f900ed197a68bd9f8a29e40ce3,81fe68a9e2fc315e9710282f606a670778130998e1390a3144d9bf5b31bd4065,550,664,957891829971232624
brain_tumor_dataset/no/no 97.jpg,no,0,f1db26614acae6725b58f32253c4197577bdc8a980e422cb879f9d88d96ee2c0,b12ea55157f26c262502f57f8eb5ab13ef9aeac065eed940af6c87d362ad9300,442,442,8689239850524294756
brain_tumor_dataset/no/no 98.jpg,no,0,9f1843e9d1a4ed476714ed37cb22b406993a1e05b6a0869f052d46ad1e287836,d2c5fa3041f75490b0e39bc99aa8a0dcae1ad09935b20758fe4d73ae9e58581f,728,725,6450955211574492257
brain_tumor_dataset/no/no 99.jpg,no,0,79d7586597473b154fa184970a2b90b41dc65e931356111c1a57620cc0ebccb4,3652939af3cbf768ff328bff19516311327782dd22d50300000e22ae6165926a,409,442,5124905264305744148
brain_tumor_dataset/no/no.jpg,no,0,bec663631a5dca91b2d77c983e42d88d431441669218d49b1c6f09c4bf8a2a82,03d5e5c31d9cb551d8e72ad20ee33ef851d7dc57431e19739286f84f8ee5aae7,512,512,8773682275086446388
brain_tumor_dataset/yes/Y1.jpg,yes,1,27a43972bf6b6bb00fd071791c3925f422295c16f881ef8c395a9534f12cf0af,174f6b1339f3388fd728daf11bfb700a914610a67bc43498ebd6e30ba4066671,180,218,1505912650946460721
brain_tumor_dataset/yes/Y10.jpg,yes,1,3c09eb1b7864426759bb99fa4e4b3acd0973871cb67a9c85066431091aafad74,d6c7145cffa1d9b450905160ed7b9b4579c864eb77395fc69813e5e6b74e495d,319,360,4735539395466180948
brain_tumor_dataset/yes/Y100.JPG,yes,1,00aa87e56bf59778ed1756c3cdf29d5c44b91252c278e85057b6112b8b849089,bd342fb9cbae0aaced0b790162fd2173c66f2b4d4548d7c8f56c07a655cdfa2f,287,348,3678902802311826196
brain_tumor_dataset/yes/Y101.jpg,yes,1,91d3a5eb7904a8699a5e2c6cf54660dd777946a00629e7f216d16d18e652e927,6457a0d2fb6d07c823c7897683790dadcd05fe0f3d6b5794eaec0db3614d25fa,300,336,7407033370748467984
brain_tumor_dataset/yes/Y102.jpg,yes,1,7c56acddf6dd78be158f2995afd04f9365b4fee88b07cd8bc37011e329f839ea,14bf5c21f2e2bd3d8df1cd9392c49d770ff1b9de30702ea7ae7aa51095989b2b,587,630,6563516443142215940
brain_tumor_dataset/yes/Y103.jpg,yes,1,f010698cbecf8c8540f3e633bdac03b51f5b12bd06f1296c372fba7aa19b96c8,5a9dbf470b9fee34a2f5eaa783b6e548ace139ae5202b6c900100a5e049baba1,825,993,534553401177475412
brain_tumor_dataset/yes/Y104.jpg,yes,1,ae6296325b0ca772eceef61bb217df54df4d8c060e9f14575b38530c62856e5d,b2947db09a9f0865c5bba5132065f048a9c10bcff08788387e778aa8d869cba6,700,890,4177487968850744260
brain_tumor_dataset/yes/Y105.jpg,yes,1,e3cf525b6b42cbe32089de242ab5ea853e0f39daa747e86673ca1f6e78dc0069,8dc2f105b420d03e79f318c43a9bc8b63105f57cd452b4de3ab53998ee2c0013,205,246,4151796293460110404
brain_tumor_dataset/yes/Y106.jpg,yes,1,fa097654f17421e0fb99da75a11e5aadef93f67642bce6e9284224b7476e0576,e65196e57bfd4c7219cf47b8ad7d499c70a0d8e86ea443944e6faa6447e74e75,200,253,5084030077260028225
brain_tumor_dataset/yes/Y107.jpg,yes,1,dcc31f03c9b97631576f94a02a9783643ab2a29e3e72956dbf308cbfa4bfaa4b,ec29cdff7047d7ea62b34c125bfb4d183e75d1102f79ea2672f3383533776599,512,512,7820328740629122657
brain_tumor_dataset/yes/Y108.jpg,yes,1,a52bf95251106e5164b9ff00ac98e65cd23d6416ae2d9253976adb4469dc13d3,e30545c15b64efcf60c0cd2b7d635d3af6d842df4753ebffd331d1363ba601ea,1059,1200,8701873251009903380
brain_tumor_dataset/yes/Y109.JPG,yes,1,0f7b997ab55aac23f85acc19a7def64bd62605c153f7b60e79f3610dc39c1a25,ebf52743e53a6c0f3d9648a0eaa600ee8b1afb0c758dfa83a49b45ad8852933d,258,279,5903335070558659880
brain_tumor_dataset/yes/Y11.jpg,yes,1,58b1e2bdfe9808ed68e5ef12260dd6e76a4f9424a75ba9060cfc32ccd1de0d48,672fe2915aed29f9bab68d43b1e27356953639bb442aec4aa5abf3c61dd3ada2,400,369,1277903513099990129
brain_tumor_dataset/yes/Y111.JPG,yes,1,7d3a903c571970fb12d8d988e4aa4c45aa36c56d02f7497f006089f750f9549e,dcc6ad68dcf64338d943273c43b66e9dc03f5aac2a7d5dd1e2dc57ab0cabf219,272,324,8592695964014311204
brain_tumor_dataset/yes/Y112.JPG,yes,1,e720f125defd3a59d3755d9af53255792a745675ac26ae8fff1ef8495c6e80f3,8a7b8d8d0ce44d78c292dab54e953a2abb51a20a1e08ca691cea5bc3725bd729,310,366,4376631853431390593
brain_tumor_dataset/yes/Y113.JPG,yes,1,c462139e87fd54e1361436bccc30bde0a84c2a725e3b11fb8d9206d267fbd27e,8e8573f713142daa6f4405298dcea24cab9de55ec3b55f843fed097498c8268e,254,312,7209705267883896261
brain_tumor_dataset/yes/Y114.JPG,yes,1,e1bc386b0834dc6dcc6c38afc5431834b4cd460df74e2d0479fa5a824c979459,948659a58aa090fea9f4e54c0c7d13cc5a3e10afb8de705c2e3b9699a6e7d98e,178,249,2060081059667273221
brain_tumor_dataset/yes/Y115.JPG,yes,1,8e50086f244936da09ddcc3001bdeb27ed18c03ff94ae4a2b507f7a27225cb29,1698e358015b2ecda49464781e87202cb625b72cfe0d2bc1e392f949afad6345,260,298,2636316464724534789
brain_tumor_dataset/yes/Y116.JPG,yes,1,370b20ef332e8a9895b8066ee2012f626b285b87310a64e84af0a345b9933c2d,6d968dde7850cb6817e1e97667e3b30d17deb0084fdb32fa466b3d30ab5b169a,249,269,2530818872592723009
brain_tumor_dataset/yes/Y117.JPG,yes,1,f7a12e5d06d49c862947d4fbd07ce1af5e381522ed02a700463bf0dfb212b478,0e73f125d639eb939b9fac62506a72251c106ac784c139c3ffcd160b58b54d03,246,310,2744485868565326097
brain_tumor_dataset/yes/Y12.jpg,yes,1,8401fd725d100f99bf5738f3998fac5c180aa298861ab5a454929286c1bcadf1,56562a6e44ee836f84a036e2e76a09f7d302082181f58852651d2c48646ccc2a,377,500,215749386083252817
brain_tumor_dataset/yes/Y120.JPG,yes,1,4701c1a80ad7fb1ada4d2fa328ebddf79c6dba6aca9600ad99bda1c97eb64182,dfa19f73a09806cff5b8b3570e9ac156041cf5c4972375230d5bb22c82540be9,224,245,7096597991510537265
brain_tumor_dataset/yes/Y13.jpg,yes,1,88c7273fc317954e0a250da9c9a2688d8e949ade73dbbb77e19bcadc1b145dc3,329f1df4eb53b0530dcf747e4459b87e11fc5ea7c4310a090dbe01f5e925ac38,254,325,1835906770263174596
brain_tumor_dataset/yes/Y14.jpg,yes,1,bc6792d845a930da5325df1a274ee812e5ea5b1912587da44ae451d192a8c4fd,a5e234d76031e70468a449f62a7b79b1a736d1c987ebe8c17ffa0c1c1d61983f,289,300,5705510118426948688
brain_tumor_dataset/yes/Y146.JPG,yes,1,e85cd56865119207a735383df01b557c254ef04291aae53f944b196d7240b528,35a85607e878f71298a48027dd27c67c1dc264b6d02f6396bb73601a2e60fa93,311,355,4484678662099042721
brain_tumor_dataset/yes/Y147.JPG,yes,1,a811436248b91154fa4c4ea04d0de367525cc5811003cfb0991bc9981aeeb0fd,a645b290ac12124164b9b27be07bbe9f4d5a44e51a551a6ca26321867a0006e9,321,352,9145113972095320389
brain_tumor_dataset/yes/Y148.JPG,yes,1,f81cb097ee26c6ffa311a9c1c0be5817bf2a5526ed638dd1412f0dee868534db,6e1ac6b240112e9e349b67bfeb2bba25e352480890399149effcde0d3f6b8f5f,231,283,881842889193437216
brain_tumor_dataset/yes/Y15.jpg,yes,1,8c9eb9ed6af955f9032f1fe3df6acca37ecee613e4ab1bc0bf5d66e327874c3a,6c71c752f33946a433918eaf8039299a42b2039a5a095c0e388f56e9766ac020,310,380,502325822142574769
brain_tumor_dataset/yes/Y153.jpg,yes,1,2b8f8b25dbe4563cf1c196d49179836eb886537bb722496804605e73c0acfa70,4b500751557f10159179da0bf35abdbd125e04d552884e8115db912c31f440e5,300,359,4151796293460110404
brain_tumor_dataset/yes/Y154.jpg,yes,1,becc758666799e37b9b794ca8771c15c076cc0db5fcd5e142f51717ba19d0493,665398dd64a3482917a9fc377bbcbee957e0f4bf4e48a7d49fb3c6bfcfdd73c9,400,431,6532798353264358992
brain_tumor_dataset/yes/Y155.JPG,yes,1,a782a621062fc81184a822fdcda99fd79ae95ccfd24c153c0575d4d51a6b9025,bee7fbae3117d9c6ec199febf2621f2d3e0de2906814a8374dc6f45d0bdccde5,310,355,1858115810655563988
brain_tumor_dataset/yes/Y156.JPG,yes,1,a4bb0592d850620721bc243e0f791d54a04e03d3d31e89eeffa6273b343dc661,d654ecae46e168daedc31ec1248a263131bfce6758d1622f0ab6f39e2a22def3,286,370,5123742800277040656
brain_tumor_dataset/yes/Y157.JPG,yes,1,3480d23ec7849a5fa3bde33d5c4309f5b748216f38a111eb0ae2276dae15e408,324e1fd6887615bbf9df92946ff501fe5261ec0aa18bc0d1d7fbefeb3a4c2de0,232,309,1484582581980178772
brain_tumor_dataset/yes/Y158.JPG,yes,1,4b4dac686a5833b901c8e7f4b776d8659b2d6841bba8f38885621bf056023cf7,1e2adee64d6c09c9ed31a05ad463ad803ca8e4b5163f7764753595f0d15241cd,283,334,2790915087877107012
brain_tumor_dataset/yes/Y159.JPG,yes,1,86bda4b0e76084623a2335bdc48d95e08c11c14bdca57edce333dc58f65f863a,78e97d3de70b032f0d206a290be5a6f5b64f7e058d60e0ef0331a2f58438a43e,303,354,3781991157184861233
brain_tumor_dataset/yes/Y16.JPG,yes,1,d6321c1d40a6e6c1d82f27c84ed324039c083ba41628ff9ba8d3b3cb93adc919,44a9fb3b86cdeb63e8858c40ac79c109d89382cfb30fafa7eb703449c7433ada,313,360,7248714533083748692
brain_tumor_dataset/yes/Y160.JPG,yes,1,1b188f3b3268a61f26a7a9f70c5f244adb5242b9fc93639761de0a4fd29f6d07,cd7814cfd9f4006cc37117d886dabdeb8ae27fcdbd9248592df88b6f54fd5bd5,297,348,2660302563272505636
brain_tumor_dataset/yes/Y161.JPG,yes,1,a9a52ad93afdcc5688a30e8e39a6b11a57f29d80bdded489bbf01e906cd85957,02d44c020cf4c1cd89ed4d99993d51a579549e2766ae4492c5d714bfd34f1038,273,351,2753409522921515284
brain_tumor_dataset/yes/Y162.jpg,yes,1,a52bf95251106e5164b9ff00ac98e65cd23d6416ae2d9253976adb4469dc13d3,e30545c15b64efcf60c0cd2b7d635d3af6d842df4753ebffd331d1363ba601ea,1059,1200,8701873251009903380
brain_tumor_dataset/yes/Y163.JPG,yes,1,13622753872a9c372a2aa6aa2ab55df1ac89abd4adb19b9136be30466804976d,917c2b80ad1d6f68ad73193c916a97ad9f0c1631bfa2279f7e1a3f4cfab69e69,270,316,6218155581538835537
brain_tumor_dataset/yes/Y164.JPG,yes,1,f4a7b91418b53b363d1fa350710433962d273e06f8de4d2645133da9b22969cc,2e4022fe7fc53cf77d62062f18e14f5ec77c5547aeefa8b7a119c531a7b7881f,264,336,1430547621044817349
brain_tumor_dataset/yes/Y165.JPG,yes,1,72814f8ef18fc32ed5a8aa78d7d03f2a8e80a9ef1e5374b1e302de828285c8f0,4833565f53ed51543091352a222ac98b1c6096441861c9c035127a80fd460257,223,303,6669638625194949889
brain_tumor_dataset/yes/Y166.JPG,yes,1,0b2d04f189d1d98d760475723f17cbf4f3796efbeb1969ef5b239e6c051699d6,d8ca4bf52dd8bfd65a1c7c7287a0dd292bbe91ed0ccef71d5b327b80e4802939,253,291,931687088346724689
brain_tumor_dataset/yes/Y167.JPG,yes,1,7a2b0e735ffe47bf7c204b4317c1e3d3c9b50fef7b5dbcfe9e31b5bb858cda78,1945a41778e1fcf8341500525e443c5347977c28baf26a0ced32f99534edd898,272,350,442738721886304442
brain_tumor_dataset/yes/Y168.jpg,yes,1,8982ebda6db4292b57d451fd5f399e4193ba33fc0c7139d9f8d2fdf7e7255c28,b9f9d5612381f7fcb0a7403d37521ff95c4552a276dc1afb02f2739e62a12d10,263,300,3588830259739244865
brain_tumor_dataset/yes/Y169.jpg,yes,1,88c7273fc317954e0a250da9c9a2688d8e949ade73dbbb77e19bcadc1b145dc3,329f1df4eb53b0530dcf747e4459b87e11fc5ea7c4310a090dbe01f5e925ac38,254,325,1835906770263174596
brain_tumor_dataset/yes/Y17.jpg,yes,1,bc6792d845a930da5325df1a274ee812e5ea5b1912587da44ae451d192a8c4fd,a5e234d76031e70468a449f62a7b79b1a736d1c987ebe8c17ffa0c1c1d61983f,289,300,5705510118426948688
brain_tumor_dataset/yes/Y170.JPG,yes,1,6a069b3d733eb11d8b349e24cff3b0e593365e4be4812b810979b2481408f567,c4c16cf7f307a18cbe12ac00017cd52b033018e22ca43c563efd8b38ebd6dfb6,290,355,4772790775059669445
brain_tumor_dataset/yes/Y18.JPG,yes,1,6c8b6e065bd3146d9f63a2265701ea126ff0d321a7f94589ef5279af24735982,4c4af743766a62e14e2ae1574ee830f224e8414d4ab32780ed3c944b3dc0539c,279,354,3806456745156359765
brain_tumor_dataset/yes/Y180.jpg,yes,1,b0d3c2da527816a2da94ce118bf38f837d191cf06b505b8a3ee5696c49d13cd8,cc2def01cb2188f2259d52542f05b9d6c76fc11db28268ba2c61ca2fd4f46854,467,586,5465499027329110407
brain_tumor_dataset/yes/Y181.jpg,yes,1,8c9eb9ed6af955f9032f1fe3df6acca37ecee613e4ab1bc0bf5d66e327874c3a,6c71c752f33946a433918eaf8039299a42b2039a5a095c0e388f56e9766ac020,310,380,502325822142574769
brain_tumor_dataset/yes/Y182.JPG,yes,1,1a8bfe88bf24a2f668ffda027f07e00f91e5ace68f7df9adb62988b6a8b200be,5aad9032ce847fbf5fbef835461e111546a72ba7e2e2b207f59845a52082ed85,273,318,4961299837110285333
brain_tumor_dataset/yes/Y183.jpg,yes,1,46472abac1ff15e3151ea6ef3098e565235ea01842c0956ef742fb90e9291454,6f83510d9f035d7a17efffccb9603239c49ba14dce10dbe0e25a3358e63a2ffb,300,347,4897954283573574725
brain_tumor_dataset/yes/Y184.JPG,yes,1,9eab71b093450cfbe63d615e4b7842c74a107ee1c8ad861e4477030ce28fb1f6,66c14a914a8d149d4c415d36fcb7607883eadf549c938a8f5a3647b10c66c81c,189,173,7870713848909273888
brain_tumor_dataset/yes/Y185.jpg,yes,1,a89a5d4ea98af15a383ccaf6cd960384440243745dffbbac2f6415edd81fc12d,b3746a8061ca6e8a9419d1e04a5e966bb01d15138d57b73c8695a823ca51540d,318,380,1625613091196381440
brain_tumor_dataset/yes/Y186.jpg,yes,1,3823fa4265917a7474cf6ee3ba3d9ca64f85034a6d9e4e732303b9c59e669608,976659c77cc9b2679e77eb492592dfd66045319538e6f68604e0027b237cc949,355,450,7315609339810036244
brain_tumor_dataset/yes/Y187.jpg,yes,1,f0a9643903d4281c3c2d801a4394e2f59b1e89a0d098137ebb822cd0b6f53fab,e053ec244029604025f96ede330578d3dd50e9641e4ef8364e61b5f9cbde33f4,206,244,2182910665251643856
brain_tumor_dataset/yes/Y188.jpg,yes,1,5e62f03b25850af9f451a03bdf4b9d72502a8f7936d67143fdbe14cf9fc57782,148fc8d2e5f5425e1305b90f17abeecc0be0f939c72a38bdedc2239b5dd74575,766,879,4097001305735193029
brain_tumor_dataset/yes/Y19.JPG,yes,1,6d94988b43d92df8186f935ec602155dd8e465822045371c137040c5757fef5f,f8b081d13042660a736ea3535411752118892f3a03e6083f3b1e09a2c4ffea5e,297,359,3804213604063542805
brain_tumor_dataset/yes/Y192.JPG,yes,1,1798b839664a659d7e79358775c917f096226f4f8fd6b43059499a5d8e8e9793,85219c6f49438e2d908c77982d59a335d805971a4410f96bf793efa844b2a340,273,342,1974631414409420908
brain_tumor_dataset/yes/Y193.JPG,yes,1,adfe80b2b531e8b1efc0246c801ef28bc6b038b0756091b51ec7317eecc9d3e5,beb26a21459fe7faa6b3ead6bffab7048069b39d9c8f44fcdd371f6a8fc7cc8c,262,351,5988202538022485249
brain_tumor_dataset/yes/Y194.jpg,yes,1,0ec537e621f0f4d0376c489b32d7760148f939c45bd6199b0f41ffeb3e438675,664d62c750b5c76bce37e6b7496f70a9195a139c893da9e2487cf441bd622dda,256,256,7191769815164087396
brain_tumor_dataset/yes/Y195.JPG,yes,1,ade22fa7958f1d0a467a981e7e2826d779d786de97fabb530477487baedb721f,7b410517b5262c81b8cbd2a606b2b730e4aa41b2f4c405c406d0ab497a375fad,314,340,1799559656858283204
brain_tumor_dataset/yes/Y2.jpg,yes,1,d1edba4f1b753dd7d9a019e26e2320c51087b8a9f756ac400844d5ecf089b46a,681e44e7111a482ff90f70efd6cdf2b884d671322604ff93c091e46b55b2064d,209,212,8325825504929003888
brain_tumor_dataset/yes/Y20.jpg,yes,1,ae487d861b32ea3e4f90c029829b1098b4827adca20a4496d28a8e2b110fd733,e4b5fb431fa83fe3325066eb759c81db20f475ced435bd84861ea127e8c70826,240,300,5429673664568846612
brain_tumor_dataset/yes/Y21.jpg,yes,1,76b82eab2be11768b98975181244ead90052dac915181552c8ac3541ef32a6d6,e47b451baa75405ff12a9ec02887a268755b304791cb8555636959ac66bba7c7,204,247,3245745811168634452
brain_tumor_dataset/yes/Y22.jpg,yes,1,abaeb9ec135197574411b2e0f7c4f25c0877ad45464759c7bc6e434d650c60a8,ba7c85d72891460c0c32f51ed8d504725d9dda15e3113101de475e6c66e53758,294,380,7034061778676644241
brain_tumor_dataset/yes/Y23.JPG,yes,1,ad5145082de2ebd1fb18af4ea4a95afcc3c4bf3935833bffd999c9c6848748c6,9ee48c5828a8709f5ef88d68b1ebb72d39b89abdb49488d63a45eede5fbb7b04,272,277,7826747951014304036
brain_tumor_dataset/yes/Y24.jpg,yes,1,7567ef69a11ba55678cf30af490ee17250116745dffa879dc2e3aca4b949003c,9ced31742602b954a0f27c4af431f52b61b194b39f32ab94d3442ac50cffcada,1024,1024,3610516752149736580
brain_tumor_dataset/yes/Y242.JPG,yes,1,cab80a0ea5bbda93ff1abe2a0dee54e6ca99c3329af1af457ace0e45f46d0679,2f0019ed81ac1f1e20cb097e01ef675244c5a5c79cd53252977cf1ac511696f4,279,344,5075106453173844369
brain_tumor_dataset/yes/Y243.JPG,yes,1,2e8e5db146be404dbdc24f2737c75b5ec7fe1e6f82f86faef709c01c962b5b35,70fccd62038f1e8f3fcba827e8b0f332f75bc4e329d47d979515a6fbf63c607c,272,331,2088088764814221761
brain_tumor_dataset/yes/Y244.JPG,yes,1,8f1834021d381e2c0371bd0a79b2d6e5faeb4060729dd49ba608e10b450cd12e,959996f9fe085b2b9492407c9c980e67949d6604f8916380d498a29ce777c481,278,351,1800109686612233396
brain_tumor_dataset/yes/Y245.jpg,yes,1,c367ea4f16ac06d6d1b79def08021024a1cfe3a7d36e9ea6537f1f7ec06de8ec,4f79af97ec4fbfc7351cf3701e43ab63ff4dfe692acf75c53a5ead6c689e3148,213,237,3730770660436102737
brain_tumor_dataset/yes/Y246.JPG,yes,1,cc6d23e897ded38ec2fc7e6893da1c2e2bb83ef97006ad3cc17c5da6de9edf9b,c6f1bb114ffc0594d49c3991aec03ef53c6d44506cd552baad1020f821d80648,294,355,3907454242750410180
brain_tumor_dataset/yes/Y247.JPG,yes,1,10e6d731d447b374a37741f9f80585a2a2ce92e0f69636c27ee69739d0c7b7fc,1a60d983296b4d7d88bdf016ec3acdf6928f4db711a3ea5526b312c1dddbc2ba,248,338,1795887564136262429
brain_tumor_dataset/yes/Y248.JPG,yes,1,8d6c1b4cd984419b60c39cf4b70a7e6c7d67604f2e386a0113c6a85427761030,cb8f53c3357a4a0e42872730b58542f2383e40fde7aecef167621531ce6734c2,289,315,4092894590954011409
brain_tumor_dataset/yes/Y249.JPG,yes,1,b26bd519d43545c036300b2ccf97ad573a0d34da937b70b0e115a50b09730b52,855d979d8c612624fc2b4f9c12f4c72916c11f1ec2c01978ae958b147375038d,260,331,5282184544398101253
brain_tumor_dataset/yes/Y25.jpg,yes,1,728b7c8bdd193b36f9cf15e8eb10647b6598ee4b3e351f46c04ccec71904cc8b,b5652c67f6bda3449f096aefdb53a17151b4534699691a442597498151362ad4,504,630,445312909546634517
brain_tumor_dataset/yes/Y250.jpg,yes,1,839960129c2d239176e8fc23b89226143fab17ceddc05f0dc6aa433d675209da,a9ad252451dd83369e64751c361e0394fe0f2c117c56915ca089ba9683fffdab,213,236,1114178259079219988
brain_tumor_dataset/yes/Y251.JPG,yes,1,bb935cc3d5fcee4622df24eef07ea31232ad6b6c0b6855fb3660824573fde3a3,74b93408ff406b590048dede0d5accd77ab671e9e5f2b589ed6c85335f0018b3,278,349,2170480612944536005
brain_tumor_dataset/yes/Y252.jpg,yes,1,41875c6939d7ee37bf1e432a2beaea0ca394264d1085949d29199fcd0e49fb72,47f67e38e8ed23e7e9aa76825d01d8736c7ef0739f02f22f8a63fab50996a2b7,197,256,6561727314268811269
brain_tumor_dataset/yes/Y253.JPG,yes,1,b2d81d163bb6d91404fafacaf37140458467258827574449982864e387137ed8,107e840154e2bb1240e59ef9babc768dd600251ff4904f40304920972ff5b706,283,338,438636941683353937
brain_tumor_dataset/yes/Y254.jpg,yes,1,46d0b280b7be26b59b66858c75c7a789892f47b7703fd472245105633965893e,078b62143609978eff9ee30251ed34d52c9e799ca00d04fdf166ff0d2d7644ba,201,251,7169477364349416848
brain_tumor_dataset/yes/Y255.JPG,yes,1,7f2b3578b65ec9b6c103d67e6eb643772833966e81facc2024c6fd6c9a5f9c9a,0a75a892bc44b017df86771ab2715c5bdd8bb08b1aa019061f6690d8cd1b9861,283,295,6203800288070558993
brain_tumor_dataset/yes/Y256.JPG,yes,1,66147a7d68e4806071bdae43b1810f6e6027d07325292e805eaf6b39793fddc8,74773d0c8f97c8872d42e776ebfd53b29635c3b80b6f888a440aab2c81fd46fe,281,352,8411348113753516337
brain_tumor_dataset/yes/Y257.jpg,yes,1,bab9f575d0033ff21cd8e2f58724bf29ee99a21a5adc5bd4aaf9b7e77abda170,89810c9f9da51413829ef3ab0355af8a0dcce6507f1a0a77b0c4a5c7563a9e86,781,960,1625610341079147585
brain_tumor_dataset/yes/Y258.JPG,yes,1,065946b4f95b37cae74d49986a773bb128943f5d605afd749c796d919528efb0,7e9ebe5e3006d2fbe31f191b04bc1b099ceb8d289e7a45f10077df19187a9021,292,349,1017590291209453969
brain_tumor_dataset/yes/Y259.JPG,yes,1,3b6e1cdd42dc80c61ebc901fb874207998de24e3975f6682504fa88c3385ba62,c6af3a9d8e4547cb522bd945a82a7cfebf121b93fe7f50299dec705348fe36c3,278,324,4860740630563675249
brain_tumor_dataset/yes/Y26.jpg,yes,1,b8a8b00299f2da213c874ddcaac9afdd8eb5b7cb243706acc82812a504af8c9a,6b41ec7a12d3954aab0892e618d76036efb4a9977a9a0a639d39aac312bd1e66,628,630,2057952319143505092
brain_tumor_dataset/yes/Y27.jpg,yes,1,156ecc9571f0941541c04f90c4878f09c4717c79ddcaa72bab06f5a4007a085f,37620b4b8c65c53aef47fa09e10df9ce20dcc41ebded86ec8c2e37b0a99946e4,630,630,8762124677045303681
brain_tumor_dataset/yes/Y28.jpg,yes,1,6d6496cd067b1f66c46e0ff1c94d118cb8de27043fd662616053e86e367befa1,0da7ca18162b012c5e65e29a6521df3c090a0070342516591883801876f8a8de,630,630,6045552893259291489
brain_tumor_dataset/yes/Y29.jpg,yes,1,a2001b87954a57a137115e23b5109005facc57fd7ac4f472616c8b8f84c85aa9,7c2aa4a53c65298f5547d4782c6cb9664113aa34ef5141a7028d18270cf092ee,630,630,6228842511525162164
brain_tumor_dataset/yes/Y3.jpg,yes,1,d9f1ab1674e26c522d2a2dcf1f4f5d818584d2334bfb86bc1a942596b1f9fe4a,5627ef7310a2d5775b2633f1fbf4eaa77ed8bc83a83e663fed0e7810f833b7e9,456,519,3574540538338883920
brain_tumor_dataset/yes/Y30.jpg,yes,1,0cf3fb8cc340eaed7e2736e620286238b2842d7c84a4d8e70a468c763efa61fa,69539671b91647ea6da6be1be361bc4b6872f34f9bbd3c85f1cfa5443a838320,300,325,6230822427000128785
brain_tumor_dataset/yes/Y31.jpg,yes,1,5249365945e24fa9b0ff7ec8c972fcb248fdf6ec357e7e1d845d79dfc43c130e,ea7dc5bb1a8bbefda642a5a5ad32d5c79f6decb6f8d7a0441f0b3912d8df65d7,250,294,4848994353658018900
brain_tumor_dataset/yes/Y32.jpg,yes,1,feb7111720d9d553db2ea7f63af67e0e506dacd5ad30eb4bfd7d98064c8f39c7,adbda2cd245abb1f50d6fc13b63018dc3d585ae06229465743f8da20dd011023,526,555,4772442835396099393
brain_tumor_dataset/yes/Y33.jpg,yes,1,dcc31f03c9b97631576f94a02a9783643ab2a29e3e72956dbf308cbfa4bfaa4b,ec29cdff7047d7ea62b34c125bfb4d183e75d1102f79ea2672f3383533776599,512,512,7820328740629122657
brain_tumor_dataset/yes/Y34.jpg,yes,1,8c9eb9ed6af955f9032f1fe3df6acca37ecee613e4ab1bc0bf5d66e327874c3a,6c71c752f33946a433918eaf8039299a42b2039a5a095c0e388f56e9766ac020,310,380,502325822142574769
brain_tumor_dataset/yes/Y35.jpg,yes,1,8982b5de68ff551f18bb85b0738a740636257d4b2975e7fd8148dbee681d8f4b,e43b07477fc18ff7c82de9ad21f3ac0197faf33625ed1259e39e98652f1f6d3c,450,446,7368761536175544701
brain_tumor_dataset/yes/Y36.JPG,yes,1,c54a901936d151f78cc641a081701216858de56b2fbec80de32882557c03cbe5,4d8dbdef0dbc0e730a06c85a85e95e1fddb41fd583e3b6419745374b200e7406,204,251,8131814250662230481
brain_tumor_dataset/yes/Y37.jpg,yes,1,3c09eb1b7864426759bb99fa4e4b3acd0973871cb67a9c85066431091aafad74,d6c7145cffa1d9b450905160ed7b9b4579c864eb77395fc69813e5e6b74e495d,319,360,4735539395466180948
brain_tumor_dataset/yes/Y38.jpg,yes,1,0cf3fb8cc340eaed7e2736e620286238b2842d7c84a4d8e70a468c763efa61fa,69539671b91647ea6da6be1be361bc4b6872f34f9bbd3c85f1cfa5443a838320,300,325,6230822427000128785
brain_tumor_dataset/yes/Y39.jpg,yes,1,fbaf145857c5f1ba279eeec4a350f640a2b46d868394ad76b23af9b09c34e776,543e00753b2ae3a42b97e68ca83e94c7ea945e6736e6e1d7dd26808a5dad0e8b,236,278,6006528909584713157
brain_tumor_dataset/yes/Y4.jpg,yes,1,2760d25b58a26198d6b7860968c2d98c804ae45e9ddbbe3c6d03359bcedb95b4,c6038b3142be4c883f7aee8c7b99566d35b57612dc1fe9c7e7e20295a90c1c04,225,225,5629061736487072625
brain_tumor_dataset/yes/Y40.JPG,yes,1,234a90d917bf3e4a70259cb6b621a4ea89c059f2150d05462a09e0f779e703aa,fa5259c7cdf1f53bccde7f6d6d68b3b3dc711df9d6ff00ca583ea1607179d3d7,306,365,1480354072142630688
brain_tumor_dataset/yes/Y41.jpg,yes,1,fca2facace9e457a51ec3b3dd6e3a58ce0800c23258db7b25499639f6aa4ea2f,0d0bde27497b77e34d1be0d7f48501d37676e4645879150da9926071fbf8d195,1275,1427,3210507687598765076
brain_tumor_dataset/yes/Y42.jpg,yes,1,6f6eff9d836c52f13a68c0f2c3b0226fefee4f59fc75cee06ab555eb44709ad7,47edec7cf5074482816e0f126933dd75201afaceea91269766fd19a0e1dcbd23,200,210,1394798112496236868
brain_tumor_dataset/yes/Y44.JPG,yes,1,ded0746adccbdec27f21db79d98c1ad3e112c1ff9e21ff41ef579fdbb0e5019a,5e7eca14b014e04c8fbeb72cb2b5662f79b07e0ea57ce3f1c33d8efa1b5c937f,293,337,894815197586013265
brain_tumor_dataset/yes/Y45.JPG,yes,1,29a0dca969e7ab80d4dff458492b27ba01917b86ed684b0369c609211c824362,ef4f79a4f41ee093e86efc8363be6a29f59de2e9eed4eb05a58b0727bb94f55a,291,340,3683406826686720260
brain_tumor_dataset/yes/Y46.jpg,yes,1,e5fde4fbf9480d563cb644d3e072d75e04c5e97975e3d8a2ca3b03a46c528664,72191fa7f5b2152dac4de294b17bb39aa06f68db47db9663438d1bfd4bf8c91c,634,929,3599169529938590097
brain_tumor_dataset/yes/Y47.JPG,yes,1,2fcfad6defbc064bb43c799c07023851f635a4f78b7c792da1e680f78fbeaae3,e68aa817460ae3a1d648bf9d62d1725f616de5f901238fc2ae7e685b5bbe6a36,320,355,448411071124367172
brain_tumor_dataset/yes/Y49.JPG,yes,1,f23446d4245ca399f42ae59765555ade9b2ade1b3ee2a8fc3d77e2d8b310df0d,254ec0b2133af0acfddca8c448b694d23d062f985daf388d05ced2f269372966,271,307,6794616608719903809
brain_tumor_dataset/yes/Y50.JPG,yes,1,ae84bfb73e4381d409e3d298980d9758420f9f3b71810d292552aaf2235eaddd,11e4f6ea90b720a70880fa29a68ec3eca0117758aa0d89ffa458f85687126645,315,350,2660320155054864676
brain_tumor_dataset/yes/Y51.jpg,yes,1,78f18e7c21c4783fb7b731563dfff68ca4d6eb60aaf1f907972a253f8746f717,21ae5635ab2eeb4023aefda84a22d6f1e81aeaf32fcf51cb5285a65156b1c4aa,911,938,1103009439416612096
brain_tumor_dataset/yes/Y52.jpg,yes,1,43d5e0b3752c017ec8f3f47327aba36edda8e6447ac9b98c614752a6a687df44,d200999060e799c7e792ab9864725f8f8c38182762b83bc27ae3e2d38e187d01,911,938,8079265102638836753
brain_tumor_dataset/yes/Y53.jpg,yes,1,3aca2acadb402b7fab7f8259ef47e9e651715d5a86a36fede2f859f3da99ece0,446d46ed863618f0ff04e8b2adb4f8af368a4501e14c1d265c3fe9262a73c49b,230,219,1787714163087059284
brain_tumor_dataset/yes/Y54.jpg,yes,1,0cf3fb8cc340eaed7e2736e620286238b2842d7c84a4d8e70a468c763efa61fa,69539671b91647ea6da6be1be361bc4b6872f34f9bbd3c85f1cfa5443a838320,300,325,6230822427000128785
brain_tumor_dataset/yes/Y55.jpg,yes,1,423367d5902851752478f75d8b315e59f20a9fe462faf50d2bcaec092a095ce6,caf1bb9b61f8ce8b71c6d7283ed913e49686befe54572e9371c99680b62e8190,620,620,5317443008145731732
brain_tumor_dataset/yes/Y56.jpg,yes,1,40acbff027d24bd176c03757094fa44ead4856094b9b7b77300a13186fabe7e4,c69d93e782d3db7bb23a8b8bee55c7f96129f0123ea9b0848c4470be404bc933,211,239,8181640488936093968
brain_tumor_dataset/yes/Y58.JPG,yes,1,ec5edf557c5a16b1b0be775afefe131dbe63713b6c773b37d13e98d15e3e535a,536ae010b72dec062b3a689b3915910694c732a12098ef5bdc10ebe81b7477f3,314,340,3718361181705877937
brain_tumor_dataset/yes/Y59.JPG,yes,1,22acd08bd4f3ff6d5d53af2a980d7b75930f42d4fd27fc530facf94bb1575ce7,67778117c04d9ef5410e5521de74b72c8e3085491ba75d99bd2109762a058efe,229,270,7209740314817031621
brain_tumor_dataset/yes/Y6.jpg,yes,1,7e05b989db144b6a707e55d89876272217c7ef5ae5d4c00877f9e808f66eea74,df65f1557e36230e790ffed732de9d1aa1263928c76b3d78cc69c1c0d53ad725,911,938,8079265102638836753
brain_tumor_dataset/yes/Y60.jpg,yes,1,f71bc49ecd44121e766d68994fd06e797068873777d9cf1344ad5236de98c4bf,292e7ecd789514df747778a15feeb10229484e54145cdf53d4171ac7095767ed,197,255,5123742800277040656
brain_tumor_dataset/yes/Y61.jpg,yes,1,0813574b1a0108404ee7508bd4901965d91042144309bc3dbfcbf20542b610b3,dcd0739408b5a9221b27f36b6167c546a23ec289c6efde3f211915a16099a189,433,520,2744481144906656020
brain_tumor_dataset/yes/Y62.jpg,yes,1,5249365945e24fa9b0ff7ec8c972fcb248fdf6ec357e7e1d845d79dfc43c130e,ea7dc5bb1a8bbefda642a5a5ad32d5c79f6decb6f8d7a0441f0b3912d8df65d7,250,294,4848994353658018900
brain_tumor_dataset/yes/Y65.JPG,yes,1,79af84b55617f832b8a6f5dab87efd386475474dd060b5047b919e9c1e666471,911c540a63b210ba72bd602a75c8196358e58f58a205d736184a7535abf18d9b,205,243,4093215407986342353
brain_tumor_dataset/yes/Y66.JPG,yes,1,73c350c62520a00c72340d5fc95c812d25b503473674d6ecd594bbbb1cae86e2,c626d3b0cbc6ba8ea7e9049da47367c61b054c32f61809d3752c3e734d5062e9,288,340,4000995867451157860
brain_tumor_dataset/yes/Y67.JPG,yes,1,ff10ebea461d8636b1af24f5cf41fcbc4b5ab2c4862d742ccd8108727ddb2fa9,05394b1956b374ffad3400486aa171fd7261b32d705ee855a81907d6a623c6f5,215,233,8184804978841230929
brain_tumor_dataset/yes/Y69.jpg,yes,1,728b7c8bdd193b36f9cf15e8eb10647b6598ee4b3e351f46c04ccec71904cc8b,b5652c67f6bda3449f096aefdb53a17151b4534699691a442597498151362ad4,504,630,445312909546634517
brain_tumor_dataset/yes/Y7.jpg,yes,1,a66911b8e185964e9f9cb2c8db56eb63b2832c586635b864d29241bc68d2470f,9abf4ad7a7aa95cfbcc7e45b99700eef849af5219dd4c189da1538f068582913,374,456,2047382920745476417
brain_tumor_dataset/yes/Y70.jpg,yes,1,0cf3fb8cc340eaed7e2736e620286238b2842d7c84a4d8e70a468c763efa61fa,69539671b91647ea6da6be1be361bc4b6872f34f9bbd3c85f1cfa5443a838320,300,325,6230822427000128785
brain_tumor_dataset/yes/Y71.JPG,yes,1,86c524a536b573b06ee40dc4932b16cacb54c7b2d5000de39e30bdaa20c463c5,735cbef9552a14d7b4a3f84398a094d8eef2c0c9101b3f51c2f077b896ad4856,300,349,2744481144906656020
brain_tumor_dataset/yes/Y73.jpg,yes,1,3ea514113ad745b5edb063382b96a4abc7570193689c220312eda25f589a3279,b9e261090ae1fa4c62061db4f5b31bde6197d95d693a43cff7492ce90be584d8,250,290,6417180310100522324
brain_tumor_dataset/yes/Y74.jpg,yes,1,423367d5902851752478f75d8b315e59f20a9fe462faf50d2bcaec092a095ce6,caf1bb9b61f8ce8b71c6d7283ed913e49686befe54572e9371c99680b62e8190,620,620,5317443008145731732
brain_tumor_dataset/yes/Y75.JPG,yes,1,279ccefd120d2f247c9b63fbd78f26ded85deb90799c18de31b8938963ae5275,41ba1713a0172bdfc63c74f78b33b7fe084c29f647de8fc56d71675df288615f,264,338,714448556959032336
brain_tumor_dataset/yes/Y76.jpg,yes,1,d192bd91e088d489dd07386803f34033676bdec6418c937b0e1940ceebb5e087,03f0c02287ea5e6c362d4f0faf92bd5051adf16aad4e8d652255b311c0dfae80,353,442,445312909546388757
brain_tumor_dataset/yes/Y77.jpg,yes,1,9d1b78b86d583a5002fd0f797f22fc1c7eb8a17b031bde6612aa8decc36acd33,a734d21670a7344e01b0dec42fc76147cd87a3d4bdf41f56aae6ee1f91aa32b9,300,353,6019978647027137600
brain_tumor_dataset/yes/Y78.jpg,yes,1,c18a91d0817014858681729e5b99819820243c85169b9ae0aaabeec5aba39cd7,bb28460f798cf3c1437974cff9208b3a5d3adc72304da42e7ddbb2232cf0117a,201,251,4885849441442755153
brain_tumor_dataset/yes/Y79.jpg,yes,1,becc758666799e37b9b794ca8771c15c076cc0db5fcd5e142f51717ba19d0493,665398dd64a3482917a9fc377bbcbee957e0f4bf4e48a7d49fb3c6bfcfdd73c9,400,431,6532798353264358992
brain_tumor_dataset/yes/Y8.jpg,yes,1,599db29f5d7660df9511531b50991607176342b22881a7412289bc62f7ee2e10,1eade1774cc1953e749e172027e573e028bab9a2a2ab71c687c9d75d60b72312,450,446,7368761536175544701
brain_tumor_dataset/yes/Y81.jpg,yes,1,80b55144133cf5ddf7c961b72df7ad1700bab84a1803986738d2faf8b076567a,e17aa7fb2d8bf251e8fb3a885d2865ae2c62a4314f5b33c760fff27c800fc47b,216,234,4115838140059036804
brain_tumor_dataset/yes/Y82.jpg,yes,1,0f86705620b9fafe086c53613c406ac0413988f49a7b9d68cdb8018f08b36532,d1a91e77cf6f1ebf0127b7f8154ce032b9b1aa2a79156f123da382c49d536320,226,223,1408294827350256836
brain_tumor_dataset/yes/Y85.JPG,yes,1,89f6df9589f65709d27d201676ac11d27e67ab4e73fbbb2afd56826efa2442c4,8fd29c26253f5b732202ec57a7031eb06ca6a2bd426f107e00973ddc713f628a,244,308,7380492087424784757
brain_tumor_dataset/yes/Y86.JPG,yes,1,f9588890598676c036adf1556b72399203fa6788f5d17105a05c39ccb33ccaa4,670808c5e5ca6952dec91dafc3dfdb9c9851e9e07feb3bcf7b0d5698900736f0,272,350,5210157598114538676
brain_tumor_dataset/yes/Y89.JPG,yes,1,be61ffcce791d84090b83063fadd4cf4638f472e599038567f1445b33b0764c0,d372be321de1f98feb43f054912464cb4f983b8a24ef0376036ea2c8ec122b41,241,286,277959742183989353
brain_tumor_dataset/yes/Y9.jpg,yes,1,db1cffa2ca584e5eba9696309b94336275e3ba9a0a0fe6a99dc7227e5cd4e10e,207b091128fc623231f1f7b9e0cc5fb1c112ef55d8d14933de01a634a07cbb7e,630,630,3693887440154475984
brain_tumor_dataset/yes/Y90.jpg,yes,1,b3c83703ca0184fafff6ce3c783a0c9efe1701f79651ce9e8441e02107816d65,22a67d35823acd63be6dca107cbdb4bb73ebb4cc230e0f5c19d7fc1d6f761879,512,512,4370289628441959220
brain_tumor_dataset/yes/Y91.jpg,yes,1,47ef81df4154ea0c15960d1e6f2b558092823972eff61dc65b0cbe4be6798b5d,3e71fcc3f8a78e780596bbec3dc14e6e087e8d2f9a9eafdf54aa98995bf96af2,1061,1280,3245745811168634452
brain_tumor_dataset/yes/Y92.jpg,yes,1,d977825f239ece418c34ada46314e205a3348e2de1188e34fe50b66f812da97e,48e14956e775a971778412f5edbc26f87ed3ae651aeca48fc069294f6dcc166c,194,260,5156346899298283792
brain_tumor_dataset/yes/Y92.png,yes,1,fb5342d3bdd4cd0416ccfbd4587d10fd667dc784772916a764ea3b6b15461e5f,a556fb53ec82b61ce9b867242f0089c12a4e826a461322e87afe93c5a536b93e,240,300,5429673664568846612
brain_tumor_dataset/yes/Y95.jpg,yes,1,2ecddc01c12b11571f9c8136e62fc0c5d592f7a76f355f51810b5bbe7a2917d1,a72f7ff6699463e309b867152937536c79c3a8e1ebe62553c6fcdaa1a07c304a,225,225,7245783668339915361
brain_tumor_dataset/yes/Y96.jpg,yes,1,76a496712d6d1d898162441bc4e499ca542cfec2eccb2d725120b9d931292635,2f2c1f55950d6e6debb2792a17caeffa3647a9fd22078ce4c87040deebe06dde,864,938,6038626931727743556
brain_tumor_dataset/yes/Y97.JPG,yes,1,a710082857d3c2899b6ba957267287c9ccafeb46948b88092332b6d3695b526a,8d9ab3324ee861c253f8572fb3ced7e7b84feb21a633895def7e850ae74ff349,272,355,4331146686549799188
brain_tumor_dataset/yes/Y98.JPG,yes,1,2e56cee08cdc90d9b182c8c6d08ec3569ff1218891745fff2be77f7f5dd9c5ba,6f5d6cc12ba22d7a4d7fe85d4d5df6e22060234401ce415fe7a8577a2c61071f,276,323,418278942818512388
brain_tumor_dataset/yes/Y99.JPG,yes,1,72fca1cc64c1d65490bfe145c3fadccd1acaff46f2ea67197908297db4435856,83aa22fb808a463ea27c21ac8706381c25c3aba0c7b79fdc3569fdad0abe4a26,283,357,1634326441202117648
no/1 no.jpeg,no,0,e4d9d83f89339366f4f77137d440a4c3b62e799a482ebfa6c79c9209d47ffdc9,34eeb369fff52f1ad84bba5d77da167a26ca5249293e3910bb04e8af2bf2ba25,630,630,5351231347706722609
no/10 no.jpg,no,0,3c3bdbcf86cd640b0efb1f4a95726f65664a2b760cf385302947c2549ac78eba,550d0cb250962b4ef1a0cbf8dade59019a8a5153041d49dbfea6410b89f2de79,173,201,7784314378106331457
no/11 no.jpg,no,0,ab01efa9ce7ad51de522ba8cafa0de7d46ce3332215227459fa9e5794b9ce053,ca42889078e14150119059a5534dd2f3dc957ba0b6233732dab0613222c48b01,300,168,7191727793524921132
no/12 no.jpg,no,0,91eb18f61d813028c6de3d9a78b79f807712662d006287ddec80b945f6edeb51,4f32eb2f6b3971b9fb5e331b16ebeba8aeca02becbe749e9b95936fe340dbc92,275,183,5544817443069631289
no/13 no.jpg,no,0,c8280173142dbe052a428603990c3124edc9700d71fc33ed07975f164e07db50,11fcbc10ab7e3890752d6a32b8de515b57952b63cccbf6ada00c3ae2da823e58,300,168,3592084985383443244
no/14 no.jpg,no,0,111aeacdd05f0a5d85933516c514f1f9626b4ac9a81438c0609847a2efddfa99,69cde100d8dad52331dbbda9ca626fc949c9eef87ca4ebf9382b1b9789ac277e,177,197,7612803136962108257
no/15 no.jpg,no,0,e615defa5c0de164da4b279d1c8d9102250cd5b5189de0f5ca4596e7dc90fca2,431754be1638a610ffe6109396a1be83fe84be89b319a9468c7702b7ac1cc451,232,217,7579299758350805396
no/17 no.jpg,no,0,2d07d5dc31a6f83f8119f83bb45d75666c3b905eafab47609e407daf9951fd4a,16266df37b596ba5c42fb4225ae4cb15711d304d322448d8f379e0f71b73ae03,218,231,6037991928236031536
no/18 no.jpg,no,0,173a41b949f0af0ea4e90b335de0e1885e92e9ad296cd59ab88646ac39e17fc7,87cdc2d151b003be78f52c0dc7c07c1b047f879846b8f7d96b95c39a3d62a70e,228,221,3286612427908217377
no/19 no.jpg,no,0,9b1014fc56b1e254bfc3e6cae29a522eae9071ff2d4e125160968da77661c6e4,e4a8a1984d9693e70d8335a1c8c77a39a68f684b5661ac2edc34f8e971dd88f1,200,200,1973445375233313157
no/2 no.jpeg,no,0,3163618e3155c4d97bfb4719da81fcc720a161d43a4c2a853e9b7d07064849fe,2e2dad5d3461106137a6841bba1f19176be2ab0e51a7b673e8a68bd2d9f698e4,630,630,6419358843255074564
no/20 no.jpg,no,0,a7b267cdd9f7c6faf046cfe749d3c38f189ace9d20c42ecb323bece8e585c398,4da5f26b15d55f6827b7ad2ae5e93bc89be1ce8765d1b22bef6de53f356bd801,194,259,5082958741510953461
no/21 no.jpg,no,0,f6b9367846473d64daf63aac8580e1c9ba73d2000d8aaa1d715a118a3a8f0ca9,451abc50aa05888273efbe1c2559bb9d2d200fb87912af9d8635fe993b87d58e,225,225,7377763491273972124
no/22 no.jpg,no,0,b85ca032439975a97daac1612b6e61fe00aa4b94396e01900fb71e4a626d06ec,cef45ce59931075ef0d142d02078a7d3fba00c990fd4cf0f33ca9dc99be2362e,207,243,6003073088234536240
no/23 no.jpg,no,0,0bc12dee429a9969519f71d07aea7accee2a5ff0bc4ef8871d1d0ffc22393c2f,019da44350c7f407f687bae7972cf5585a64977a32c8894384bc36589526e17d,208,242,6497801159192439076
no/24 no.jpg,no,0,b494332cd5c534f3c093f5f26b9dacabad2119be1d8a0e955843adf647c9315d,02fc06d496bbdb0756b65e3b7fdf210a3c07d218b79e0d16eface84e5db72b89,235,214,570574080176711717
no/25 no.jpg,no,0,3e7a6a53891855f9773da2427b7621464e87e48634af7203ae4416761d087b60,a01e590d6ec79f518194accaab1cb2a65bcda7fd021499547ee06b2b6a85b684,232,217,2147201717880127073
no/26 no.jpg,no,0,f0b66b2ec894464a58025bf5aee105968765c7e0aaa82dbe4defd12d1f9db8cd,61883bfab06bd929d96b99d4cd26106c446d2e909ced077d4420d887aabc3aef,200,252,4997364663013094405
no/27 no.jpg,no,0,2d07d5dc31a6f83f8119f83bb45d75666c3b905eafab47609e407daf9951fd4a,16266df37b596ba5c42fb4225ae4cb15711d304d322448d8f379e0f71b73ae03,218,231,6037991928236031536
no/28 no.jpg,no,0,912cec46265a5793dd381105a63596ed462bb13e92cd61b8dc51c942a5f063fe,912f80d8f29184808e113f3e9770527dbaf7b490b4f4f27c69b015d174cb381a,201,251,2189272393422350453
no/29 no.jpg,no,0,4de73fbc94cb122829e9387d79a8260ac35bbf5f63e835c61764fb14cdbe2dfe,971af0cc2d7eb4517c91e7ea90797e8ef92a6a3095581b4a235ef89a45ad9aa4,215,234,1099852524760808784
no/3 no.jpg,no,0,c3da82d44359f4a1507b3e235886d2e0e555d0d31fb27a32bb20e6937d401dfc,4bda8fe0504ef79e0c9e3e86bb23aae41a67fc050c524ee0e18cc8f923a5da1c,225,225,3916339400329274881
no/30 no.jpg,no,0,42c0923d95ea398b1e00bc74e55fc93c23b42d8a10d623b66150bfbe4c9fbee1,1aef7dac4e05e817a3496f6a49b890c9f2fc84b3afcda460c74f76723e09851e,208,242,4579113481305592081
no/31 no.jpg,no,0,16d05c87bffe4fdd3313816728a6bcd3dbf3fa69a337a261937bffff184828dc,a991b7a12ed71214ee0120e45a25dc86e2af553186f857b5e72ad67280d8a67e,200,252,1349763469385739589
no/32 no.jpg,no,0,220e62fca790bcec10dd87a812af63ee18019ee2a711dd3101602743e556b07b,9220ddf9fcbdfe50047a49eb5b1a305f4b8be1fd34bebff120ed4f22fabb20b7,225,225,5648553822445784633
no/33 no.jpg,no,0,97b98afb01833015fe92bdb99c1b3c3b4837b5d11337b53471fa691d0e0fc0b8,b2745f58e72fd5e4069aa2595a8ac8571833d2159b4e0266881e9768a16affce,236,213,3356983401157122601
no/34 no.jpg,no,0,2db2426323e2d116ddfd79ca17da4f0c3861a527eba11414ce1ffe403b5810bd,90c4faafd845360cbfd09f19632147497b4b04463ee87ae31d991f20e6ca6ed0,150,198,5939174392151680116
no/35 no.jpg,no,0,f305c895d86e72b70bdf6f2821e2a2b6aecfc7e68439909484bcf3f31309152b,314303a089cd03a3d3bebf93f68982465fc8a3fb2a866737d64d8f374ee90a3f,225,225,3623834449295126132
no/36 no.jpg,no,0,29504dbbe42208cd4a37cf150c088b005656454befe4015caa1a94c2b2d7c0eb,422860947a7370673e9f10d40c9b27be86a1afd1bbf8382eafc38af114139d64,228,221,7357283424734490460
no/37 no.jpg,no,0,e5c87d653a311de04785f51edbebb5cd06276ca38494f6a056e930f83015c46f,cce8e87b4fb59d8c79ae90de643a8203db5e0e0a73b4bb42effe9c2517f6fa01,225,225,4171657699945815604
no/38 no.jpg,no,0,6b8f5ec5f96e63fb543ffb0fef90857004942af0c44839abf5b9ad297b161da1,0198278fba06be5fee3f79b739acc5269c3f1bd2c4ca7c999af3ec7845b1db18,201,251,2111926743563269316
no/39 no.jpg,no,0,2d304e407ec526c967006fb16fb1c48c14e2971c54737bbc850d4b62ba3cbe85,2ed39cc6daa76227fef121e3687cd919552874410cad3b708ad363313a942626,225,225,7176013058495155764
no/4 no.jpg,no,0,cca6c02571d544a64a480fb01cb9d45a2b5d0211e201f929844745afa10d658a,6d4e0c545f93c3ab169b47a935b7f21690246488827c8cdb3c023e97bd52333b,201,250,5875865726232587520
no/40 no.jpg,no,0,3b098b0d2bee33d7fc3864ad7367a71538983f2b06eb83a23d72fa49a7ff5d3c,09393b70fcb61a1299bad46fd256c97f665e2830c41f528825d78823aa77afcb,225,225,3570075288328874864
no/41 no.jpg,no,0,3b098b0d2bee33d7fc3864ad7367a71538983f2b06eb83a23d72fa49a7ff5d3c,09393b70fcb61a1299bad46fd256c97f665e2830c41f528825d78823aa77afcb,225,225,3570075288328874864
no/42 no.jpg,no,0,c8280173142dbe052a428603990c3124edc9700d71fc33ed07975f164e07db50,11fcbc10ab7e3890752d6a32b8de515b57952b63cccbf6ada00c3ae2da823e58,300,168,3592084985383443244
no/43 no.jpg,no,0,ab2d50ea056994dda708a30bdd4b295da8c91653da936dcaa5474f5a077a5ab1,fe24370b7fbad1d4671832b0132f589ae94191d04a324806374726cbb9553a9a,259,194,933209283540423545
no/44no.jpg,no,0,d65b09e2ad414b8c2489207954eaf7887b054f6640ce8d03ad3d83bbdbaa3304,24d646d7d0db7f6ed4fd2ce895d86acd1c879548873e89a83d72b7a148e2a8fb,441,442,4163419591608838260
no/45 no.jpg,no,0,1baef946656a32a680aea48c0b6536e74e5f9cc5bb69ceeb549b7247dea39184,2696e7062b07582af40cc808c1d7ec35909b89548d5f99f2ed8d7f97e45374f9,356,474,1500484938996002661
no/46 no.jpg,no,0,cadc69402b71fdafac567216ada1281c48858cc5bde7b3b941fdf9c6bca09202,1eb7cf5942ecb82b5ff0b4f2d8120376e85d5638ca2d3669a7fd6395c1fe2555,380,530,8305615208806509589
no/47 no.jpg,no,0,5cf2ebb7d8f93d7919b38b2e52a8d08a8843fbc3a019e10dda1e5fd24d2b6c9f,3a31dc475b21cd0f059f05699ddad612215751f0755ee0317c78677a6f658542,225,225,6419358843255074564
no/48 no.jpeg,no,0,c1e6e2c30cf42eac528cbe34047c9d94568bedabf728d6eebdcaab68a6aeeee0,a939efe53e12508636806a0548de0774a363805f3c1c1cf6f57182fb15f6213d,630,630,3257000639717060449
no/49 no.jpg,no,0,a638ba6f81ce54a12698eeb5abda3ad60665ecb817d3d94ebeb5ffc73aff5a38,83aaaf100259fad75d3cae0d1f0acedff5a3718d7d1db32062bd1cd3aac86688,225,225,5351160978979322161
no/5 no.jpg,no,0,e89b26e1115b48189869aaf3a7d3272fc90268ac400a2b36728cb106d9867858,8c27b2140d87c2f4ca36dc1d15f414c3851f55819fddcea3b7882df3151ac5a6,225,225,2024074545609784420
no/50 no.jpg,no,0,e068f498bea26909af4a8a27973cbcf12680252b353288f2f17f92e6bea663a8,3de32c152527af18060fc9a0eb01b0ede6025f1994ad3586e96c4a47c3e23898,227,222,3803385196324924240
no/6 no.jpg,no,0,9519716335d92af19b045426a223124da676fdab837698ebd2aa0026c647620d,7f2c92f25bb20cc189aa475c0e8c21ed0b70b538a33920e2fd6a3276522406f3,192,192,3707404583187450996
no/7 no.jpg,no,0,4cfec6cb822f28e3e61f07804637656fa1545a67e0c6e54f38cfea363c33e35c,c30f889c48513fe695a6509aa86ffa7952d40b96e13c1e84b319cf6914823e9a,428,417,3803948146274151248
no/8 no.jpg,no,0,6b8f5ec5f96e63fb543ffb0fef90857004942af0c44839abf5b9ad297b161da1,0198278fba06be5fee3f79b739acc5269c3f1bd2c4ca7c999af3ec7845b1db18,201,251,2111926743563269316
no/9 no.jpg,no,0,3c3bdbcf86cd640b0efb1f4a95726f65664a2b760cf385302947c2549ac78eba,550d0cb250962b4ef1a0cbf8dade59019a8a5153041d49dbfea6410b89f2de79,173,201,7784314378106331457
no/N1.JPG,no,0,1a7acec452891038ede718862dddf209915a51deb0ac3718948c235519adc94b,1af16b025f254c861448bec4d04652b8f81a6850788d507160404fe4f14a5c4f,276,338,4132732122771769045
no/N11.jpg,no,0,bbff47f934ea46331f73aff755f7f95f2092f7752e12073be33506a0401194f2,f66535630af6cfdeb2272dbb4547c6e058e4b59ae445ebe1535c82e19687253c,630,614,4381742189562784785
no/N15.jpg,no,0,c9d574a467241cb359d2359735e7e00ab4b44579d46454b73c6373ca6f5f1777,55391a8799e783597b1bd4c53b3b72c6ad20f1ef5fb2634151f26d218bdc1dab,225,225,1287496844773833569
no/N16.jpg,no,0,bfcce139b2b992882ed67161669f89684eb87db34f22faf7ef5cd54f7f45b38f,9ca4ac0807a3bbd0826a06396a8c0ecbfa9bbb6489ff43bed97a42284eb4478c,212,238,6577024824305857744
no/N17.jpg,no,0,fab9adae37e0a120ed7a5bab511576e97182c53a7b76a5fa71512eb2fecd6104,6849ea8acf8659b60e837c2d45f4431f833dbf95efa93a350942018e926c3133,350,393,6577024824305857744
no/N19.JPG,no,0,c9687992fb9b08ab473b261f402dcf5c196db74f8f5b0a68a8dde724e6a58280,987c812a794593c0a8b58f1eed8aac0cf015230fc3a1640b82cf95d91a5609c5,230,282,3568632779551701828
no/N2.JPG,no,0,0a36fbaeb53f88ba0fb16c0a07e4a0432dcf9915cf6ceee33a7849f545775d0f,ada848fe55c3b27559012775de676961b40d7a32368c9c8a5919e5d6e385a557,208,248,6672969257576835908
no/N20.JPG,no,0,094d704894ade3c741e4468742b44b7e404cb3896f3735a3dce775b2ed2f1a51,a698668dc2c44bfbf5aaa6b1cf009d43cba82471119a2624f573d6a2a0ae394a,227,262,1771695166738558785
no/N21.jpg,no,0,e34b6fd8d386909b5697d82c506f20094d1fdbde49009baf7dfb2009fa43d07e,9fed845a58f23ea75c16c2f89d701ca68c7780565f94dd913a3fc2fd8e01b9cd,1024,1024,2167961619699284273
no/N22.JPG,no,0,93572395500b08348a4ccd6330704a4c37010f0217e2597535ac5e01a5ed20ab,683f3845f5e1a3e4b1f8fead91bc8f1f840f7e6724d34d9ea393e0b71d86d220,276,326,6230247795994069269
no/N26.JPG,no,0,219987922e3461efa4e716cb40cd46279781f34e3458f1290c9878f8b06acb14,9125bf84b896351de12f641319c42697532aa1a486a398d6e9401acab313dd11,210,264,7248004974157392149
no/N3.jpg,no,0,6a028c0cf05b9ab47b44da36f2e934eaf2810f6c5fd00f98505a5925075d0256,bdf2d8df20ce58b5dea1b6ce1ff839246c08bafd79dfd004f771582588818afc,220,275,2111926743563269316
no/N5.jpg,no,0,cca6c02571d544a64a480fb01cb9d45a2b5d0211e201f929844745afa10d658a,6d4e0c545f93c3ab169b47a935b7f21690246488827c8cdb3c023e97bd52333b,201,250,5875865726232587520
no/N6.jpg,no,0,0e26eb1cc143b940fe223f1023625355992ee21e77e3ff1ee4cfd5764198989f,68919dfe7ceaa406c0bfc2169b9c4dde4bbdc16924bac60dff531798a2e5b80c,196,257,2710732648219228948
no/No11.jpg,no,0,96eb6967090f99bcc7806d2bf9f194abcd66c9de089a1f642c1939cbc11e727b,b139e0fcae28ad639ed2540074d7cf1ed36ef82ad840c1cf598128f4f55b6f94,630,630,7176015257451302452
no/No12.jpg,no,0,cc897565e991fd55c19b65310168a2b24bc37201e27634528d424e7b086edd70,d5cbbe1256c58cf25d79245cce21faee2e7e67d9c063c3cda3003e748d058873,472,537,134578979778074629
no/No13.jpg,no,0,c86180edf0963ac9a61e0de2a012edc3f91cb13a123cf67a1fc74ac09646409c,eab1eeda798eb5191c4547fb06ccdb98a91b4b4536417d5aa75529cbd2897cad,442,442,3221859916815683129
no/No14.jpg,no,0,d7c5a293e3a869733e2f0ed4ec4e1afe1426444e61303c17e07141b7c5932f21,6bad7d1585147284f24fc35d752cd3f50dce273de2c4693881704b962524f627,339,340,9206049806795868713
no/No15.jpg,no,0,9c54a8ba366d8a9881e28dea8f4cc3f8e92fc74b2add2e6b7d7dfcacdee09bb0,c8e9a8b3f39810f2735091058c0e39a02ca5370c60e86b71770288c7185b3fbc,393,400,2061262279776299265
no/No16.jpg,no,0,2bf7be1a79c255eb26e8cf486567291624472e945d8ec13dbc66cd7a1da68b0c,8c3352a9324857878735861a8276959d46f0c050e75eee8db1e0da7e383ca9a6,300,200,5541199157283982366
no/No17.jpg,no,0,9c54a8ba366d8a9881e28dea8f4cc3f8e92fc74b2add2e6b7d7dfcacdee09bb0,c8e9a8b3f39810f2735091058c0e39a02ca5370c60e86b71770288c7185b3fbc,393,400,2061262279776299265
no/No18.jpg,no,0,d8534287064d81600cc5db54606ecd3203df242f66abc35ab251bf7e59e84ccb,6af768514c2ab6b4609d28567d61ed8a7c5ffc020422713a7be95efdb8512f6a,442,454,5054848123266558433
no/No19.jpg,no,0,5e984e1fb53f99176d490aa0122a7ebe4f5421c3f1dfe2d0e865efe621b67884,9fdd39966afd42eb860930159d7ccdc00e55ed54540478ff367f07f9f6eedbc4,680,680,8127679765702126388
no/No20.jpg,no,0,81f4b76bdbd241bab55c0427ad2dfcf4a54343866536cbb88657d05d2c1b5e8d,91ec708e6345187e7e6cb79d8f506804299539768c93c40dad9b190d53558a60,468,444,539877243454380577
no/No21.jpg,no,0,4e5a4979e0026611c370d05a181fde37f9f74ebb5e4669b1dc7b5f015292ffe9,504cf37dce31c02e1c6b1e99733a67d3f08d3c9483d98f79165d2cee46add347,442,442,4073052684915797537
no/No22.jpg,no,0,3ceab6190d93957c6ace30db10bece675890215a08249cceaf72a3eddda4cc23,84496f2b562de7b5ffab87ee4e24c778c46e69df2c6a934aa6b4af6eed65575e,359,449,2110800843656557764
no/no 1.jpg,no,0,a638ba6f81ce54a12698eeb5abda3ad60665ecb817d3d94ebeb5ffc73aff5a38,83aaaf100259fad75d3cae0d1f0acedff5a3718d7d1db32062bd1cd3aac86688,225,225,5351160978979322161
no/no 10.jpg,no,0,85d9aedf6609d558555496b9e0e95bfac819088a73e752f5935a4b1b14eaafa2,79bff1fc200032db892a2bd9343a55322495903f39d07ab4d25df451ec37703e,750,750,914703403338046264
no/no 100.jpg,no,0,971b1ba3120ce3115241c128d3cdcbc67ca6f33dfed050c4d03f3fe3173796ac,1902269e7e57107f2635fce6eb02fb789968bc5c23093a302b4b7ad9db218eb4,225,225,9098199849345366128
no/no 2.jpg,no,0,0975f3c288be418a9b229db3fb27be55373bc0538c93672a9bd97ad23bd352ed,96dc1ea3df3a481c9959598a38a12ce3ad1fe7159bb523a0c3cc7df71d2539fb,232,217,4842678512563997116
no/no 3.jpg,no,0,7bd4d5d58606af2e040836ab4dd73e35130ec425c538d619dc514f5494d84c39,69f020ad229e313caa6d2ba04285a8fd070c7bd45d1759c9ad22a89902c98500,225,225,6562365620389625460
no/no 4.jpg,no,0,6a028c0cf05b9ab47b44da36f2e934eaf2810f6c5fd00f98505a5925075d0256,bdf2d8df20ce58b5dea1b6ce1ff839246c08bafd79dfd004f771582588818afc,220,275,2111926743563269316
no/no 5.jpeg,no,0,7f77955933dac2ac225f48a46c956d42c2cd8336e33e0afc88c798a3ab17bf72,c56cfebd3456ee28a9a5ab7136fff442f274e436ec1fc606c81e3d1fefaea24e,442,442,9098199832165496948
no/no 6.jpg,no,0,f215d878500f122adf52a6e15d62144cd3d433208061903edfffa64fc6cd71bc,c538789cd768bbf8bdafd3a4a130e463f0884af9e619531d829e4187d30b08b2,214,236,8510212282065095125
no/no 7.jpeg,no,0,96eb6967090f99bcc7806d2bf9f194abcd66c9de089a1f642c1939cbc11e727b,b139e0fcae28ad639ed2540074d7cf1ed36ef82ad840c1cf598128f4f55b6f94,630,630,7176015257451302452
no/no 8.jpg,no,0,7e606d5851ec154ea6758b051d8371f5ee0cfa0db8da2e3d6bad68713e480421,cdb365489d1dbf33a11d323602812a70572e4096b4e4ab466558b6f2828b2f05,642,361,3592084985383443244
no/no 89.jpg,no,0,0e2f7a4ea3e0124e19315ba6379746b9209573dc78f4ed28e07451c4ec1e34d7,23ebabab03840d54e05602665447bd00f9e794ee4a5b913f3f0422e702927258,504,540,7373071827617135412
no/no 9.png,no,0,744e69af8593f89a1e772aff23b8b52beef043f419337b5514ad90f4e0af748a,fe2f2e15fbef31937a7350eda86d06b7efe35058104c8f17688f0506f83bb4ca,1920,1080,8693752568936269433
no/no 90.jpg,no,0,1db0e714ae03db2fa0a7da503b02492ab85607715f4f221772cec5ebe1a0257b,8ae4ddcf7ac3dcf56f0398a821dfaabe2667af908eb3b5522759b707cf3bbecd,420,280,5544817443069631289
no/no 91.jpeg,no,0,958591875ea6906d6105e0826ca15ab9298c090e8649e6d9ea23afbc7724fb01,4b28a53817d0da69153d71be73ea818aaa6ac48f65a8dd2a5d84a6225fa0f94a,400,442,915115308421380965
no/no 92.jpg,no,0,0223943a2b28b7ae5e7836f590dc9d3576b2b80202392a3692f2b4df830ab50e,af848889102601facd1b908c76d3cbf1ac5bb5681300d7e5a97893261e5d4a11,206,244,4371606203272078164
no/no 923.jpg,no,0,760138854027be6db66e4b16d4140847b3ab2455bab65ffd8cd16d1a57b8f1ec,7dc5473174aec3ca64789d8d27423520862e2e51a761cb1afd593b6971209437,225,225,8773699867272490788
no/no 94.jpg,no,0,e4d9d83f89339366f4f77137d440a4c3b62e799a482ebfa6c79c9209d47ffdc9,34eeb369fff52f1ad84bba5d77da167a26ca5249293e3910bb04e8af2bf2ba25,630,630,5351231347706722609
no/no 95.jpg,no,0,f5c726bbddf4d79e8bb409819967264cd5b591e23f83d1ec78e3c847febda891,bdce5afee31c171c25454a01878f49a2bb1d2887df3eee350399b383513f8cae,275,301,5926245620724280641
no/no 96.jpg,no,0,10546b7ed6867429b6685d4d246dadf04b0f66f900ed197a68bd9f8a29e40ce3,81fe68a9e2fc315e9710282f606a670778130998e1390a3144d9bf5b31bd4065,550,664,957891829971232624
no/no 97.jpg,no,0,f1db26614acae6725b58f32253c4197577bdc8a980e422cb879f9d88d96ee2c0,b12ea55157f26c262502f57f8eb5ab13ef9aeac065eed940af6c87d362ad9300,442,442,8689239850524294756
no/no 98.jpg,no,0,9f1843e9d1a4ed476714ed37cb22b406993a1e05b6a0869f052d46ad1e287836,d2c5fa3041f75490b0e39bc99aa8a0dcae1ad09935b20758fe4d73ae9e58581f,728,725,6450955211574492257
no/no 99.jpg,no,0,79d7586597473b154fa184970a2b90b41dc65e931356111c1a57620cc0ebccb4,3652939af3cbf768ff328bff19516311327782dd22d50300000e22ae6165926a,409,442,5124905264305744148
no/no.jpg,no,0,bec663631a5dca91b2d77c983e42d88d431441669218d49b1c6f09c4bf8a2a82,03d5e5c31d9cb551d8e72ad20ee33ef851d7dc57431e19739286f84f8ee5aae7,512,512,8773682275086446388
yes/Y1.jpg,yes,1,27a43972bf6b6bb00fd071791c3925f422295c16f881ef8c395a9534f12cf0af,174f6b1339f3388fd728daf11bfb700a914610a67bc43498ebd6e30ba4066671,180,218,1505912650946460721
yes/Y10.jpg,yes,1,3c09eb1b7864426759bb99fa4e4b3acd0973871cb67a9c85066431091aafad74,d6c7145cffa1d9b450905160ed7b9b4579c864eb77395fc69813e5e6b74e495d,319,360,4735539395466180948
yes/Y100.JPG,yes,1,00aa87e56bf59778ed1756c3cdf29d5c44b91252c278e85057b6112b8b849089,bd342fb9cbae0aaced0b790162fd2173c66f2b4d4548d7c8f56c07a655cdfa2f,287,348,3678902802311826196
yes/Y101.jpg,yes,1,91d3a5eb7904a8699a5e2c6cf54660dd777946a00629e7f216d16d18e652e927,6457a0d2fb6d07c823c7897683790dadcd05fe0f3d6b5794eaec0db3614d25fa,300,336,7407033370748467984
yes/Y102.jpg,yes,1,7c56acddf6dd78be158f2995afd04f9365b4fee88b07cd8bc37011e329f839ea,14bf5c21f2e2bd3d8df1cd9392c49d770ff1b9de30702ea7ae7aa51095989b2b,587,630,6563516443142215940
yes/Y103.jpg,yes,1,f010698cbecf8c8540f3e633bdac03b51f5b12bd06f1296c372fba7aa19b96c8,5a9dbf470b9fee34a2f5eaa783b6e548ace139ae5202b6c900100a5e049baba1,825,993,534553401177475412
yes/Y104.jpg,yes,1,ae6296325b0ca772eceef61bb217df54df4d8c060e9f14575b38530c62856e5d,b2947db09a9f0865c5bba5132065f048a9c10bcff08788387e778aa8d869cba6,700,890,4177487968850744260
yes/Y105.jpg,yes,1,e3cf525b6b42cbe32089de242ab5ea853e0f39daa747e86673ca1f6e78dc0069,8dc2f105b420d03e79f318c43a9bc8b63105f57cd452b4de3ab53998ee2c0013,205,246,4151796293460110404
yes/Y106.jpg,yes,1,fa097654f17421e0fb99da75a11e5aadef93f67642bce6e9284224b7476e0576,e65196e57bfd4c7219cf47b8ad7d499c70a0d8e86ea443944e6faa6447e74e75,200,253,5084030077260028225
yes/Y107.jpg,yes,1,dcc31f03c9b97631576f94a02a9783643ab2a29e3e72956dbf308cbfa4bfaa4b,ec29cdff7047d7ea62b34c125bfb4d183e75d1102f79ea2672f3383533776599,512,512,7820328740629122657
yes/Y108.jpg,yes,1,a52bf95251106e5164b9ff00ac98e65cd23d6416ae2d9253976adb4469dc13d3,e30545c15b64efcf60c0cd2b7d635d3af6d842df4753ebffd331d1363ba601ea,1059,1200,8701873251009903380
yes/Y109.JPG,yes,1,0f7b997ab55aac23f85acc19a7def64bd62605c153f7b60e79f3610dc39c1a25,ebf52743e53a6c0f3d9648a0eaa600ee8b1afb0c758dfa83a49b45ad8852933d,258,279,5903335070558659880
yes/Y11.jpg,yes,1,58b1e2bdfe9808ed68e5ef12260dd6e76a4f9424a75ba9060cfc32ccd1de0d48,672fe2915aed29f9bab68d43b1e27356953639bb442aec4aa5abf3c61dd3ada2,400,369,1277903513099990129
yes/Y111.JPG,yes,1,7d3a903c571970fb12d8d988e4aa4c45aa36c56d02f7497f006089f750f9549e,dcc6ad68dcf64338d943273c43b66e9dc03f5aac2a7d5dd1e2dc57ab0cabf219,272,324,8592695964014311204
yes/Y112.JPG,yes,1,e720f125defd3a59d3755d9af53255792a745675ac26ae8fff1ef8495c6e80f3,8a7b8d8d0ce44d78c292dab54e953a2abb51a20a1e08ca691cea5bc3725bd729,310,366,4376631853431390593
yes/Y113.JPG,yes,1,c462139e87fd54e1361436bccc30bde0a84c2a725e3b11fb8d9206d267fbd27e,8e8573f713142daa6f4405298dcea24cab9de55ec3b55f843fed097498c8268e,254,312,7209705267883896261
yes/Y114.JPG,yes,1,e1bc386b0834dc6dcc6c38afc5431834b4cd460df74e2d0479fa5a824c979459,948659a58aa090fea9f4e54c0c7d13cc5a3e10afb8de705c2e3b9699a6e7d98e,178,249,2060081059667273221
yes/Y115.JPG,yes,1,8e50086f244936da09ddcc3001bdeb27ed18c03ff94ae4a2b507f7a27225cb29,1698e358015b2ecda49464781e87202cb625b72cfe0d2bc1e392f949afad6345,260,298,2636316464724534789
yes/Y116.JPG,yes,1,370b20ef332e8a9895b8066ee2012f626b285b87310a64e84af0a345b9933c2d,6d968dde7850cb6817e1e97667e3b30d17deb0084fdb32fa466b3d30ab5b169a,249,269,2530818872592723009
yes/Y117.JPG,yes,1,f7a12e5d06d49c862947d4fbd07ce1af5e381522ed02a700463bf0dfb212b478,0e73f125d639eb939b9fac62506a72251c106ac784c139c3ffcd160b58b54d03,246,310,2744485868565326097
yes/Y12.jpg,yes,1,8401fd725d100f99bf5738f3998fac5c180aa298861ab5a454929286c1bcadf1,56562a6e44ee836f84a036e2e76a09f7d302082181f58852651d2c48646ccc2a,377,500,215749386083252817
yes/Y120.JPG,yes,1,4701c1a80ad7fb1ada4d2fa328ebddf79c6dba6aca9600ad99bda1c97eb64182,dfa19f73a09806cff5b8b3570e9ac156041cf5c4972375230d5bb22c82540be9,224,245,7096597991510537265
yes/Y13.jpg,yes,1,88c7273fc317954e0a250da9c9a2688d8e949ade73dbbb77e19bcadc1b145dc3,329f1df4eb53b0530dcf747e4459b87e11fc5ea7c4310a090dbe01f5e925ac38,254,325,1835906770263174596
yes/Y14.jpg,yes,1,bc6792d845a930da5325df1a274ee812e5ea5b1912587da44ae451d192a8c4fd,a5e234d76031e70468a449f62a7b79b1a736d1c987ebe8c17ffa0c1c1d61983f,289,300,5705510118426948688
yes/Y146.JPG,yes,1,e85cd56865119207a735383df01b557c254ef04291aae53f944b196d7240b528,35a85607e878f71298a48027dd27c67c1dc264b6d02f6396bb73601a2e60fa93,311,355,4484678662099042721
yes/Y147.JPG,yes,1,a811436248b91154fa4c4ea04d0de367525cc5811003cfb0991bc9981aeeb0fd,a645b290ac12124164b9b27be07bbe9f4d5a44e51a551a6ca26321867a0006e9,321,352,9145113972095320389
yes/Y148.JPG,yes,1,f81cb097ee26c6ffa311a9c1c0be5817bf2a5526ed638dd1412f0dee868534db,6e1ac6b240112e9e349b67bfeb2bba25e352480890399149effcde0d3f6b8f5f,231,283,881842889193437216
yes/Y15.jpg,yes,1,8c9eb9ed6af955f9032f1fe3df6acca37ecee613e4ab1bc0bf5d66e327874c3a,6c71c752f33946a433918eaf8039299a42b2039a5a095c0e388f56e9766ac020,310,380,502325822142574769
yes/Y153.jpg,yes,1,2b8f8b25dbe4563cf1c196d49179836eb886537bb722496804605e73c0acfa70,4b500751557f10159179da0bf35abdbd125e04d552884e8115db912c31f440e5,300,359,4151796293460110404
yes/Y154.jpg,yes,1,becc758666799e37b9b794ca8771c15c076cc0db5fcd5e142f51717ba19d0493,665398dd64a3482917a9fc377bbcbee957e0f4bf4e48a7d49fb3c6bfcfdd73c9,400,431,6532798353264358992
yes/Y155.JPG,yes,1,a782a621062fc81184a822fdcda99fd79ae95ccfd24c153c0575d4d51a6b9025,bee7fbae3117d9c6ec199febf2621f2d3e0de2906814a8374dc6f45d0bdccde5,310,355,1858115810655563988
yes/Y156.JPG,yes,1,a4bb0592d850620721bc243e0f791d54a04e03d3d31e89eeffa6273b343dc661,d654ecae46e168daedc31ec1248a263131bfce6758d1622f0ab6f39e2a22def3,286,370,5123742800277040656
yes/Y157.JPG,yes,1,3480d23ec7849a5fa3bde33d5c4309f5b748216f38a111eb0ae2276dae15e408,324e1fd6887615bbf9df92946ff501fe5261ec0aa18bc0d1d7fbefeb3a4c2de0,232,309,1484582581980178772
yes/Y158.JPG,yes,1,4b4dac686a5833b901c8e7f4b776d8659b2d6841bba8f38885621bf056023cf7,1e2adee64d6c09c9ed31a05ad463ad803ca8e4b5163f7764753595f0d15241cd,283,334,2790915087877107012
yes/Y159.JPG,yes,1,86bda4b0e76084623a2335bdc48d95e08c11c14bdca57edce333dc58f65f863a,78e97d3de70b032f0d206a290be5a6f5b64f7e058d60e0ef0331a2f58438a43e,303,354,3781991157184861233
yes/Y16.JPG,yes,1,d6321c1d40a6e6c1d82f27c84ed324039c083ba41628ff9ba8d3b3cb93adc919,44a9fb3b86cdeb63e8858c40ac79c109d89382cfb30fafa7eb703449c7433ada,313,360,7248714533083748692
yes/Y160.JPG,yes,1,1b188f3b3268a61f26a7a9f70c5f244adb5242b9fc93639761de0a4fd29f6d07,cd7814cfd9f4006cc37117d886dabdeb8ae27fcdbd9248592df88b6f54fd5bd5,297,348,2660302563272505636
yes/Y161.JPG,yes,1,a9a52ad93afdcc5688a30e8e39a6b11a57f29d80bdded489bbf01e906cd85957,02d44c020cf4c1cd89ed4d99993d51a579549e2766ae4492c5d714bfd34f1038,273,351,2753409522921515284
yes/Y162.jpg,yes,1,a52bf95251106e5164b9ff00ac98e65cd23d6416ae2d9253976adb4469dc13d3,e30545c15b64efcf60c0cd2b7d635d3af6d842df4753ebffd331d1363ba601ea,1059,1200,8701873251009903380
yes/Y163.JPG,yes,1,13622753872a9c372a2aa6aa2ab55df1ac89abd4adb19b9136be30466804976d,917c2b80ad1d6f68ad73193c916a97ad9f0c1631bfa2279f7e1a3f4cfab69e69,270,316,6218155581538835537
yes/Y164.JPG,yes,1,f4a7b91418b53b363d1fa350710433962d273e06f8de4d2645133da9b22969cc,2e4022fe7fc53cf77d62062f18e14f5ec77c5547aeefa8b7a119c531a7b7881f,264,336,1430547621044817349
yes/Y165.JPG,yes,1,72814f8ef18fc32ed5a8aa78d7d03f2a8e80a9ef1e5374b1e302de828285c8f0,4833565f53ed51543091352a222ac98b1c6096441861c9c035127a80fd460257,223,303,6669638625194949889
yes/Y166.JPG,yes,1,0b2d04f189d1d98d760475723f17cbf4f3796efbeb1969ef5b239e6c051699d6,d8ca4bf52dd8bfd65a1c7c7287a0dd292bbe91ed0ccef71d5b327b80e4802939,253,291,931687088346724689
yes/Y167.JPG,yes,1,7a2b0e735ffe47bf7c204b4317c1e3d3c9b50fef7b5dbcfe9e31b5bb858cda78,1945a41778e1fcf8341500525e443c5347977c28baf26a0ced32f99534edd898,272,350,442738721886304442
yes/Y168.jpg,yes,1,8982ebda6db4292b57d451fd5f399e4193ba33fc0c7139d9f8d2fdf7e7255c28,b9f9d5612381f7fcb0a7403d37521ff95c4552a276dc1afb02f2739e62a12d10,263,300,3588830259739244865
yes/Y169.jpg,yes,1,88c7273fc317954e0a250da9c9a2688d8e949ade73dbbb77e19bcadc1b145dc3,329f1df4eb53b0530dcf747e4459b87e11fc5ea7c4310a090dbe01f5e925ac38,254,325,1835906770263174596
yes/Y17.jpg,yes,1,bc6792d845a930da5325df1a274ee812e5ea5b1912587da44ae451d192a8c4fd,a5e234d76031e70468a449f62a7b79b1a736d1c987ebe8c17ffa0c1c1d61983f,289,300,5705510118426948688
yes/Y170.JPG,yes,1,6a069b3d733eb11d8b349e24cff3b0e593365e4be4812b810979b2481408f567,c4c16cf7f307a18cbe12ac00017cd52b033018e22ca43c563efd8b38ebd6dfb6,290,355,4772790775059669445
yes/Y18.JPG,yes,1,6c8b6e065bd3146d9f63a2265701ea126ff0d321a7f94589ef5279af24735982,4c4af743766a62e14e2ae1574ee830f224e8414d4ab32780ed3c944b3dc0539c,279,354,3806456745156359765
yes/Y180.jpg,yes,1,b0d3c2da527816a2da94ce118bf38f837d191cf06b505b8a3ee5696c49d13cd8,cc2def01cb2188f2259d52542f05b9d6c76fc11db28268ba2c61ca2fd4f46854,467,586,5465499027329110407
yes/Y181.jpg,yes,1,8c9eb9ed6af955f9032f1fe3df6acca37ecee613e4ab1bc0bf5d66e327874c3a,6c71c752f33946a433918eaf8039299a42b2039a5a095c0e388f56e9766ac020,310,380,502325822142574769
yes/Y182.JPG,yes,1,1a8bfe88bf24a2f668ffda027f07e00f91e5ace68f7df9adb62988b6a8b200be,5aad9032ce847fbf5fbef835461e111546a72ba7e2e2b207f59845a52082ed85,273,318,4961299837110285333
yes/Y183.jpg,yes,1,46472abac1ff15e3151ea6ef3098e565235ea01842c0956ef742fb90e9291454,6f83510d9f035d7a17efffccb9603239c49ba14dce10dbe0e25a3358e63a2ffb,300,347,4897954283573574725
yes/Y184.JPG,yes,1,9eab71b093450cfbe63d615e4b7842c74a107ee1c8ad861e4477030ce28fb1f6,66c14a914a8d149d4c415d36fcb7607883eadf549c938a8f5a3647b10c66c81c,189,173,7870713848909273888
yes/Y185.jpg,yes,1,a89a5d4ea98af15a383ccaf6cd960384440243745dffbbac2f6415edd81fc12d,b3746a8061ca6e8a9419d1e04a5e966bb01d15138d57b73c8695a823ca51540d,318,380,1625613091196381440
yes/Y186.jpg,yes,1,3823fa4265917a7474cf6ee3ba3d9ca64f85034a6d9e4e732303b9c59e669608,976659c77cc9b2679e77eb492592dfd66045319538e6f68604e0027b237cc949,355,450,7315609339810036244
yes/Y187.jpg,yes,1,f0a9643903d4281c3c2d801a4394e2f59b1e89a0d098137ebb822cd0b6f53fab,e053ec244029604025f96ede330578d3dd50e9641e4ef8364e61b5f9cbde33f4,206,244,2182910665251643856
yes/Y188.jpg,yes,1,5e62f03b25850af9f451a03bdf4b9d72502a8f7936d67143fdbe14cf9fc57782,148fc8d2e5f5425e1305b90f17abeecc0be0f939c72a38bdedc2239b5dd74575,766,879,4097001305735193029
yes/Y19.JPG,yes,1,6d94988b43d92df8186f935ec602155dd8e465822045371c137040c5757fef5f,f8b081d13042660a736ea3535411752118892f3a03e6083f3b1e09a2c4ffea5e,297,359,3804213604063542805
yes/Y192.JPG,yes,1,1798b839664a659d7e79358775c917f096226f4f8fd6b43059499a5d8e8e9793,85219c6f49438e2d908c77982d59a335d805971a4410f96bf793efa844b2a340,273,342,1974631414409420908
yes/Y193.JPG,yes,1,adfe80b2b531e8b1efc0246c801ef28bc6b038b0756091b51ec7317eecc9d3e5,beb26a21459fe7faa6b3ead6bffab7048069b39d9c8f44fcdd371f6a8fc7cc8c,262,351,5988202538022485249
yes/Y194.jpg,yes,1,0ec537e621f0f4d0376c489b32d7760148f939c45bd6199b0f41ffeb3e438675,664d62c750b5c76bce37e6b7496f70a9195a139c893da9e2487cf441bd622dda,256,256,7191769815164087396
yes/Y195.JPG,yes,1,ade22fa7958f1d0a467a981e7e2826d779d786de97fabb530477487baedb721f,7b410517b5262c81b8cbd2a606b2b730e4aa41b2f4c405c406d0ab497a375fad,314,340,1799559656858283204
yes/Y2.jpg,yes,1,d1edba4f1b753dd7d9a019e26e2320c51087b8a9f756ac400844d5ecf089b46a,681e44e7111a482ff90f70efd6cdf2b884d671322604ff93c091e46b55b2064d,209,212,8325825504929003888
yes/Y20.jpg,yes,1,ae487d861b32ea3e4f90c029829b1098b4827adca20a4496d28a8e2b110fd733,e4b5fb431fa83fe3325066eb759c81db20f475ced435bd84861ea127e8c70826,240,300,5429673664568846612
yes/Y21.jpg,yes,1,76b82eab2be11768b98975181244ead90052dac915181552c8ac3541ef32a6d6,e47b451baa75405ff12a9ec02887a268755b304791cb8555636959ac66bba7c7,204,247,3245745811168634452
yes/Y22.jpg,yes,1,abaeb9ec135197574411b2e0f7c4f25c0877ad45464759c7bc6e434d650c60a8,ba7c85d72891460c0c32f51ed8d504725d9dda15e3113101de475e6c66e53758,294,380,7034061778676644241
yes/Y23.JPG,yes,1,ad5145082de2ebd1fb18af4ea4a95afcc3c4bf3935833bffd999c9c6848748c6,9ee48c5828a8709f5ef88d68b1ebb72d39b89abdb49488d63a45eede5fbb7b04,272,277,7826747951014304036
yes/Y24.jpg,yes,1,7567ef69a11ba55678cf30af490ee17250116745dffa879dc2e3aca4b949003c,9ced31742602b954a0f27c4af431f52b61b194b39f32ab94d3442ac50cffcada,1024,1024,3610516752149736580
yes/Y242.JPG,yes,1,cab80a0ea5bbda93ff1abe2a0dee54e6ca99c3329af1af457ace0e45f46d0679,2f0019ed81ac1f1e20cb097e01ef675244c5a5c79cd53252977cf1ac511696f4,279,344,5075106453173844369
yes/Y243.JPG,yes,1,2e8e5db146be404dbdc24f2737c75b5ec7fe1e6f82f86faef709c01c962b5b35,70fccd62038f1e8f3fcba827e8b0f332f75bc4e329d47d979515a6fbf63c607c,272,331,2088088764814221761
yes/Y244.JPG,yes,1,8f1834021d381e2c0371bd0a79b2d6e5faeb4060729dd49ba608e10b450cd12e,959996f9fe085b2b9492407c9c980e67949d6604f8916380d498a29ce777c481,278,351,1800109686612233396
yes/Y245.jpg,yes,1,c367ea4f16ac06d6d1b79def08021024a1cfe3a7d36e9ea6537f1f7ec06de8ec,4f79af97ec4fbfc7351cf3701e43ab63ff4dfe692acf75c53a5ead6c689e3148,213,237,3730770660436102737
yes/Y246.JPG,yes,1,cc6d23e897ded38ec2fc7e6893da1c2e2bb83ef97006ad3cc17c5da6de9edf9b,c6f1bb114ffc0594d49c3991aec03ef53c6d44506cd552baad1020f821d80648,294,355,3907454242750410180
yes/Y247.JPG,yes,1,10e6d731d447b374a37741f9f80585a2a2ce92e0f69636c27ee69739d0c7b7fc,1a60d983296b4d7d88bdf016ec3acdf6928f4db711a3ea5526b312c1dddbc2ba,248,338,1795887564136262429
yes/Y248.JPG,yes,1,8d6c1b4cd984419b60c39cf4b70a7e6c7d67604f2e386a0113c6a85427761030,cb8f53c3357a4a0e42872730b58542f2383e40fde7aecef167621531ce6734c2,289,315,4092894590954011409
yes/Y249.JPG,yes,1,b26bd519d43545c036300b2ccf97ad573a0d34da937b70b0e115a50b09730b52,855d979d8c612624fc2b4f9c12f4c72916c11f1ec2c01978ae958b147375038d,260,331,5282184544398101253
yes/Y25.jpg,yes,1,728b7c8bdd193b36f9cf15e8eb10647b6598ee4b3e351f46c04ccec71904cc8b,b5652c67f6bda3449f096aefdb53a17151b4534699691a442597498151362ad4,504,630,445312909546634517
yes/Y250.jpg,yes,1,839960129c2d239176e8fc23b89226143fab17ceddc05f0dc6aa433d675209da,a9ad252451dd83369e64751c361e0394fe0f2c117c56915ca089ba9683fffdab,213,236,1114178259079219988
yes/Y251.JPG,yes,1,bb935cc3d5fcee4622df24eef07ea31232ad6b6c0b6855fb3660824573fde3a3,74b93408ff406b590048dede0d5accd77ab671e9e5f2b589ed6c85335f0018b3,278,349,2170480612944536005
yes/Y252.jpg,yes,1,41875c6939d7ee37bf1e432a2beaea0ca394264d1085949d29199fcd0e49fb72,47f67e38e8ed23e7e9aa76825d01d8736c7ef0739f02f22f8a63fab50996a2b7,197,256,6561727314268811269
yes/Y253.JPG,yes,1,b2d81d163bb6d91404fafacaf37140458467258827574449982864e387137ed8,107e840154e2bb1240e59ef9babc768dd600251ff4904f40304920972ff5b706,283,338,438636941683353937
yes/Y254.jpg,yes,1,46d0b280b7be26b59b66858c75c7a789892f47b7703fd472245105633965893e,078b62143609978eff9ee30251ed34d52c9e799ca00d04fdf166ff0d2d7644ba,201,251,7169477364349416848
yes/Y255.JPG,yes,1,7f2b3578b65ec9b6c103d67e6eb643772833966e81facc2024c6fd6c9a5f9c9a,0a75a892bc44b017df86771ab2715c5bdd8bb08b1aa019061f6690d8cd1b9861,283,295,6203800288070558993
yes/Y256.JPG,yes,1,66147a7d68e4806071bdae43b1810f6e6027d07325292e805eaf6b39793fddc8,74773d0c8f97c8872d42e776ebfd53b29635c3b80b6f888a440aab2c81fd46fe,281,352,8411348113753516337
yes/Y257.jpg,yes,1,bab9f575d0033ff21cd8e2f58724bf29ee99a21a5adc5bd4aaf9b7e77abda170,89810c9f9da51413829ef3ab0355af8a0dcce6507f1a0a77b0c4a5c7563a9e86,781,960,1625610341079147585
yes/Y258.JPG,yes,1,065946b4f95b37cae74d49986a773bb128943f5d605afd749c796d919528efb0,7e9ebe5e3006d2fbe31f191b04bc1b099ceb8d289e7a45f10077df19187a9021,292,349,1017590291209453969
yes/Y259.JPG,yes,1,3b6e1cdd42dc80c61ebc901fb874207998de24e3975f6682504fa88c3385ba62,c6af3a9d8e4547cb522bd945a82a7cfebf121b93fe7f50299dec705348fe36c3,278,324,4860740630563675249
yes/Y26.jpg,yes,1,b8a8b00299f2da213c874ddcaac9afdd8eb5b7cb243706acc82812a504af8c9a,6b41ec7a12d3954aab0892e618d76036efb4a9977a9a0a639d39aac312bd1e66,628,630,2057952319143505092
yes/Y27.jpg,yes,1,156ecc9571f0941541c04f90c4878f09c4717c79ddcaa72bab06f5a4007a085f,37620b4b8c65c53aef47fa09e10df9ce20dcc41ebded86ec8c2e37b0a99946e4,630,630,8762124677045303681
yes/Y28.jpg,yes,1,6d6496cd067b1f66c46e0ff1c94d118cb8de27043fd662616053e86e367befa1,0da7ca18162b012c5e65e29a6521df3c090a0070342516591883801876f8a8de,630,630,6045552893259291489
yes/Y29.jpg,yes,1,a2001b87954a57a137115e23b5109005facc57fd7ac4f472616c8b8f84c85aa9,7c2aa4a53c65298f5547d4782c6cb9664113aa34ef5141a7028d18270cf092ee,630,630,6228842511525162164
yes/Y3.jpg,yes,1,d9f1ab1674e26c522d2a2dcf1f4f5d818584d2334bfb86bc1a942596b1f9fe4a,5627ef7310a2d5775b2633f1fbf4eaa77ed8bc83a83e663fed0e7810f833b7e9,456,519,3574540538338883920
yes/Y30.jpg,yes,1,0cf3fb8cc340eaed7e2736e620286238b2842d7c84a4d8e70a468c763efa61fa,69539671b91647ea6da6be1be361bc4b6872f34f9bbd3c85f1cfa5443a838320,300,325,6230822427000128785
yes/Y31.jpg,yes,1,5249365945e24fa9b0ff7ec8c972fcb248fdf6ec357e7e1d845d79dfc43c130e,ea7dc5bb1a8bbefda642a5a5ad32d5c79f6decb6f8d7a0441f0b3912d8df65d7,250,294,4848994353658018900
yes/Y32.jpg,yes,1,feb7111720d9d553db2ea7f63af67e0e506dacd5ad30eb4bfd7d98064c8f39c7,adbda2cd245abb1f50d6fc13b63018dc3d585ae06229465743f8da20dd011023,526,555,4772442835396099393
yes/Y33.jpg,yes,1,dcc31f03c9b97631576f94a02a9783643ab2a29e3e72956dbf308cbfa4bfaa4b,ec29cdff7047d7ea62b34c125bfb4d183e75d1102f79ea2672f3383533776599,512,512,7820328740629122657
yes/Y34.jpg,yes,1,8c9eb9ed6af955f9032f1fe3df6acca37ecee613e4ab1bc0bf5d66e327874c3a,6c71c752f33946a433918eaf8039299a42b2039a5a095c0e388f56e9766ac020,310,380,502325822142574769
yes/Y35.jpg,yes,1,8982b5de68ff551f18bb85b0738a740636257d4b2975e7fd8148dbee681d8f4b,e43b07477fc18ff7c82de9ad21f3ac0197faf33625ed1259e39e98652f1f6d3c,450,446,7368761536175544701
yes/Y36.JPG,yes,1,c54a901936d151f78cc641a081701216858de56b2fbec80de32882557c03cbe5,4d8dbdef0dbc0e730a06c85a85e95e1fddb41fd583e3b6419745374b200e7406,204,251,8131814250662230481
yes/Y37.jpg,yes,1,3c09eb1b7864426759bb99fa4e4b3acd0973871cb67a9c85066431091aafad74,d6c7145cffa1d9b450905160ed7b9b4579c864eb77395fc69813e5e6b74e495d,319,360,4735539395466180948
yes/Y38.jpg,yes,1,0cf3fb8cc340eaed7e2736e620286238b2842d7c84a4d8e70a468c763efa61fa,69539671b91647ea6da6be1be361bc4b6872f34f9bbd3c85f1cfa5443a838320,300,325,6230822427000128785
yes/Y39.jpg,yes,1,fbaf145857c5f1ba279eeec4a350f640a2b46d868394ad76b23af9b09c34e776,543e00753b2ae3a42b97e68ca83e94c7ea945e6736e6e1d7dd26808a5dad0e8b,236,278,6006528909584713157
yes/Y4.jpg,yes,1,2760d25b58a26198d6b7860968c2d98c804ae45e9ddbbe3c6d03359bcedb95b4,c6038b3142be4c883f7aee8c7b99566d35b57612dc1fe9c7e7e20295a90c1c04,225,225,5629061736487072625
yes/Y40.JPG,yes,1,234a90d917bf3e4a70259cb6b621a4ea89c059f2150d05462a09e0f779e703aa,fa5259c7cdf1f53bccde7f6d6d68b3b3dc711df9d6ff00ca583ea1607179d3d7,306,365,1480354072142630688
yes/Y41.jpg,yes,1,fca2facace9e457a51ec3b3dd6e3a58ce0800c23258db7b25499639f6aa4ea2f,0d0bde27497b77e34d1be0d7f48501d37676e4645879150da9926071fbf8d195,1275,1427,3210507687598765076
yes/Y42.jpg,yes,1,6f6eff9d836c52f13a68c0f2c3b0226fefee4f59fc75cee06ab555eb44709ad7,47edec7cf5074482816e0f126933dd75201afaceea91269766fd19a0e1dcbd23,200,210,1394798112496236868
yes/Y44.JPG,yes,1,ded0746adccbdec27f21db79d98c1ad3e112c1ff9e21ff41ef579fdbb0e5019a,5e7eca14b014e04c8fbeb72cb2b5662f79b07e0ea57ce3f1c33d8efa1b5c937f,293,337,894815197586013265
yes/Y45.JPG,yes,1,29a0dca969e7ab80d4dff458492b27ba01917b86ed684b0369c609211c824362,ef4f79a4f41ee093e86efc8363be6a29f59de2e9eed4eb05a58b0727bb94f55a,291,340,3683406826686720260
yes/Y46.jpg,yes,1,e5fde4fbf9480d563cb644d3e072d75e04c5e97975e3d8a2ca3b03a46c528664,72191fa7f5b2152dac4de294b17bb39aa06f68db47db9663438d1bfd4bf8c91c,634,929,3599169529938590097
yes/Y47.JPG,yes,1,2fcfad6defbc064bb43c799c07023851f635a4f78b7c792da1e680f78fbeaae3,e68aa817460ae3a1d648bf9d62d1725f616de5f901238fc2ae7e685b5bbe6a36,320,355,448411071124367172
yes/Y49.JPG,yes,1,f23446d4245ca399f42ae59765555ade9b2ade1b3ee2a8fc3d77e2d8b310df0d,254ec0b2133af0acfddca8c448b694d23d062f985daf388d05ced2f269372966,271,307,6794616608719903809
yes/Y50.JPG,yes,1,ae84bfb73e4381d409e3d298980d9758420f9f3b71810d292552aaf2235eaddd,11e4f6ea90b720a70880fa29a68ec3eca0117758aa0d89ffa458f85687126645,315,350,2660320155054864676
yes/Y51.jpg,yes,1,78f18e7c21c4783fb7b731563dfff68ca4d6eb60aaf1f907972a253f8746f717,21ae5635ab2eeb4023aefda84a22d6f1e81aeaf32fcf51cb5285a65156b1c4aa,911,938,1103009439416612096
yes/Y52.jpg,yes,1,43d5e0b3752c017ec8f3f47327aba36edda8e6447ac9b98c614752a6a687df44,d200999060e799c7e792ab9864725f8f8c38182762b83bc27ae3e2d38e187d01,911,938,8079265102638836753
yes/Y53.jpg,yes,1,3aca2acadb402b7fab7f8259ef47e9e651715d5a86a36fede2f859f3da99ece0,446d46ed863618f0ff04e8b2adb4f8af368a4501e14c1d265c3fe9262a73c49b,230,219,1787714163087059284
yes/Y54.jpg,yes,1,0cf3fb8cc340eaed7e2736e620286238b2842d7c84a4d8e70a468c763efa61fa,69539671b91647ea6da6be1be361bc4b6872f34f9bbd3c85f1cfa5443a838320,300,325,6230822427000128785
yes/Y55.jpg,yes,1,423367d5902851752478f75d8b315e59f20a9fe462faf50d2bcaec092a095ce6,caf1bb9b61f8ce8b71c6d7283ed913e49686befe54572e9371c99680b62e8190,620,620,5317443008145731732
yes/Y56.jpg,yes,1,40acbff027d24bd176c03757094fa44ead4856094b9b7b77300a13186fabe7e4,c69d93e782d3db7bb23a8b8bee55c7f96129f0123ea9b0848c4470be404bc933,211,239,8181640488936093968
yes/Y58.JPG,yes,1,ec5edf557c5a16b1b0be775afefe131dbe63713b6c773b37d13e98d15e3e535a,536ae010b72dec062b3a689b3915910694c732a12098ef5bdc10ebe81b7477f3,314,340,3718361181705877937
yes/Y59.JPG,yes,1,22acd08bd4f3ff6d5d53af2a980d7b75930f42d4fd27fc530facf94bb1575ce7,67778117c04d9ef5410e5521de74b72c8e3085491ba75d99bd2109762a058efe,229,270,7209740314817031621
yes/Y6.jpg,yes,1,7e05b989db144b6a707e55d89876272217c7ef5ae5d4c00877f9e808f66eea74,df65f1557e36230e790ffed732de9d1aa1263928c76b3d78cc69c1c0d53ad725,911,938,8079265102638836753
yes/Y60.jpg,yes,1,f71bc49ecd44121e766d68994fd06e797068873777d9cf1344ad5236de98c4bf,292e7ecd789514df747778a15feeb10229484e54145cdf53d4171ac7095767ed,197,255,5123742800277040656
yes/Y61.jpg,yes,1,0813574b1a0108404ee7508bd4901965d91042144309bc3dbfcbf20542b610b3,dcd0739408b5a9221b27f36b6167c546a23ec289c6efde3f211915a16099a189,433,520,2744481144906656020
yes/Y62.jpg,yes,1,5249365945e24fa9b0ff7ec8c972fcb248fdf6ec357e7e1d845d79dfc43c130e,ea7dc5bb1a8bbefda642a5a5ad32d5c79f6decb6f8d7a0441f0b3912d8df65d7,250,294,4848994353658018900
yes/Y65.JPG,yes,1,79af84b55617f832b8a6f5dab87efd386475474dd060b5047b919e9c1e666471,911c540a63b210ba72bd602a75c8196358e58f58a205d736184a7535abf18d9b,205,243,4093215407986342353
yes/Y66.JPG,yes,1,73c350c62520a00c72340d5fc95c812d25b503473674d6ecd594bbbb1cae86e2,c626d3b0cbc6ba8ea7e9049da47367c61b054c32f61809d3752c3e734d5062e9,288,340,4000995867451157860
yes/Y67.JPG,yes,1,ff10ebea461d8636b1af24f5cf41fcbc4b5ab2c4862d742ccd8108727ddb2fa9,05394b1956b374ffad3400486aa171fd7261b32d705ee855a81907d6a623c6f5,215,233,8184804978841230929
yes/Y69.jpg,yes,1,728b7c8bdd193b36f9cf15e8eb10647b6598ee4b3e351f46c04ccec71904cc8b,b5652c67f6bda3449f096aefdb53a17151b4534699691a442597498151362ad4,504,630,445312909546634517
yes/Y7.jpg,yes,1,a66911b8e185964e9f9cb2c8db56eb63b2832c586635b864d29241bc68d2470f,9abf4ad7a7aa95cfbcc7e45b99700eef849af5219dd4c189da1538f068582913,374,456,2047382920745476417
yes/Y70.jpg,yes,1,0cf3fb8cc340eaed7e2736e620286238b2842d7c84a4d8e70a468c763efa61fa,69539671b91647ea6da6be1be361bc4b6872f34f9bbd3c85f1cfa5443a838320,300,325,6230822427000128785
yes/Y71.JPG,yes,1,86c524a536b573b06ee40dc4932b16cacb54c7b2d5000de39e30bdaa20c463c5,735cbef9552a14d7b4a3f84398a094d8eef2c0c9101b3f51c2f077b896ad4856,300,349,2744481144906656020
yes/Y73.jpg,yes,1,3ea514113ad745b5edb063382b96a4abc7570193689c220312eda25f589a3279,b9e261090ae1fa4c62061db4f5b31bde6197d95d693a43cff7492ce90be584d8,250,290,6417180310100522324
yes/Y74.jpg,yes,1,423367d5902851752478f75d8b315e59f20a9fe462faf50d2bcaec092a095ce6,caf1bb9b61f8ce8b71c6d7283ed913e49686befe54572e9371c99680b62e8190,620,620,5317443008145731732
yes/Y75.JPG,yes,1,279ccefd120d2f247c9b63fbd78f26ded85deb90799c18de31b8938963ae5275,41ba1713a0172bdfc63c74f78b33b7fe084c29f647de8fc56d71675df288615f,264,338,714448556959032336
yes/Y76.jpg,yes,1,d192bd91e088d489dd07386803f34033676bdec6418c937b0e1940ceebb5e087,03f0c02287ea5e6c362d4f0faf92bd5051adf16aad4e8d652255b311c0dfae80,353,442,445312909546388757
yes/Y77.jpg,yes,1,9d1b78b86d583a5002fd0f797f22fc1c7eb8a17b031bde6612aa8decc36acd33,a734d21670a7344e01b0dec42fc76147cd87a3d4bdf41f56aae6ee1f91aa32b9,300,353,6019978647027137600
yes/Y78.jpg,yes,1,c18a91d0817014858681729e5b99819820243c85169b9ae0aaabeec5aba39cd7,bb28460f798cf3c1437974cff9208b3a5d3adc72304da42e7ddbb2232cf0117a,201,251,4885849441442755153
yes/Y79.jpg,yes,1,becc758666799e37b9b794ca8771c15c076cc0db5fcd5e142f51717ba19d0493,665398dd64a3482917a9fc377bbcbee957e0f4bf4e48a7d49fb3c6bfcfdd73c9,400,431,6532798353264358992
yes/Y8.jpg,yes,1,599db29f5d7660df9511531b50991607176342b22881a7412289bc62f7ee2e10,1eade1774cc1953e749e172027e573e028bab9a2a2ab71c687c9d75d60b72312,450,446,7368761536175544701
yes/Y81.jpg,yes,1,80b55144133cf5ddf7c961b72df7ad1700bab84a1803986738d2faf8b076567a,e17aa7fb2d8bf251e8fb3a885d2865ae2c62a4314f5b33c760fff27c800fc47b,216,234,4115838140059036804
yes/Y82.jpg,yes,1,0f86705620b9fafe086c53613c406ac0413988f49a7b9d68cdb8018f08b36532,d1a91e77cf6f1ebf0127b7f8154ce032b9b1aa2a79156f123da382c49d536320,226,223,1408294827350256836
yes/Y85.JPG,yes,1,89f6df9589f65709d27d201676ac11d27e67ab4e73fbbb2afd56826efa2442c4,8fd29c26253f5b732202ec57a7031eb06ca6a2bd426f107e00973ddc713f628a,244,308,7380492087424784757
yes/Y86.JPG,yes,1,f9588890598676c036adf1556b72399203fa6788f5d17105a05c39ccb33ccaa4,670808c5e5ca6952dec91dafc3dfdb9c9851e9e07feb3bcf7b0d5698900736f0,272,350,5210157598114538676
yes/Y89.JPG,yes,1,be61ffcce791d84090b83063fadd4cf4638f472e599038567f1445b33b0764c0,d372be321de1f98feb43f054912464cb4f983b8a24ef0376036ea2c8ec122b41,241,286,277959742183989353
yes/Y9.jpg,yes,1,db1cffa2ca584e5eba9696309b94336275e3ba9a0a0fe6a99dc7227e5cd4e10e,207b091128fc623231f1f7b9e0cc5fb1c112ef55d8d14933de01a634a07cbb7e,630,630,3693887440154475984
yes/Y90.jpg,yes,1,b3c83703ca0184fafff6ce3c783a0c9efe1701f79651ce9e8441e02107816d65,22a67d35823acd63be6dca107cbdb4bb73ebb4cc230e0f5c19d7fc1d6f761879,512,512,4370289628441959220
yes/Y91.jpg,yes,1,47ef81df4154ea0c15960d1e6f2b558092823972eff61dc65b0cbe4be6798b5d,3e71fcc3f8a78e780596bbec3dc14e6e087e8d2f9a9eafdf54aa98995bf96af2,1061,1280,3245745811168634452
yes/Y92.jpg,yes,1,d977825f239ece418c34ada46314e205a3348e2de1188e34fe50b66f812da97e,48e14956e775a971778412f5edbc26f87ed3ae651aeca48fc069294f6dcc166c,194,260,5156346899298283792
yes/Y92.png,yes,1,fb5342d3bdd4cd0416ccfbd4587d10fd667dc784772916a764ea3b6b15461e5f,a556fb53ec82b61ce9b867242f0089c12a4e826a461322e87afe93c5a536b93e,240,300,5429673664568846612
yes/Y95.jpg,yes,1,2ecddc01c12b11571f9c8136e62fc0c5d592f7a76f355f51810b5bbe7a2917d1,a72f7ff6699463e309b867152937536c79c3a8e1ebe62553c6fcdaa1a07c304a,225,225,7245783668339915361
yes/Y96.jpg,yes,1,76a496712d6d1d898162441bc4e499ca542cfec2eccb2d725120b9d931292635,2f2c1f55950d6e6debb2792a17caeffa3647a9fd22078ce4c87040deebe06dde,864,938,6038626931727743556
yes/Y97.JPG,yes,1,a710082857d3c2899b6ba957267287c9ccafeb46948b88092332b6d3695b526a,8d9ab3324ee861c253f8572fb3ced7e7b84feb21a633895def7e850ae74ff349,272,355,4331146686549799188
yes/Y98.JPG,yes,1,2e56cee08cdc90d9b182c8c6d08ec3569ff1218891745fff2be77f7f5dd9c5ba,6f5d6cc12ba22d7a4d7fe85d4d5df6e22060234401ce415fe7a8577a2c61071f,276,323,418278942818512388
yes/Y99.JPG,yes,1,72fca1cc64c1d65490bfe145c3fadccd1acaff46f2ea67197908297db4435856,83aa22fb808a463ea27c21ac8706381c25c3aba0c7b79fdc3569fdad0abe4a26,283,357,1634326441202117648
