model,seed,fold,epochs,patience,size,batch,split_hash,protocol,macro_f1,accuracy,balanced_accuracy,sensitivity,specificity,auroc,average_precision,brier,log_loss,config_hash,best_epoch,epochs_run,inner_validation_macro_f1,parameters,wall_seconds,peak_gpu_gb
full,42,0,60,12,128,32,008b31e71f5e86fec4d98c728fe7095038810e3eb509d56355f9c7eff86194b3,classification-v2,0.8221343873517787,0.8222222222222222,0.8273809523809523,0.9047619047619048,0.75,0.8928571428571428,0.9107395661627375,0.15794930348475045,0.4908166936779607,0b0895d99c959e4a00db1accd7e2ef7dcc699cb5f28ca14933f62d34336882e6,7,19,0.7777777777777777,338170,5.589999841000008,0.2008962631225586
no_attention,42,0,60,12,128,32,008b31e71f5e86fec4d98c728fe7095038810e3eb509d56355f9c7eff86194b3,classification-v2,0.8441365660564077,0.8444444444444444,0.8452380952380952,0.8571428571428571,0.8333333333333334,0.8968253968253967,0.9195547412247254,0.13059826757271228,0.41411024457684337,d6094df650dcf8db51e454277610c33516c5c67f2fab44ec6f35c97db8ca5fc4,24,36,0.7381818181818182,328306,3.4478751109999735,0.18642711639404297
no_multiscale,42,0,60,12,128,32,008b31e71f5e86fec4d98c728fe7095038810e3eb509d56355f9c7eff86194b3,classification-v2,0.8432055749128919,0.8444444444444444,0.8422619047619048,0.8095238095238095,0.875,0.9047619047619047,0.916961771213209,0.13490365364111231,0.4949136600412008,5e7420cf1fe89fc2b2a6b410e80cb6fd4ecfa92966d2cf0f0268efd0d9461e9d,41,53,0.7381818181818182,338170,7.103272710999988,0.2008962631225586
no_attention_no_multiscale,42,0,60,12,128,32,008b31e71f5e86fec4d98c728fe7095038810e3eb509d56355f9c7eff86194b3,classification-v2,0.7776679841897234,0.7777777777777778,0.7797619047619048,0.8095238095238095,0.75,0.8829365079365079,0.9018682143654504,0.16053213800996013,0.5106035914977549,e5a8fec118f1458af760c3fefe7daf9a2afbf79e485727dd8c778b4f2b374946,49,60,0.7647058823529411,328306,5.8192626039999595,0.18642711639404297
no_augmentation,42,0,60,12,128,32,008b31e71f5e86fec4d98c728fe7095038810e3eb509d56355f9c7eff86194b3,classification-v2,0.6098929117797043,0.6222222222222222,0.6369047619047619,0.8571428571428571,0.4166666666666667,0.8531746031746031,0.9069134992498293,0.2718146672081696,0.8225471586965426,052f40b169519f4ce0d616ef7ce97865e5469ed02020dadfe566e8c2da9093f2,39,51,0.8074866310160428,338170,6.6404213240000445,0.2008962631225586
plain_cnn,42,0,60,12,128,32,008b31e71f5e86fec4d98c728fe7095038810e3eb509d56355f9c7eff86194b3,classification-v2,0.709051724137931,0.7333333333333333,0.7172619047619048,0.47619047619047616,0.9583333333333334,0.8432539682539683,0.8607356361876812,0.1882103836023689,0.6071563865818675,4b748180f733fa24f107a80a83969b46badc0da9c9205d70dfd2997de8e75564,24,36,0.6884343036978757,261874,2.6016915559999916,0.19661283493041992
narrow_resnet_gn,42,0,60,12,128,32,008b31e71f5e86fec4d98c728fe7095038810e3eb509d56355f9c7eff86194b3,classification-v2,0.8200000000000001,0.8222222222222222,0.8184523809523809,0.7619047619047619,0.875,0.871031746031746,0.9034397682517985,0.13603210929000153,0.5242669909444685,059e7ac2ef8dc26beb6b7c667cec54d1a887fde29fa4270b7c2db13e5c62c1f1,25,37,0.904170363797693,700786,3.616122523999991,0.10411930084228516
full,42,1,60,12,128,32,008b31e71f5e86fec4d98c728fe7095038810e3eb509d56355f9c7eff86194b3,classification-v2,0.8143939393939394,0.8367346938775511,0.8264705882352941,0.8529411764705882,0.8,0.9058823529411765,0.9502860904715014,0.12310844767755734,0.393048703648193,0caae903bcbf5c6e2522d0ce24bf4d10af9cefee7fdaa0bd0f740943557781f0,34,46,0.9066666666666667,338170,6.609310036000011,0.2008962631225586
no_attention,42,1,60,12,128,32,008b31e71f5e86fec4d98c728fe7095038810e3eb509d56355f9c7eff86194b3,classification-v2,0.6198275862068966,0.6326530612244898,0.6607843137254902,0.5882352941176471,0.7333333333333333,0.776470588235294,0.881518064735859,0.23159215300882297,0.6699271283597588,e27db6ad5a221dd3df9c2eda31ae806a77b69b97c84a1ca4a85bd83b69559d6e,27,39,0.8444444444444444,328306,3.737430686000039,0.18642711639404297
no_multiscale,42,1,60,12,128,32,008b31e71f5e86fec4d98c728fe7095038810e3eb509d56355f9c7eff86194b3,classification-v2,0.6991228070175439,0.7142857142857143,0.7382352941176471,0.6764705882352942,0.8,0.8098039215686275,0.9042172153956821,0.23319668985048092,0.8102592166241257,29ebafa4749f9f1d0b1554a8e6870cf2999e8365bfa3d18577d8efd4638b4361,22,34,0.8809523809523809,338170,4.5604842669999925,0.2008962631225586
no_attention_no_multiscale,42,1,60,12,128,32,008b31e71f5e86fec4d98c728fe7095038810e3eb509d56355f9c7eff86194b3,classification-v2,0.656140350877193,0.673469387755102,0.6901960784313725,0.6470588235294118,0.7333333333333333,0.8196078431372549,0.8954809450322223,0.19970706916706019,0.5767403072970337,46f0f8f4984ad15cbf096acd6ca72e33609c267b57bc2b0455c1856d38f2ba90,23,35,0.8528174936921783,328306,3.3461424759999545,0.18642711639404297
no_augmentation,42,1,60,12,128,32,008b31e71f5e86fec4d98c728fe7095038810e3eb509d56355f9c7eff86194b3,classification-v2,0.6131578947368421,0.6326530612244898,0.642156862745098,0.6176470588235294,0.6666666666666666,0.7254901960784313,0.824061885692715,0.23735241957688227,0.6845738984380524,109dd36ae31cdd8c88ff26425b5786ec1665b13e581cc891182f2b31ff7bc253,11,23,0.8164335664335665,338170,2.9213439769999923,0.2008962631225586
plain_cnn,42,1,60,12,128,32,008b31e71f5e86fec4d98c728fe7095038810e3eb509d56355f9c7eff86194b3,classification-v2,0.6847426470588236,0.7142857142857143,0.7009803921568627,0.7352941176470589,0.6666666666666666,0.8254901960784313,0.8868164188360594,0.16384427537848245,0.4986638417302477,a6f91e02be9da9aa38a6ceace0e5629c48ab4a79ebc8bd6e5d0984783362aea1,42,54,0.9028677150786308,261874,3.699156304999974,0.19661283493041992
narrow_resnet_gn,42,1,60,12,128,32,008b31e71f5e86fec4d98c728fe7095038810e3eb509d56355f9c7eff86194b3,classification-v2,0.6805736636245111,0.6938775510204082,0.723529411764706,0.6470588235294118,0.8,0.8235294117647058,0.9150229195933145,0.245566787972052,0.8018895566231441,353384236364805ef2e335d193975048882a032a60ad1db3476bf82280fdf453,19,31,0.8809523809523809,700786,2.9134006929999714,0.10411930084228516
full,42,2,60,12,128,32,008b31e71f5e86fec4d98c728fe7095038810e3eb509d56355f9c7eff86194b3,classification-v2,0.7727272727272727,0.8222222222222222,0.7608173076923077,0.90625,0.6153846153846154,0.8701923076923077,0.9423892437528576,0.12712412443604704,0.40566775811618316,cc89112ea071f9f6c68519181cf383b23ed22d8fe0d3e6196d54e6f07095b4e2,20,32,0.8435828877005347,338170,4.271031772000015,0.2008962631225586
no_attention,42,2,60,12,128,32,008b31e71f5e86fec4d98c728fe7095038810e3eb509d56355f9c7eff86194b3,classification-v2,0.8061538461538462,0.8444444444444444,0.7992788461538461,0.90625,0.6923076923076923,0.9182692307692307,0.9630331718876168,0.10638366950458177,0.33564317597821186,845ef228eff37002e717d43b16c70fbc86b946a6fdd37ff4c30ae55679a6362b,30,42,0.8186046511627907,328306,4.040326386000061,0.18642711639404297
no_multiscale,42,2,60,12,128,32,008b31e71f5e86fec4d98c728fe7095038810e3eb509d56355f9c7eff86194b3,classification-v2,0.6801530891197376,0.7111111111111111,0.7055288461538461,0.71875,0.6923076923076923,0.8653846153846154,0.9317780658109693,0.15102490915243777,0.46241986003582797,faed155a0ae863f58f2bd4104afb8a61a3f79a349cfbd8d35f6defd560c9bb59,21,33,0.8661633493479752,338170,4.31746315700002,0.2008962631225586
no_attention_no_multiscale,42,2,60,12,128,32,008b31e71f5e86fec4d98c728fe7095038810e3eb509d56355f9c7eff86194b3,classification-v2,0.6889952153110048,0.7111111111111111,0.7283653846153846,0.6875,0.7692307692307693,0.8966346153846154,0.9557739893186803,0.1536331531065069,0.4739260839878101,c758ba8c792e05babb163d05e4e1f1bacefeb37358a22bfea18d612a5c4ecd34,21,33,0.7914438502673797,328306,3.1349385510000047,0.18642711639404297
no_augmentation,42,2,60,12,128,32,008b31e71f5e86fec4d98c728fe7095038810e3eb509d56355f9c7eff86194b3,classification-v2,0.6889952153110048,0.7111111111111111,0.7283653846153846,0.6875,0.7692307692307693,0.8581730769230769,0.9402712895909049,0.17487768332213485,0.5282911443223046,69f51c094ba1ffef2d211cd05233116c91273dd84587ba54578671c34b581cd9,9,21,0.7880434782608696,338170,2.731949771000018,0.2008962631225586
plain_cnn,42,2,60,12,128,32,008b31e71f5e86fec4d98c728fe7095038810e3eb509d56355f9c7eff86194b3,classification-v2,0.6309458720612356,0.6666666666666666,0.6514423076923077,0.6875,0.6153846153846154,0.78125,0.8745826616152872,0.19408969663055317,0.5716671501711008,d631cc11631c2e01cdfa6901bd49e368b24cd4d1b77fa745f64afcc1accb579e,22,34,0.8186046511627907,261874,2.3162363629999163,0.19661283493041992
narrow_resnet_gn,42,2,60,12,128,32,008b31e71f5e86fec4d98c728fe7095038810e3eb509d56355f9c7eff86194b3,classification-v2,0.7593582887700534,0.8222222222222222,0.7379807692307692,0.9375,0.5384615384615384,0.7331730769230769,0.7784927011055784,0.14223987339045122,0.4683764452418721,d47c70bddc9724def44bdd29aa3dc654ba2d5b6d71fe1e9197decf47e3ed3c1a,10,22,0.7947368421052632,700786,1.9556496809999544,0.10411930084228516
full,42,3,60,12,128,32,008b31e71f5e86fec4d98c728fe7095038810e3eb509d56355f9c7eff86194b3,classification-v2,0.6595022624434389,0.6744186046511628,0.6726190476190477,0.6785714285714286,0.6666666666666666,0.8071428571428572,0.8978624267104961,0.2523988514034363,0.8068192056454201,ad71956ef08fe29d3eb9d908fa24c8416c4ea8b1cbac561dee70e30e00cde464,40,52,1.0,338170,6.858653189999927,0.2008962631225586
no_attention,42,3,60,12,128,32,008b31e71f5e86fec4d98c728fe7095038810e3eb509d56355f9c7eff86194b3,classification-v2,0.6868347338935574,0.6976744186046512,0.7059523809523809,0.6785714285714286,0.7333333333333333,0.8142857142857143,0.9008335252396427,0.22533541737268573,0.7123608502454831,68ecdd109356095f0ef438a11243322b944ae886d97c9aab80bcac4aa4305a91,30,42,0.8869047619047619,328306,4.030343581000011,0.18642711639404297
no_multiscale,42,3,60,12,128,32,008b31e71f5e86fec4d98c728fe7095038810e3eb509d56355f9c7eff86194b3,classification-v2,0.7138535995160314,0.7441860465116279,0.7107142857142856,0.8214285714285714,0.6,0.8357142857142856,0.9157866669206266,0.1940838125444158,0.6660033390513607,a85eb986477058ad379be75075229448a0388b86dc865db6450e732792615273,26,38,0.9701960784313726,338170,4.995818597000039,0.2008962631225586
no_attention_no_multiscale,42,3,60,12,128,32,008b31e71f5e86fec4d98c728fe7095038810e3eb509d56355f9c7eff86194b3,classification-v2,0.7570621468926553,0.7906976744186046,0.7464285714285714,0.8928571428571429,0.6,0.8333333333333334,0.917077895885792,0.17878828165554655,0.5561193901471053,9cfd560787823753fc119d1258d3402c2bf8e65d7a5aa5c650471106b62efce8,33,45,0.8441345365053323,328306,4.320028242000035,0.18642711639404297
no_augmentation,42,3,60,12,128,32,008b31e71f5e86fec4d98c728fe7095038810e3eb509d56355f9c7eff86194b3,classification-v2,0.6293103448275862,0.6744186046511628,0.6261904761904762,0.7857142857142857,0.4666666666666667,0.6476190476190476,0.8042329812908209,0.29030408459494134,1.0684626612703148,a2f5a153cba612340ff37163f5372bdfeacb78b10926168cd55bef984f0e85f2,19,31,0.8509803921568628,338170,3.966721065999991,0.2008962631225586
plain_cnn,42,3,60,12,128,32,008b31e71f5e86fec4d98c728fe7095038810e3eb509d56355f9c7eff86194b3,classification-v2,0.7081447963800905,0.7209302325581395,0.7238095238095238,0.7142857142857143,0.7333333333333333,0.8261904761904763,0.8729207038517439,0.17752669506526897,0.5450521736609635,6f3aea163dd712c1a6f9f26e20a53487dc4f50f5c1111e6bb044ddb88d409e95,47,59,0.9138321995464853,261874,4.066650654,0.19661283493041992
narrow_resnet_gn,42,3,60,12,128,32,008b31e71f5e86fec4d98c728fe7095038810e3eb509d56355f9c7eff86194b3,classification-v2,0.735014005602241,0.7441860465116279,0.7571428571428571,0.7142857142857143,0.8,0.8738095238095238,0.9324337643219154,0.15522962960175432,0.4600323611513404,fc4eb7d0429455d2b1dba14f26fffe50590e5f9cfee6187ce35b41a3ef84e819,12,24,0.8782051282051282,700786,2.1563729590000094,0.10411930084228516
full,42,4,60,12,128,32,008b31e71f5e86fec4d98c728fe7095038810e3eb509d56355f9c7eff86194b3,classification-v2,0.6461538461538461,0.6521739130434783,0.6807692307692308,0.46153846153846156,0.9,0.8634615384615385,0.8916755309467859,0.2207089438829047,0.6363018055020586,3fb8538a4abeab32bc8d24823c52f8e95f0adc27a72d34397fc6e04d44e7b936,21,33,0.8885448916408669,338170,4.574207455000078,0.2008962631225586
no_attention,42,4,60,12,128,32,008b31e71f5e86fec4d98c728fe7095038810e3eb509d56355f9c7eff86194b3,classification-v2,0.7371428571428571,0.7391304347826086,0.7403846153846154,0.7307692307692307,0.75,0.8596153846153846,0.8705631510962613,0.1515977833763536,0.44726768583815674,2954919d189c3b23a7c30e0ea2b0dfd163bd9fbcdc5fbd3ddfae0674d593953e,23,35,0.8885448916408669,328306,3.3573273169999993,0.18642711639404297
no_multiscale,42,4,60,12,128,32,008b31e71f5e86fec4d98c728fe7095038810e3eb509d56355f9c7eff86194b3,classification-v2,0.7371428571428571,0.7391304347826086,0.7403846153846154,0.7307692307692307,0.75,0.8673076923076923,0.9040382987872884,0.18844800079829188,0.6418338022574731,06f658d78a2a348918cccee578ccdcd9c05426bafc62a3a9ccf8fbfa96beaa8a,44,56,0.916083916083916,338170,7.411749714999928,0.2008962631225586
no_attention_no_multiscale,42,4,60,12,128,32,008b31e71f5e86fec4d98c728fe7095038810e3eb509d56355f9c7eff86194b3,classification-v2,0.7552007740686986,0.7608695652173914,0.7538461538461538,0.8076923076923077,0.7,0.8384615384615385,0.8423693676174272,0.16599681320583803,0.49791585023254015,e58e660c27b6fdbe375be6929793e98eeaff073af74632ab90683ffff05259d4,23,35,0.83125,328306,3.401238623999916,0.18642711639404297
no_augmentation,42,4,60,12,128,32,008b31e71f5e86fec4d98c728fe7095038810e3eb509d56355f9c7eff86194b3,classification-v2,0.6734279918864097,0.6956521739130435,0.6730769230769231,0.8461538461538461,0.5,0.7634615384615384,0.7586622555378891,0.19692191727268504,0.595317968488856,52a39054ed92eb7a5656dd52d42f07fc6ebf5e3b9443d4c6d4026c87f2d87dd7,11,23,0.83125,338170,2.9538493979999885,0.2008962631225586
plain_cnn,42,4,60,12,128,32,008b31e71f5e86fec4d98c728fe7095038810e3eb509d56355f9c7eff86194b3,classification-v2,0.5576923076923077,0.5652173913043478,0.5923076923076923,0.38461538461538464,0.8,0.7884615384615384,0.7858899343420177,0.21692784838704574,0.6174289996478685,3268e42b860150d8e421abaa69ec38670d8f0342b9777839cc0d0252248a63d6,26,38,0.8054054054054054,261874,2.6684310199999572,0.19661283493041992
narrow_resnet_gn,42,4,60,12,128,32,008b31e71f5e86fec4d98c728fe7095038810e3eb509d56355f9c7eff86194b3,classification-v2,0.7172576832151301,0.717391304347826,0.7326923076923078,0.6153846153846154,0.85,0.8211538461538461,0.7828103915396354,0.2148140831981284,0.6565579953533726,9f1f8e31cdfee9cec8bafd51b9c3008a4d90e7583792fc061d729014c19ddafd,16,28,0.8333333333333334,700786,2.6120017390001067,0.10411930084228516
full,43,0,60,12,128,32,008b31e71f5e86fec4d98c728fe7095038810e3eb509d56355f9c7eff86194b3,classification-v2,0.784688995215311,0.8,0.7857142857142857,0.5714285714285714,1.0,0.8809523809523809,0.900587778971238,0.15749299493163468,0.6103781459153773,68a0d78cda5b91e953797a6d627228841031858d7c368bc732cacb3a0e610f73,18,30,0.7714285714285714,338170,3.9401184300000978,0.2008962631225586
no_attention,43,0,60,12,128,32,008b31e71f5e86fec4d98c728fe7095038810e3eb509d56355f9c7eff86194b3,classification-v2,0.8148148148148149,0.8222222222222222,0.8125,0.6666666666666666,0.9583333333333334,0.8809523809523809,0.9135437633967047,0.13417213317801693,0.5151297243258505,9463960499a24fd8be12301a233d960c8c634a074e5013a5e5d8cdb5c57352ae,32,44,0.7401764234161989,328306,4.299636953000004,0.18642711639404297
no_multiscale,43,0,60,12,128,32,008b31e71f5e86fec4d98c728fe7095038810e3eb509d56355f9c7eff86194b3,classification-v2,0.6811740890688258,0.6888888888888889,0.7023809523809523,0.9047619047619048,0.5,0.8948412698412699,0.895730513819855,0.22288045049408797,0.670878788182868,fe13163cfe4a1140ead0cc354cd616ce6325c5aa28fe68b5dd51a33da11360ac,23,35,0.7777777777777777,338170,4.570687377000013,0.2008962631225586
no_attention_no_multiscale,43,0,60,12,128,32,008b31e71f5e86fec4d98c728fe7095038810e3eb509d56355f9c7eff86194b3,classification-v2,0.8633603238866396,0.8666666666666667,0.8601190476190477,0.7619047619047619,0.9583333333333334,0.8968253968253967,0.9254008655225032,0.12178839303792438,0.44198497402289444,3f216526039402f94df86307c8761cb7cae98f0859a4999982ab917fcf71d229,33,45,0.7925925925925925,328306,4.391444045999947,0.18642711639404297
no_augmentation,43,0,60,12,128,32,008b31e71f5e86fec4d98c728fe7095038810e3eb509d56355f9c7eff86194b3,classification-v2,0.6875,0.6888888888888889,0.6964285714285714,0.8095238095238095,0.5833333333333334,0.8353174603174603,0.7773718193341772,0.24680290001978986,0.7522056488735731,8e831940a5c442da3ac35de0f46532916ae50535a5663febd4e13f21d1a98409,26,38,0.8212512413108242,338170,4.844645159000038,0.2008962631225586
plain_cnn,43,0,60,12,128,32,008b31e71f5e86fec4d98c728fe7095038810e3eb509d56355f9c7eff86194b3,classification-v2,0.6153846153846154,0.6222222222222222,0.6339285714285714,0.8095238095238095,0.4583333333333333,0.8115079365079365,0.8537122159905413,0.22625348349770155,0.6449552426627461,75bbd38be43cac52f52f19f8dd5df66f7df52371c31806ca31fff04b581818f3,11,23,0.7304812834224599,261874,1.584057768999969,0.19661283493041992
narrow_resnet_gn,43,0,60,12,128,32,008b31e71f5e86fec4d98c728fe7095038810e3eb509d56355f9c7eff86194b3,classification-v2,0.7536087605774017,0.7555555555555555,0.7648809523809523,0.9047619047619048,0.625,0.9126984126984128,0.9183394764004378,0.1776618340967832,0.5152123088213197,6aac226aa12734d111a2355cdf25a30626993fcf08e9adee26657ff0c2328407,21,33,0.8518518518518519,700786,3.1431900759999962,0.10411930084228516
full,43,1,60,12,128,32,008b31e71f5e86fec4d98c728fe7095038810e3eb509d56355f9c7eff86194b3,classification-v2,0.7297794117647058,0.7551020408163265,0.7490196078431373,0.7647058823529411,0.7333333333333333,0.8215686274509804,0.8705258680912782,0.1738718594625872,0.5538345744437594,ee3a457912f3c9594e3bff571924e8e887118fa294176f22a0ea35810a78061b,22,34,0.8674242424242424,338170,4.429481475999978,0.2008962631225586
no_attention,43,1,60,12,128,32,008b31e71f5e86fec4d98c728fe7095038810e3eb509d56355f9c7eff86194b3,classification-v2,0.6379834854411126,0.6530612244897959,0.6754901960784314,0.6176470588235294,0.7333333333333333,0.8490196078431373,0.914992414361982,0.23469522845662355,0.7088974798947125,5c02afc8bc3034a056f9649922c8a6cbe7bd5303e24841a994e1326c57ba9b3c,29,41,0.8097826086956521,328306,3.90878498699999,0.18642711639404297
no_multiscale,43,1,60,12,128,32,008b31e71f5e86fec4d98c728fe7095038810e3eb509d56355f9c7eff86194b3,classification-v2,0.6063424947145877,0.6122448979591837,0.6647058823529413,0.5294117647058824,0.8,0.8215686274509804,0.905401784046559,0.2809097230327355,0.9053862946252277,29fdc6f15c5cac5c251695a4d6f83d25d95356ac7e14fddf3fbf603ea4896248,26,38,0.825,338170,4.9780408089999355,0.2008962631225586
no_attention_no_multiscale,43,1,60,12,128,32,008b31e71f5e86fec4d98c728fe7095038810e3eb509d56355f9c7eff86194b3,classification-v2,0.6131578947368421,0.6326530612244898,0.642156862745098,0.6176470588235294,0.6666666666666666,0.7372549019607844,0.8118872590541718,0.23036868397179805,0.6576639828242841,31b1a9a8d4e72bc0602e8c2fbc04c4dc5a6a2efb52a6977079f9221a3c6cbf1e,11,23,0.7822222222222222,328306,2.2357932379999284,0.18642711639404297
no_augmentation,43,1,60,12,128,32,008b31e71f5e86fec4d98c728fe7095038810e3eb509d56355f9c7eff86194b3,classification-v2,0.6847426470588236,0.7142857142857143,0.7009803921568627,0.7352941176470589,0.6666666666666666,0.7588235294117647,0.8661742695808193,0.24039391353308173,0.8412595502052304,259b120cf065e4fc14524bb9f20bad5f4ce16da8e3b1055e989072efb3393c5a,22,34,0.8444444444444444,338170,4.373921086999985,0.2008962631225586
plain_cnn,43,1,60,12,128,32,008b31e71f5e86fec4d98c728fe7095038810e3eb509d56355f9c7eff86194b3,classification-v2,0.711111111111111,0.7346938775510204,0.7343137254901961,0.7352941176470589,0.7333333333333333,0.8176470588235295,0.8945118289997103,0.19282702181984634,0.5833132631900965,e6eb1ef53a76b92d19770ba1f7c565031a1abb5a6695587a8bb7a78fd5d57863,52,60,0.8776223776223776,261874,4.082043876000057,0.19661283493041992
narrow_resnet_gn,43,1,60,12,128,32,008b31e71f5e86fec4d98c728fe7095038810e3eb509d56355f9c7eff86194b3,classification-v2,0.75,0.7959183673469388,0.7411764705882353,0.8823529411764706,0.6,0.7941176470588235,0.8728394333868473,0.16023841509061526,0.4969290370533002,98d58544e46113951f9c6d525f9a2a3322ee10a5a3cab1c20f293a4f71e88ba3,13,25,0.8444444444444444,700786,2.2050251540000545,0.10411930084228516
full,43,2,60,12,128,32,008b31e71f5e86fec4d98c728fe7095038810e3eb509d56355f9c7eff86194b3,classification-v2,0.8728094968908988,0.8888888888888888,0.8990384615384616,0.875,0.9230769230769231,0.9591346153846154,0.9850580227287599,0.0873361103002198,0.2929219894419508,eece43ca6633d22afa1e9cd01fed7960e6982d5d8f4181e653b152c4d1f0ad00,31,43,0.8200395517468688,338170,5.645664110999974,0.2008962631225586
no_attention,43,2,60,12,128,32,008b31e71f5e86fec4d98c728fe7095038810e3eb509d56355f9c7eff86194b3,classification-v2,0.6889952153110048,0.7111111111111111,0.7283653846153846,0.6875,0.7692307692307693,0.8389423076923077,0.9175018785428228,0.1817845408294241,0.5418186039824524,b12fadac565131622f80ff6bd0b7cc6b7e0415b80119aee4275e1bd8d6bc1acc,14,26,0.7420634920634921,328306,2.499650279999969,0.18642711639404297
no_multiscale,43,2,60,12,128,32,008b31e71f5e86fec4d98c728fe7095038810e3eb509d56355f9c7eff86194b3,classification-v2,0.8148148148148148,0.8444444444444444,0.8221153846153846,0.875,0.7692307692307693,0.8701923076923077,0.9438596356682414,0.13871916178261562,0.4391251406718078,d6ada1e7eb1679a3a0f7fc0e3d613d350e713e39406ea4563c08486cfa4dfe0c,23,35,0.7936507936507937,338170,4.60504794499991,0.2008962631225586
no_attention_no_multiscale,43,2,60,12,128,32,008b31e71f5e86fec4d98c728fe7095038810e3eb509d56355f9c7eff86194b3,classification-v2,0.7,0.7333333333333333,0.7211538461538461,0.75,0.6923076923076923,0.8221153846153846,0.8996253678434116,0.17436255572371112,0.5281668755744613,89fd7069f8da75c5fee3c37d1cadc1e7ad3015f70bc7189e180930395b1e07ba,14,26,0.7947368421052632,328306,2.4709361080000463,0.18642711639404297
no_augmentation,43,2,60,12,128,32,008b31e71f5e86fec4d98c728fe7095038810e3eb509d56355f9c7eff86194b3,classification-v2,0.708994708994709,0.7555555555555555,0.7139423076923077,0.8125,0.6153846153846154,0.8221153846153846,0.9171991482643065,0.1566953673638369,0.4798116864640221,4113ed1444d3c6dde78994c53aa25f081d13243f2c4623e97b5bc7574bfa94e8,9,21,0.7686222808174028,338170,2.6649723769999127,0.2008962631225586
plain_cnn,43,2,60,12,128,32,008b31e71f5e86fec4d98c728fe7095038810e3eb509d56355f9c7eff86194b3,classification-v2,0.65,0.6888888888888889,0.6670673076923077,0.71875,0.6153846153846154,0.7572115384615384,0.8656841589890789,0.1979237230843439,0.5750072025427875,9f4e176d9a747b0ce348e83c37ffd723b930b2900f72860db73f1c41d6c0f051,23,35,0.8186046511627907,261874,2.3968226709999954,0.19661283493041992
narrow_resnet_gn,43,2,60,12,128,32,008b31e71f5e86fec4d98c728fe7095038810e3eb509d56355f9c7eff86194b3,classification-v2,0.8500000000000001,0.8666666666666667,0.8834134615384616,0.84375,0.9230769230769231,0.9350961538461539,0.9772022834332672,0.11107264598761889,0.37334244480064227,b496d363de9fc66df3414361c17f0bfb0c582b7485c00dd556279518fd22ea08,8,20,0.8460526315789474,700786,1.829719870999952,0.10411930084228516
full,43,3,60,12,128,32,008b31e71f5e86fec4d98c728fe7095038810e3eb509d56355f9c7eff86194b3,classification-v2,0.6803887935963409,0.6976744186046512,0.6904761904761905,0.7142857142857143,0.6666666666666666,0.8166666666666667,0.9030362202594019,0.21212888157697696,0.6251112927637326,0aa1a5b25bde526807a681209685cb9efa59e92ade82c774a9f49cadb80f0615,20,32,0.9415384615384615,338170,4.254585067999983,0.2008962631225586
no_attention,43,3,60,12,128,32,008b31e71f5e86fec4d98c728fe7095038810e3eb509d56355f9c7eff86194b3,classification-v2,0.661826981246219,0.6976744186046512,0.6595238095238095,0.7857142857142857,0.5333333333333333,0.780952380952381,0.882964155443941,0.20704621510761934,0.5909056575376535,eb4247b2310185ef6bf3f01387c34bb79c23bde2b5f1c716ddbc1acd346734cb,21,33,0.9688269073010665,328306,3.2024504490000254,0.18642711639404297
no_multiscale,43,3,60,12,128,32,008b31e71f5e86fec4d98c728fe7095038810e3eb509d56355f9c7eff86194b3,classification-v2,0.6490897677338355,0.6976744186046512,0.644047619047619,0.8214285714285714,0.4666666666666667,0.761904761904762,0.8632325609682124,0.18350255536122692,0.5470642017146233,5293f336ed07018c69ff1fde2dd3b82b0d330c1d8b7d73d8a23663589a928d92,12,24,0.936026936026936,338170,3.1884226589999116,0.2008962631225586
no_attention_no_multiscale,43,3,60,12,128,32,008b31e71f5e86fec4d98c728fe7095038810e3eb509d56355f9c7eff86194b3,classification-v2,0.729559748427673,0.7441860465116279,0.7416666666666667,0.75,0.7333333333333333,0.8380952380952381,0.907646532899672,0.19039224687227788,0.5756688752862119,0965620414069724db4a8a3427a74f48a2792885d84d8dca980f289e0fb746bd,29,41,0.9701960784313726,328306,3.8959309170001006,0.18642711639404297
no_augmentation,43,3,60,12,128,32,008b31e71f5e86fec4d98c728fe7095038810e3eb509d56355f9c7eff86194b3,classification-v2,0.6293103448275862,0.6744186046511628,0.6261904761904762,0.7857142857142857,0.4666666666666667,0.7571428571428571,0.8538923225960818,0.22463454813509323,0.6966741545546664,23201bc5a4e25299e734eff5e67570c7a2fff2ee6b199dcf3768c57a18d33976,22,34,0.8642857142857143,338170,4.347637377999945,0.2008962631225586
plain_cnn,43,3,60,12,128,32,008b31e71f5e86fec4d98c728fe7095038810e3eb509d56355f9c7eff86194b3,classification-v2,0.6490897677338355,0.6976744186046512,0.644047619047619,0.8214285714285714,0.4666666666666667,0.7119047619047619,0.8259174608597751,0.1916839471566258,0.5635248152591601,d1543c41a48e99eefa0d539c5680acbcb61bd95b2d2c5263df5896cff5f80cc6,28,40,0.7076923076923077,261874,2.762662589999991,0.19661283493041992
narrow_resnet_gn,43,3,60,12,128,32,008b31e71f5e86fec4d98c728fe7095038810e3eb509d56355f9c7eff86194b3,classification-v2,0.6490897677338355,0.6976744186046512,0.644047619047619,0.8214285714285714,0.4666666666666667,0.7071428571428572,0.8199813050122294,0.2597800766697068,0.9747893207562466,6797fec712837422f2c78ca30320bcd2c9036caa2936b279e5d88b38f86dae41,34,46,0.8642857142857143,700786,3.9886392139999316,0.10411930084228516
full,43,4,60,12,128,32,008b31e71f5e86fec4d98c728fe7095038810e3eb509d56355f9c7eff86194b3,classification-v2,0.7172576832151301,0.717391304347826,0.726923076923077,0.6538461538461539,0.8,0.7692307692307693,0.8079080115095288,0.21341816693282203,0.6173174704723905,490616d432983e611ab3c8a4c2784742a34432402f8642ddaf8ccb8c032deca9,7,19,0.8328173374613003,338170,2.4817452560000675,0.2008962631225586
no_attention,43,4,60,12,128,32,008b31e71f5e86fec4d98c728fe7095038810e3eb509d56355f9c7eff86194b3,classification-v2,0.7607565011820331,0.7608695652173914,0.7711538461538461,0.6923076923076923,0.85,0.85,0.8576031347823588,0.1581820373106162,0.47257285424763074,d253b66fac3a9930bcf10f150748499ddb2c5577305e66c8004ecfaac312b7b2,18,30,0.8610038610038611,328306,2.887443189999999,0.18642711639404297
no_multiscale,43,4,60,12,128,32,008b31e71f5e86fec4d98c728fe7095038810e3eb509d56355f9c7eff86194b3,classification-v2,0.7997097242380262,0.8043478260869565,0.7980769230769231,0.8461538461538461,0.75,0.926923076923077,0.9527508423397015,0.11683310568760817,0.37914192534318086,9232afd62f647a81b7f015dbbbddffb7549d7a30c564c24acde721f93e1d6475,24,36,0.8333333333333334,338170,4.722513297999967,0.2008962631225586
no_attention_no_multiscale,43,4,60,12,128,32,008b31e71f5e86fec4d98c728fe7095038810e3eb509d56355f9c7eff86194b3,classification-v2,0.7580105212816834,0.7608695652173914,0.7596153846153846,0.7692307692307693,0.75,0.8538461538461539,0.8777975206828023,0.1565472940689828,0.4664937196980716,24df9e913f8afd13590ae2626ce0b890a0211997387fd02fe5bafc61a6f9f8d6,27,39,0.8885448916408669,328306,3.7596795389999897,0.18642711639404297
no_augmentation,43,4,60,12,128,32,008b31e71f5e86fec4d98c728fe7095038810e3eb509d56355f9c7eff86194b3,classification-v2,0.7140124342419896,0.717391304347826,0.7153846153846153,0.7307692307692307,0.7,0.7461538461538462,0.8029100300668581,0.19553226874880367,0.5720227548726623,cdafd4d865e14b5b730999bb3be1957e3176714445a2f757fc50bdd55855657b,8,20,0.8017309205350118,338170,2.6132252370000515,0.2008962631225586
plain_cnn,43,4,60,12,128,32,008b31e71f5e86fec4d98c728fe7095038810e3eb509d56355f9c7eff86194b3,classification-v2,0.7391304347826086,0.7391304347826086,0.7519230769230769,0.6538461538461539,0.85,0.8769230769230769,0.8997917375896582,0.16400659762531766,0.4780772547063478,0b72422e88a4601738778b9cb8f7c13334297713d910899367ae9bd613753c05,31,43,0.8610038610038611,261874,2.9583039679999956,0.19661283493041992
narrow_resnet_gn,43,4,60,12,128,32,008b31e71f5e86fec4d98c728fe7095038810e3eb509d56355f9c7eff86194b3,classification-v2,0.8035121025154248,0.8043478260869565,0.8096153846153846,0.7692307692307693,0.85,0.8480769230769231,0.8181081981716449,0.16132494604564385,0.6077067871123052,073e7742cf5e62dad7ad4b70e509d0684a5831a98ff9890f668005530eeb9b09,27,39,0.8875,700786,3.482259476999957,0.10411930084228516
full,44,0,60,12,128,32,008b31e71f5e86fec4d98c728fe7095038810e3eb509d56355f9c7eff86194b3,classification-v2,0.9107142857142857,0.9111111111111111,0.9107142857142857,0.9047619047619048,0.9166666666666666,0.9246031746031746,0.9447021459093876,0.09429405688311598,0.3565080769421313,4f628f36d87621878e11e4da4c3fa6897caef07e7a5b7fef21f4ac860fea2200,23,35,0.8125,338170,4.620327209000038,0.2008962631225586
no_attention,44,0,60,12,128,32,008b31e71f5e86fec4d98c728fe7095038810e3eb509d56355f9c7eff86194b3,classification-v2,0.8868778280542986,0.8888888888888888,0.8839285714285714,0.8095238095238095,0.9583333333333334,0.8948412698412699,0.9262752286159053,0.11023601401111953,0.42063449360928007,32aeace77725d831438bcf203d3c2f47c2a84c1dd70bbe9ae8deafc78f177f8e,35,47,0.7855319148936171,328306,4.48663293900006,0.18642711639404297
no_multiscale,44,0,60,12,128,32,008b31e71f5e86fec4d98c728fe7095038810e3eb509d56355f9c7eff86194b3,classification-v2,0.8880039820806371,0.8888888888888888,0.8869047619047619,0.8571428571428571,0.9166666666666666,0.9246031746031746,0.9372914721444134,0.10221027677705641,0.36078037371364785,09a9c910d29a12decd437e76151205028e2cbdbdc5d907210b169bc505d98ca9,23,35,0.8402839396628217,338170,4.627507971,0.2008962631225586
no_attention_no_multiscale,44,0,60,12,128,32,008b31e71f5e86fec4d98c728fe7095038810e3eb509d56355f9c7eff86194b3,classification-v2,0.8660714285714286,0.8666666666666667,0.8660714285714286,0.8571428571428571,0.875,0.9166666666666667,0.9361929957168056,0.11601533617931105,0.3933289716281814,ca45a2d4e41856f538d91a1968746ba8b1be9e84bdcb3bd2f47c51e5d22de4cb,30,42,0.6989966555183946,328306,4.03279201600003,0.18642711639404297
no_augmentation,44,0,60,12,128,32,008b31e71f5e86fec4d98c728fe7095038810e3eb509d56355f9c7eff86194b3,classification-v2,0.7984071677451469,0.8,0.7976190476190477,0.7619047619047619,0.8333333333333334,0.8253968253968255,0.8619573518160106,0.1663342243776442,0.629178321028357,e7f44eff8d483fedad8e179abb4fcdde59f3539ab2fa63fa0b9e236a6b47c583,19,31,0.712511091393079,338170,3.968085143000053,0.2008962631225586
plain_cnn,44,0,60,12,128,32,008b31e71f5e86fec4d98c728fe7095038810e3eb509d56355f9c7eff86194b3,classification-v2,0.784688995215311,0.8,0.7857142857142857,0.5714285714285714,1.0,0.8948412698412699,0.9186107136417698,0.14372329321918115,0.5075981400692801,e51a89cd81effc8b8ae84948306758c27c0492aa6172d4316435fc132d97139e,41,53,0.7142857142857142,261874,3.6390740560000268,0.19661283493041992
narrow_resnet_gn,44,0,60,12,128,32,008b31e71f5e86fec4d98c728fe7095038810e3eb509d56355f9c7eff86194b3,classification-v2,0.7088103534096566,0.7111111111111111,0.7202380952380952,0.8571428571428571,0.5833333333333334,0.8829365079365079,0.9032361958882793,0.19302656714062114,0.6060409078200995,3c4b359043cf69253a0932857dc97e45e3f0495a7f0977a8c91643cfeaf2389a,17,29,0.8319327731092436,700786,2.578731494000067,0.10411930084228516
full,44,1,60,12,128,32,008b31e71f5e86fec4d98c728fe7095038810e3eb509d56355f9c7eff86194b3,classification-v2,0.6805736636245111,0.6938775510204082,0.723529411764706,0.6470588235294118,0.8,0.8450980392156863,0.9189453259117432,0.2658407767327006,0.9539101982486617,f2eb8f701c7003616318ea091d51fc04dc5ebea8fca5dd0092edd9aa1c043041,37,49,0.7939444911690496,338170,6.4335843500000465,0.2008962631225586
no_attention,44,1,60,12,128,32,008b31e71f5e86fec4d98c728fe7095038810e3eb509d56355f9c7eff86194b3,classification-v2,0.6063424947145877,0.6122448979591837,0.6647058823529413,0.5294117647058824,0.8,0.7960784313725491,0.8741189485405138,0.31331422764181055,1.0649198414798569,e4333b92323e38c479b02ca81e9e0774a0fd4a8a5d7822d992b2b15a92a54416,31,43,0.825,328306,4.115359961000081,0.18642711639404297
no_multiscale,44,1,60,12,128,32,008b31e71f5e86fec4d98c728fe7095038810e3eb509d56355f9c7eff86194b3,classification-v2,0.6397058823529411,0.673469387755102,0.6529411764705882,0.7058823529411765,0.6,0.7607843137254902,0.906470048915887,0.2756646905773143,0.9614007929575555,bd0e5698cc209726d8208424c597983aabcd25aafe50de66d1ae05391f1324a7,36,48,0.9066666666666667,338170,6.256159658000001,0.2008962631225586
no_attention_no_multiscale,44,1,60,12,128,32,008b31e71f5e86fec4d98c728fe7095038810e3eb509d56355f9c7eff86194b3,classification-v2,0.6222222222222222,0.6530612244897959,0.638235294117647,0.6764705882352942,0.6,0.7470588235294118,0.8407955791449676,0.21103146371745682,0.6058525108131172,7f330e17d9390d590d0fcd3b371d06c84aa8072f60a3363b8cecac6c180b0496,19,31,0.7733580018501387,328306,2.959675230000016,0.18642711639404297
no_augmentation,44,1,60,12,128,32,008b31e71f5e86fec4d98c728fe7095038810e3eb509d56355f9c7eff86194b3,classification-v2,0.5649048625792812,0.5714285714285714,0.6166666666666667,0.5,0.7333333333333333,0.7098039215686275,0.8083263561860615,0.32709401276545413,1.0322174268661564,ffb5c650af1220a2abdde7d2ebe86e314bde11ee15ff9dff4a73bb7892d6b6c1,17,29,0.788975021533161,338170,3.6911093749999964,0.2008962631225586
plain_cnn,44,1,60,12,128,32,008b31e71f5e86fec4d98c728fe7095038810e3eb509d56355f9c7eff86194b3,classification-v2,0.7365591397849462,0.7551020408163265,0.7676470588235295,0.7352941176470589,0.8,0.8666666666666667,0.9331087982977029,0.1779384597738032,0.5516270640962012,446391bff8730e48f55c1003fe4c40c832052da84babb05068e7333ef23496af,37,49,0.8809523809523809,261874,3.341415503999997,0.19661283493041992
narrow_resnet_gn,44,1,60,12,128,32,008b31e71f5e86fec4d98c728fe7095038810e3eb509d56355f9c7eff86194b3,classification-v2,0.6379834854411126,0.6530612244897959,0.6754901960784314,0.6176470588235294,0.7333333333333333,0.7588235294117647,0.8782164855929598,0.26817444213368363,0.9373716113760349,dd23226df270b3b6a461b89be39e5ca323591166ddcef59a8592e950530cb2de,21,33,0.7822222222222222,700786,2.9591535099999646,0.10411930084228516
full,44,2,60,12,128,32,008b31e71f5e86fec4d98c728fe7095038810e3eb509d56355f9c7eff86194b3,classification-v2,0.9206349206349206,0.9333333333333333,0.9302884615384616,0.9375,0.9230769230769231,0.9591346153846154,0.9851663334039585,0.06770652929347755,0.24139733927313736,809bda70ee68d61fc7c5e34e80b2fb913b01f845b349d3fda5d572feee07a962,29,41,0.8661633493479752,338170,5.458001623999962,0.2008962631225586
no_attention,44,2,60,12,128,32,008b31e71f5e86fec4d98c728fe7095038810e3eb509d56355f9c7eff86194b3,classification-v2,0.7710570944036179,0.8,0.7908653846153846,0.8125,0.7692307692307693,0.9134615384615384,0.9659477273711581,0.10924868056758849,0.3236256882825112,c8c140148790f20e95e540b0cbbe6339e2c5dc297bcbbefebf06f139f2f71b08,42,54,0.7936507936507937,328306,5.1628459479999265,0.18642711639404297
no_multiscale,44,2,60,12,128,32,008b31e71f5e86fec4d98c728fe7095038810e3eb509d56355f9c7eff86194b3,classification-v2,0.8060344827586207,0.8222222222222222,0.8521634615384616,0.78125,0.9230769230769231,0.9735576923076923,0.9889484959751836,0.09725585586950473,0.28776769635762023,db240ce39a3a2e5b7e892b39375dfac5c6c5b39740927c3bc90f6e04ca5ae5e7,34,46,0.8704318936877076,338170,6.11787372699996,0.2008962631225586
no_attention_no_multiscale,44,2,60,12,128,32,008b31e71f5e86fec4d98c728fe7095038810e3eb509d56355f9c7eff86194b3,classification-v2,0.7727272727272727,0.8222222222222222,0.7608173076923077,0.90625,0.6153846153846154,0.8966346153846154,0.95400983703085,0.1682344513402611,0.5218777265487959,84aa6284b312cf5ad5289014009b022391506619aa04e9871ec13971dac05ab3,12,24,0.7692307692307693,328306,2.2982778120000376,0.18642711639404297
no_augmentation,44,2,60,12,128,32,008b31e71f5e86fec4d98c728fe7095038810e3eb509d56355f9c7eff86194b3,classification-v2,0.8918269230769231,0.9111111111111111,0.8918269230769231,0.9375,0.8461538461538461,0.9495192307692307,0.9813610555516259,0.07956339611912908,0.2631692554023382,6461dfb0dfe37142ee77c515a9650f666372e95ad5b1ccad6e79ebbcbb3aaa6a,25,37,0.7692307692307693,338170,4.702485708999916,0.2008962631225586
plain_cnn,44,2,60,12,128,32,008b31e71f5e86fec4d98c728fe7095038810e3eb509d56355f9c7eff86194b3,classification-v2,0.8963133640552995,0.9111111111111111,0.9146634615384616,0.90625,0.9230769230769231,0.9735576923076923,0.9896039136657797,0.07693732997527518,0.2645371372470678,2af5621902f683fd663397b51794b19e784886381585bee59a4dfe5afc1f4ca4,39,51,0.8452380952380952,261874,3.4706853320000164,0.19661283493041992
narrow_resnet_gn,44,2,60,12,128,32,008b31e71f5e86fec4d98c728fe7095038810e3eb509d56355f9c7eff86194b3,classification-v2,0.7710570944036179,0.8,0.7908653846153846,0.8125,0.7692307692307693,0.8221153846153846,0.8730249207971701,0.16447767978048455,0.5103862866846488,ed1cdb582060f3ab9c65132ff6a7c92097b0f67cbc1d150d888b342bc1805aef,15,27,0.7880434782608696,700786,2.372427614000003,0.10411930084228516
full,44,3,60,12,128,32,008b31e71f5e86fec4d98c728fe7095038810e3eb509d56355f9c7eff86194b3,classification-v2,0.6868347338935574,0.6976744186046512,0.7059523809523809,0.6785714285714286,0.7333333333333333,0.7785714285714286,0.8910365350977105,0.22809095517580893,0.7227532605758695,58897424feaa42cfafaa14b6923d51d61b8c0cb40584e4c02b33d482bee9acdd,25,37,0.8563869992441421,338170,4.861179328999924,0.2008962631225586
no_attention,44,3,60,12,128,32,008b31e71f5e86fec4d98c728fe7095038810e3eb509d56355f9c7eff86194b3,classification-v2,0.661826981246219,0.6976744186046512,0.6595238095238095,0.7857142857142857,0.5333333333333333,0.7571428571428571,0.857897057754663,0.19447294032175338,0.5864368213941031,e23c4ffa8f027ee9dd657956dcb88c8a4c9c1d8a824e63ebf8b24cded2ff04d7,21,33,0.8563869992441421,328306,3.187416563000056,0.18642711639404297
no_multiscale,44,3,60,12,128,32,008b31e71f5e86fec4d98c728fe7095038810e3eb509d56355f9c7eff86194b3,classification-v2,0.7138535995160314,0.7441860465116279,0.7107142857142856,0.8214285714285714,0.6,0.7880952380952381,0.8780632287372324,0.1991225152590438,0.6599331563488977,a885e664ddef47c78b98db59aab349c4779680aaf0c5870448ad7bf709358064,21,33,0.9105882352941177,338170,4.367950576999988,0.2008962631225586
no_attention_no_multiscale,44,3,60,12,128,32,008b31e71f5e86fec4d98c728fe7095038810e3eb509d56355f9c7eff86194b3,classification-v2,0.6928571428571428,0.7209302325581395,0.6928571428571428,0.7857142857142857,0.6,0.7785714285714286,0.8739198545521075,0.2086234249827897,0.6082543664336058,5d8201f5c84ebded4dd48c9ad0d6244c2922879ba0a982b404f84966dc142767,42,54,0.9138321995464853,328306,5.265738148999958,0.18642711639404297
no_augmentation,44,3,60,12,128,32,008b31e71f5e86fec4d98c728fe7095038810e3eb509d56355f9c7eff86194b3,classification-v2,0.6532258064516129,0.7209302325581395,0.6464285714285715,0.8928571428571429,0.4,0.7952380952380953,0.8927036027495118,0.2159236215407832,0.7039865590611587,e3a8ec29109a4fe7b260a29c4263f6d7fc606e2ebe4e12745af482042c7b3814,28,40,0.9391025641025641,338170,5.241165449999926,0.2008962631225586
plain_cnn,44,3,60,12,128,32,008b31e71f5e86fec4d98c728fe7095038810e3eb509d56355f9c7eff86194b3,classification-v2,0.7081447963800905,0.7209302325581395,0.7238095238095238,0.7142857142857143,0.7333333333333333,0.8119047619047619,0.8861604133658016,0.19041056472705528,0.5719705791331237,de67610f68ba41e994706d7ce7a35961405d0de64b101b271462f5303629135b,45,57,0.9415384615384615,261874,3.926235954000049,0.19661283493041992
narrow_resnet_gn,44,3,60,12,128,32,008b31e71f5e86fec4d98c728fe7095038810e3eb509d56355f9c7eff86194b3,classification-v2,0.6868347338935574,0.6976744186046512,0.7059523809523809,0.6785714285714286,0.7333333333333333,0.7857142857142857,0.8757188787200397,0.20529763178862614,0.6051520462930674,588487073d005ee3c62cb67888ddc053bbd7d8a27e5f893505c84f0e3598cd34,15,27,0.8606016140865738,700786,2.4657006220000994,0.10411930084228516
full,44,4,60,12,128,32,008b31e71f5e86fec4d98c728fe7095038810e3eb509d56355f9c7eff86194b3,classification-v2,0.7997097242380262,0.8043478260869565,0.7980769230769231,0.8461538461538461,0.75,0.8826923076923077,0.8988887443507669,0.13973312888517156,0.4381981092338213,dd12d436045075abf13862773c6c845c2b59124d214464c7849d4bd1ee947d63,12,24,0.8328173374613003,338170,3.1504434720000063,0.2008962631225586
no_attention,44,4,60,12,128,32,008b31e71f5e86fec4d98c728fe7095038810e3eb509d56355f9c7eff86194b3,classification-v2,0.7261904761904762,0.7391304347826086,0.7230769230769231,0.8461538461538461,0.6,0.8557692307692308,0.8778435417478159,0.1539010360405673,0.4497098897096063,55efcf52ce816ea38c773749f99588d3f6c4cf151fc1b580bab0df82c53d1f3b,31,43,0.9166023166023166,328306,4.1702738010000076,0.18642711639404297
no_multiscale,44,4,60,12,128,32,008b31e71f5e86fec4d98c728fe7095038810e3eb509d56355f9c7eff86194b3,classification-v2,0.6933333333333334,0.6956521739130435,0.7192307692307692,0.5384615384615384,0.9,0.8961538461538461,0.9091801561151922,0.19892847530259586,0.5856347852587266,59a87e9949b092a3266f8ffc1826a640185946e981338cffc191741e027fe4dd,7,19,0.8601398601398602,338170,2.5093294069999956,0.2008962631225586
no_attention_no_multiscale,44,4,60,12,128,32,008b31e71f5e86fec4d98c728fe7095038810e3eb509d56355f9c7eff86194b3,classification-v2,0.7371428571428571,0.7391304347826086,0.7403846153846154,0.7307692307692307,0.75,0.8461538461538461,0.8433180432982182,0.1638609474886973,0.4824497817942374,61732e73c46900be9c60c67e09c39d0a03e128a2937877403d0065b8fc4c9801,23,35,0.8885448916408669,328306,3.405842352000036,0.18642711639404297
no_augmentation,44,4,60,12,128,32,008b31e71f5e86fec4d98c728fe7095038810e3eb509d56355f9c7eff86194b3,classification-v2,0.7607565011820331,0.7608695652173914,0.7711538461538461,0.6923076923076923,0.85,0.8634615384615384,0.8640676566988855,0.16587303291558603,0.4868917402761923,81f64630d314a6485513f73878756dd3f55c6e5125c4b9efa61b93f2e6170af9,10,22,0.8041958041958042,338170,2.820692388999987,0.2008962631225586
plain_cnn,44,4,60,12,128,32,008b31e71f5e86fec4d98c728fe7095038810e3eb509d56355f9c7eff86194b3,classification-v2,0.7161841480778358,0.717391304347826,0.7211538461538461,0.6923076923076923,0.75,0.8153846153846154,0.7924724941389817,0.17590432212871646,0.5250947884677614,1ba588d8fd312b414118cf59b2c07290231cc5772204456e9606ef136f9d58d1,38,50,0.8041958041958042,261874,3.4320999100000336,0.19661283493041992
narrow_resnet_gn,44,4,60,12,128,32,008b31e71f5e86fec4d98c728fe7095038810e3eb509d56355f9c7eff86194b3,classification-v2,0.6950757575757576,0.6956521739130435,0.7134615384615384,0.5769230769230769,0.85,0.8538461538461539,0.8432091531193937,0.24484300767945164,0.8591400482553159,92a21477e8c7a506e326ced86faa18ab48cbe398712586f3182cec1a42c3d542,20,32,0.9166023166023166,700786,2.815120315999934,0.10411930084228516
