model,seed,curve,x,y
full,42,ROC,0.0,0.0
full,42,ROC,0.0,0.0070921985815602835
full,42,ROC,0.0,0.14893617021276595
full,42,ROC,0.011494252873563218,0.14893617021276595
full,42,ROC,0.011494252873563218,0.20567375886524822
full,42,ROC,0.022988505747126436,0.20567375886524822
full,42,ROC,0.022988505747126436,0.2198581560283688
full,42,ROC,0.034482758620689655,0.2198581560283688
full,42,ROC,0.034482758620689655,0.2624113475177305
full,42,ROC,0.04597701149425287,0.2624113475177305
full,42,ROC,0.04597701149425287,0.3333333333333333
full,42,ROC,0.05747126436781609,0.3333333333333333
full,42,ROC,0.05747126436781609,0.5035460992907801
full,42,ROC,0.06896551724137931,0.5035460992907801
full,42,ROC,0.06896551724137931,0.5177304964539007
full,42,ROC,0.08045977011494253,0.5177304964539007
full,42,ROC,0.08045977011494253,0.5390070921985816
full,42,ROC,0.09195402298850575,0.5390070921985816
full,42,ROC,0.09195402298850575,0.5957446808510638
full,42,ROC,0.10344827586206896,0.5957446808510638
full,42,ROC,0.10344827586206896,0.6028368794326241
full,42,ROC,0.11494252873563218,0.6028368794326241
full,42,ROC,0.11494252873563218,0.6099290780141844
full,42,ROC,0.12643678160919541,0.6099290780141844
full,42,ROC,0.12643678160919541,0.624113475177305
full,42,ROC,0.13793103448275862,0.624113475177305
full,42,ROC,0.13793103448275862,0.6382978723404256
full,42,ROC,0.14942528735632185,0.6382978723404256
full,42,ROC,0.14942528735632185,0.6524822695035462
full,42,ROC,0.16091954022988506,0.6524822695035462
full,42,ROC,0.16091954022988506,0.6950354609929078
full,42,ROC,0.1724137931034483,0.6950354609929078
full,42,ROC,0.1724137931034483,0.7021276595744681
full,42,ROC,0.20689655172413793,0.7021276595744681
full,42,ROC,0.20689655172413793,0.7092198581560284
full,42,ROC,0.21839080459770116,0.7092198581560284
full,42,ROC,0.21839080459770116,0.7163120567375887
full,42,ROC,0.22988505747126436,0.7163120567375887
full,42,ROC,0.22988505747126436,0.7375886524822695
full,42,ROC,0.2413793103448276,0.7375886524822695
full,42,ROC,0.2413793103448276,0.7801418439716312
full,42,ROC,0.25287356321839083,0.7801418439716312
full,42,ROC,0.25287356321839083,0.7872340425531915
full,42,ROC,0.26436781609195403,0.7872340425531915
full,42,ROC,0.26436781609195403,0.8014184397163121
full,42,ROC,0.27586206896551724,0.8014184397163121
full,42,ROC,0.27586206896551724,0.8085106382978723
full,42,ROC,0.3448275862068966,0.8085106382978723
full,42,ROC,0.3448275862068966,0.8226950354609929
full,42,ROC,0.3563218390804598,0.8226950354609929
full,42,ROC,0.3563218390804598,0.8297872340425532
full,42,ROC,0.367816091954023,0.8297872340425532
full,42,ROC,0.367816091954023,0.8368794326241135
full,42,ROC,0.4367816091954023,0.8368794326241135
full,42,ROC,0.4367816091954023,0.8439716312056738
full,42,ROC,0.45977011494252873,0.8439716312056738
full,42,ROC,0.45977011494252873,0.851063829787234
full,42,ROC,0.4827586206896552,0.851063829787234
full,42,ROC,0.4827586206896552,0.8581560283687943
full,42,ROC,0.5057471264367817,0.8581560283687943
full,42,ROC,0.5057471264367817,0.8865248226950354
full,42,ROC,0.5172413793103449,0.8865248226950354
full,42,ROC,0.5172413793103449,0.8936170212765957
full,42,ROC,0.5287356321839081,0.8936170212765957
full,42,ROC,0.5287356321839081,0.9148936170212766
full,42,ROC,0.5517241379310345,0.9148936170212766
full,42,ROC,0.5517241379310345,0.9219858156028369
full,42,ROC,0.5747126436781609,0.9219858156028369
full,42,ROC,0.5747126436781609,0.9361702127659575
full,42,ROC,0.6206896551724138,0.9361702127659575
full,42,ROC,0.6206896551724138,0.9432624113475178
full,42,ROC,0.6436781609195402,0.9432624113475178
full,42,ROC,0.6436781609195402,0.950354609929078
full,42,ROC,0.6551724137931034,0.950354609929078
full,42,ROC,0.6551724137931034,0.9574468085106383
full,42,ROC,0.6666666666666666,0.9574468085106383
full,42,ROC,0.6666666666666666,0.9645390070921985
full,42,ROC,0.6781609195402298,0.9645390070921985
full,42,ROC,0.6781609195402298,0.9716312056737588
full,42,ROC,0.7011494252873564,0.9716312056737588
full,42,ROC,0.7011494252873564,0.9787234042553191
full,42,ROC,0.735632183908046,0.9787234042553191
full,42,ROC,0.735632183908046,0.9858156028368794
full,42,ROC,0.8620689655172413,0.9858156028368794
full,42,ROC,0.8620689655172413,0.9929078014184397
full,42,ROC,0.9310344827586207,0.9929078014184397
full,42,ROC,0.9310344827586207,1.0
full,42,ROC,1.0,1.0
full,42,PR,1.0,0.618421052631579
full,42,PR,1.0,0.6211453744493393
full,42,PR,1.0,0.6238938053097345
full,42,PR,1.0,0.6266666666666667
full,42,PR,1.0,0.6294642857142857
full,42,PR,1.0,0.6322869955156951
full,42,PR,1.0,0.6351351351351351
full,42,PR,0.9929078014184397,0.6334841628959276
full,42,PR,0.9929078014184397,0.6363636363636364
full,42,PR,0.9929078014184397,0.639269406392694
full,42,PR,0.9929078014184397,0.6422018348623854
full,42,PR,0.9929078014184397,0.6451612903225806
full,42,PR,0.9929078014184397,0.6481481481481481
full,42,PR,0.9929078014184397,0.6511627906976745
full,42,PR,0.9858156028368794,0.6495327102803738
full,42,PR,0.9858156028368794,0.6525821596244131
full,42,PR,0.9858156028368794,0.6556603773584906
full,42,PR,0.9858156028368794,0.6587677725118484
full,42,PR,0.9858156028368794,0.6619047619047619
full,42,PR,0.9858156028368794,0.6650717703349283
full,42,PR,0.9858156028368794,0.6682692307692307
full,42,PR,0.9858156028368794,0.6714975845410628
full,42,PR,0.9858156028368794,0.6747572815533981
full,42,PR,0.9858156028368794,0.6780487804878049
full,42,PR,0.9858156028368794,0.6813725490196079
full,42,PR,0.9858156028368794,0.6847290640394089
full,42,PR,0.9787234042553191,0.6831683168316832
full,42,PR,0.9787234042553191,0.6865671641791045
full,42,PR,0.9787234042553191,0.69
full,42,PR,0.9787234042553191,0.6934673366834171
full,42,PR,0.9716312056737588,0.6919191919191919
full,42,PR,0.9716312056737588,0.6954314720812182
full,42,PR,0.9716312056737588,0.6989795918367347
full,42,PR,0.9645390070921985,0.6974358974358974
full,42,PR,0.9645390070921985,0.7010309278350515
full,42,PR,0.9574468085106383,0.6994818652849741
full,42,PR,0.9574468085106383,0.703125
full,42,PR,0.950354609929078,0.7015706806282722
full,42,PR,0.950354609929078,0.7052631578947368
full,42,PR,0.9432624113475178,0.7037037037037037
full,42,PR,0.9432624113475178,0.7074468085106383
full,42,PR,0.9432624113475178,0.7112299465240641
full,42,PR,0.9361702127659575,0.7096774193548387
full,42,PR,0.9361702127659575,0.7135135135135136
full,42,PR,0.9361702127659575,0.717391304347826
full,42,PR,0.9361702127659575,0.7213114754098361
full,42,PR,0.9361702127659575,0.7252747252747253
full,42,PR,0.9290780141843972,0.7237569060773481
full,42,PR,0.9219858156028369,0.7222222222222222
full,42,PR,0.9219858156028369,0.7262569832402235
full,42,PR,0.9219858156028369,0.7303370786516854
full,42,PR,0.9148936170212766,0.7288135593220338
full,42,PR,0.9148936170212766,0.7329545454545454
full,42,PR,0.9148936170212766,0.7371428571428571
full,42,PR,0.9078014184397163,0.735632183908046
full,42,PR,0.900709219858156,0.7341040462427746
full,42,PR,0.8936170212765957,0.7325581395348837
full,42,PR,0.8936170212765957,0.7368421052631579
full,42,PR,0.8865248226950354,0.7352941176470589
full,42,PR,0.8865248226950354,0.7396449704142012
full,42,PR,0.8794326241134752,0.7380952380952381
full,42,PR,0.8723404255319149,0.7365269461077845
full,42,PR,0.8652482269503546,0.7349397590361446
full,42,PR,0.8581560283687943,0.7333333333333333
full,42,PR,0.8581560283687943,0.7378048780487805
full,42,PR,0.8581560283687943,0.7423312883435583
full,42,PR,0.851063829787234,0.7407407407407407
full,42,PR,0.851063829787234,0.7453416149068323
full,42,PR,0.851063829787234,0.75
full,42,PR,0.8439716312056738,0.7484276729559748
full,42,PR,0.8439716312056738,0.7531645569620253
full,42,PR,0.8439716312056738,0.7579617834394905
full,42,PR,0.8368794326241135,0.7564102564102564
full,42,PR,0.8368794326241135,0.7612903225806451
full,42,PR,0.8368794326241135,0.7662337662337663
full,42,PR,0.8368794326241135,0.7712418300653595
full,42,PR,0.8368794326241135,0.7763157894736842
full,42,PR,0.8368794326241135,0.7814569536423841
full,42,PR,0.8368794326241135,0.7866666666666666
full,42,PR,0.8297872340425532,0.785234899328859
full,42,PR,0.8297872340425532,0.7905405405405406
full,42,PR,0.8226950354609929,0.7891156462585034
full,42,PR,0.8226950354609929,0.7945205479452054
full,42,PR,0.8156028368794326,0.7931034482758621
full,42,PR,0.8085106382978723,0.7916666666666666
full,42,PR,0.8085106382978723,0.7972027972027972
full,42,PR,0.8085106382978723,0.8028169014084507
full,42,PR,0.8085106382978723,0.8085106382978723
full,42,PR,0.8085106382978723,0.8142857142857143
full,42,PR,0.8085106382978723,0.8201438848920863
full,42,PR,0.8085106382978723,0.8260869565217391
full,42,PR,0.8014184397163121,0.8248175182481752
full,42,PR,0.8014184397163121,0.8308823529411765
full,42,PR,0.7943262411347518,0.8296296296296296
full,42,PR,0.7872340425531915,0.8283582089552238
full,42,PR,0.7872340425531915,0.8345864661654135
full,42,PR,0.7801418439716312,0.8333333333333334
full,42,PR,0.7801418439716312,0.8396946564885496
full,42,PR,0.7730496453900709,0.8384615384615385
full,42,PR,0.7659574468085106,0.8372093023255814
full,42,PR,0.7588652482269503,0.8359375
full,42,PR,0.75177304964539,0.8346456692913385
full,42,PR,0.7446808510638298,0.8333333333333334
full,42,PR,0.7375886524822695,0.832
full,42,PR,0.7375886524822695,0.8387096774193549
full,42,PR,0.7304964539007093,0.8373983739837398
full,42,PR,0.723404255319149,0.8360655737704918
full,42,PR,0.7163120567375887,0.8347107438016529
full,42,PR,0.7163120567375887,0.8416666666666667
full,42,PR,0.7092198581560284,0.8403361344537815
full,42,PR,0.7092198581560284,0.847457627118644
full,42,PR,0.7021276595744681,0.8461538461538461
full,42,PR,0.7021276595744681,0.853448275862069
full,42,PR,0.7021276595744681,0.8608695652173913
full,42,PR,0.7021276595744681,0.868421052631579
full,42,PR,0.6950354609929078,0.8672566371681416
full,42,PR,0.6950354609929078,0.875
full,42,PR,0.6879432624113475,0.8738738738738738
full,42,PR,0.6808510638297872,0.8727272727272727
full,42,PR,0.6737588652482269,0.8715596330275229
full,42,PR,0.6666666666666666,0.8703703703703703
full,42,PR,0.6595744680851063,0.8691588785046729
full,42,PR,0.6524822695035462,0.8679245283018868
full,42,PR,0.6524822695035462,0.8761904761904762
full,42,PR,0.6453900709219859,0.875
full,42,PR,0.6382978723404256,0.8737864077669902
full,42,PR,0.6382978723404256,0.8823529411764706
full,42,PR,0.6312056737588653,0.8811881188118812
full,42,PR,0.624113475177305,0.88
full,42,PR,0.624113475177305,0.8888888888888888
full,42,PR,0.6170212765957447,0.8877551020408163
full,42,PR,0.6099290780141844,0.8865979381443299
full,42,PR,0.6099290780141844,0.8958333333333334
full,42,PR,0.6028368794326241,0.8947368421052632
full,42,PR,0.6028368794326241,0.9042553191489362
full,42,PR,0.5957446808510638,0.9032258064516129
full,42,PR,0.5957446808510638,0.9130434782608695
full,42,PR,0.5886524822695035,0.9120879120879121
full,42,PR,0.5815602836879432,0.9111111111111111
full,42,PR,0.574468085106383,0.9101123595505618
full,42,PR,0.5673758865248227,0.9090909090909091
full,42,PR,0.5602836879432624,0.9080459770114943
full,42,PR,0.5531914893617021,0.9069767441860465
full,42,PR,0.5460992907801419,0.9058823529411765
full,42,PR,0.5390070921985816,0.9047619047619048
full,42,PR,0.5390070921985816,0.9156626506024096
full,42,PR,0.5319148936170213,0.9146341463414634
full,42,PR,0.524822695035461,0.9135802469135802
full,42,PR,0.5177304964539007,0.9125
full,42,PR,0.5177304964539007,0.9240506329113924
full,42,PR,0.5106382978723404,0.9230769230769231
full,42,PR,0.5035460992907801,0.922077922077922
full,42,PR,0.5035460992907801,0.9342105263157895
full,42,PR,0.49645390070921985,0.9333333333333333
full,42,PR,0.48936170212765956,0.9324324324324325
full,42,PR,0.48226950354609927,0.9315068493150684
full,42,PR,0.475177304964539,0.9305555555555556
full,42,PR,0.46808510638297873,0.9295774647887324
full,42,PR,0.46099290780141844,0.9285714285714286
full,42,PR,0.45390070921985815,0.927536231884058
full,42,PR,0.44680851063829785,0.9264705882352942
full,42,PR,0.4397163120567376,0.9253731343283582
full,42,PR,0.4326241134751773,0.9242424242424242
full,42,PR,0.425531914893617,0.9230769230769231
full,42,PR,0.41843971631205673,0.921875
full,42,PR,0.41134751773049644,0.9206349206349206
full,42,PR,0.40425531914893614,0.9193548387096774
full,42,PR,0.3971631205673759,0.9180327868852459
full,42,PR,0.3900709219858156,0.9166666666666666
full,42,PR,0.3829787234042553,0.9152542372881356
full,42,PR,0.375886524822695,0.9137931034482759
full,42,PR,0.36879432624113473,0.9122807017543859
full,42,PR,0.3617021276595745,0.9107142857142857
full,42,PR,0.3546099290780142,0.9090909090909091
full,42,PR,0.3475177304964539,0.9074074074074074
full,42,PR,0.3404255319148936,0.9056603773584906
full,42,PR,0.3333333333333333,0.9038461538461539
full,42,PR,0.3333333333333333,0.9215686274509803
full,42,PR,0.3262411347517731,0.92
full,42,PR,0.3191489361702128,0.9183673469387755
full,42,PR,0.3120567375886525,0.9166666666666666
full,42,PR,0.3049645390070922,0.9148936170212766
full,42,PR,0.2978723404255319,0.9130434782608695
full,42,PR,0.2907801418439716,0.9111111111111111
full,42,PR,0.28368794326241137,0.9090909090909091
full,42,PR,0.2765957446808511,0.9069767441860465
full,42,PR,0.2695035460992908,0.9047619047619048
full,42,PR,0.2624113475177305,0.9024390243902439
full,42,PR,0.2624113475177305,0.925
full,42,PR,0.2553191489361702,0.9230769230769231
full,42,PR,0.24822695035460993,0.9210526315789473
full,42,PR,0.24113475177304963,0.918918918918919
full,42,PR,0.23404255319148937,0.9166666666666666
full,42,PR,0.22695035460992907,0.9142857142857143
full,42,PR,0.2198581560283688,0.9117647058823529
full,42,PR,0.2198581560283688,0.9393939393939394
full,42,PR,0.2127659574468085,0.9375
full,42,PR,0.20567375886524822,0.9354838709677419
full,42,PR,0.20567375886524822,0.9666666666666667
full,42,PR,0.19858156028368795,0.9655172413793104
full,42,PR,0.19148936170212766,0.9642857142857143
full,42,PR,0.18439716312056736,0.9629629629629629
full,42,PR,0.1773049645390071,0.9615384615384616
full,42,PR,0.1702127659574468,0.96
full,42,PR,0.16312056737588654,0.9583333333333334
full,42,PR,0.15602836879432624,0.9565217391304348
full,42,PR,0.14893617021276595,0.9545454545454546
full,42,PR,0.14893617021276595,1.0
full,42,PR,0.14184397163120568,1.0
full,42,PR,0.1347517730496454,1.0
full,42,PR,0.1276595744680851,1.0
full,42,PR,0.12056737588652482,1.0
full,42,PR,0.11347517730496454,1.0
full,42,PR,0.10638297872340426,1.0
full,42,PR,0.09929078014184398,1.0
full,42,PR,0.09219858156028368,1.0
full,42,PR,0.0851063829787234,1.0
full,42,PR,0.07801418439716312,1.0
full,42,PR,0.07092198581560284,1.0
full,42,PR,0.06382978723404255,1.0
full,42,PR,0.05673758865248227,1.0
full,42,PR,0.04964539007092199,1.0
full,42,PR,0.0425531914893617,1.0
full,42,PR,0.03546099290780142,1.0
full,42,PR,0.028368794326241134,1.0
full,42,PR,0.02127659574468085,1.0
full,42,PR,0.014184397163120567,1.0
full,42,PR,0.0070921985815602835,1.0
full,42,PR,0.0,1.0
full,43,ROC,0.0,0.0
full,43,ROC,0.0,0.0070921985815602835
full,43,ROC,0.0,0.06382978723404255
full,43,ROC,0.011494252873563218,0.06382978723404255
full,43,ROC,0.011494252873563218,0.09219858156028368
full,43,ROC,0.022988505747126436,0.09219858156028368
full,43,ROC,0.022988505747126436,0.3900709219858156
full,43,ROC,0.034482758620689655,0.3900709219858156
full,43,ROC,0.034482758620689655,0.41134751773049644
full,43,ROC,0.04597701149425287,0.41134751773049644
full,43,ROC,0.04597701149425287,0.425531914893617
full,43,ROC,0.05747126436781609,0.425531914893617
full,43,ROC,0.05747126436781609,0.48936170212765956
full,43,ROC,0.06896551724137931,0.48936170212765956
full,43,ROC,0.06896551724137931,0.5106382978723404
full,43,ROC,0.08045977011494253,0.5106382978723404
full,43,ROC,0.08045977011494253,0.524822695035461
full,43,ROC,0.09195402298850575,0.524822695035461
full,43,ROC,0.09195402298850575,0.5957446808510638
full,43,ROC,0.10344827586206896,0.5957446808510638
full,43,ROC,0.10344827586206896,0.6028368794326241
full,43,ROC,0.11494252873563218,0.6028368794326241
full,43,ROC,0.11494252873563218,0.6453900709219859
full,43,ROC,0.12643678160919541,0.6453900709219859
full,43,ROC,0.12643678160919541,0.6737588652482269
full,43,ROC,0.13793103448275862,0.6737588652482269
full,43,ROC,0.13793103448275862,0.6808510638297872
full,43,ROC,0.14942528735632185,0.6808510638297872
full,43,ROC,0.14942528735632185,0.6950354609929078
full,43,ROC,0.16091954022988506,0.6950354609929078
full,43,ROC,0.16091954022988506,0.7375886524822695
full,43,ROC,0.20689655172413793,0.7375886524822695
full,43,ROC,0.20689655172413793,0.7446808510638298
full,43,ROC,0.21839080459770116,0.7446808510638298
full,43,ROC,0.21839080459770116,0.7588652482269503
full,43,ROC,0.22988505747126436,0.7588652482269503
full,43,ROC,0.22988505747126436,0.7659574468085106
full,43,ROC,0.25287356321839083,0.7659574468085106
full,43,ROC,0.25287356321839083,0.7801418439716312
full,43,ROC,0.26436781609195403,0.7801418439716312
full,43,ROC,0.26436781609195403,0.7943262411347518
full,43,ROC,0.27586206896551724,0.7943262411347518
full,43,ROC,0.27586206896551724,0.8085106382978723
full,43,ROC,0.2988505747126437,0.8085106382978723
full,43,ROC,0.2988505747126437,0.8226950354609929
full,43,ROC,0.3103448275862069,0.8226950354609929
full,43,ROC,0.3103448275862069,0.8297872340425532
full,43,ROC,0.3218390804597701,0.8297872340425532
full,43,ROC,0.3218390804597701,0.8439716312056738
full,43,ROC,0.3333333333333333,0.8439716312056738
full,43,ROC,0.3333333333333333,0.8652482269503546
full,43,ROC,0.41379310344827586,0.8652482269503546
full,43,ROC,0.41379310344827586,0.900709219858156
full,43,ROC,0.4482758620689655,0.900709219858156
full,43,ROC,0.4482758620689655,0.9148936170212766
full,43,ROC,0.4827586206896552,0.9148936170212766
full,43,ROC,0.4827586206896552,0.9574468085106383
full,43,ROC,0.6436781609195402,0.9574468085106383
full,43,ROC,0.6436781609195402,0.9645390070921985
full,43,ROC,0.6896551724137931,0.9645390070921985
full,43,ROC,0.6896551724137931,0.9716312056737588
full,43,ROC,0.8045977011494253,0.9716312056737588
full,43,ROC,0.8045977011494253,0.9858156028368794
full,43,ROC,0.8160919540229885,0.9858156028368794
full,43,ROC,0.8160919540229885,0.9929078014184397
full,43,ROC,0.9655172413793104,0.9929078014184397
full,43,ROC,0.9655172413793104,1.0
full,43,ROC,1.0,1.0
full,43,PR,1.0,0.618421052631579
full,43,PR,1.0,0.6211453744493393
full,43,PR,1.0,0.6238938053097345
full,43,PR,1.0,0.6266666666666667
full,43,PR,0.9929078014184397,0.625
full,43,PR,0.9929078014184397,0.6278026905829597
full,43,PR,0.9929078014184397,0.6306306306306306
full,43,PR,0.9929078014184397,0.6334841628959276
full,43,PR,0.9929078014184397,0.6363636363636364
full,43,PR,0.9929078014184397,0.639269406392694
full,43,PR,0.9929078014184397,0.6422018348623854
full,43,PR,0.9929078014184397,0.6451612903225806
full,43,PR,0.9929078014184397,0.6481481481481481
full,43,PR,0.9929078014184397,0.6511627906976745
full,43,PR,0.9929078014184397,0.6542056074766355
full,43,PR,0.9929078014184397,0.6572769953051644
full,43,PR,0.9929078014184397,0.660377358490566
full,43,PR,0.9929078014184397,0.6635071090047393
full,43,PR,0.9858156028368794,0.6619047619047619
full,43,PR,0.9858156028368794,0.6650717703349283
full,43,PR,0.9787234042553191,0.6634615384615384
full,43,PR,0.9716312056737588,0.6618357487922706
full,43,PR,0.9716312056737588,0.6650485436893204
full,43,PR,0.9716312056737588,0.6682926829268293
full,43,PR,0.9716312056737588,0.6715686274509803
full,43,PR,0.9716312056737588,0.6748768472906403
full,43,PR,0.9716312056737588,0.6782178217821783
full,43,PR,0.9716312056737588,0.681592039800995
full,43,PR,0.9716312056737588,0.685
full,43,PR,0.9716312056737588,0.6884422110552764
full,43,PR,0.9716312056737588,0.6919191919191919
full,43,PR,0.9716312056737588,0.6954314720812182
full,43,PR,0.9645390070921985,0.6938775510204082
full,43,PR,0.9645390070921985,0.6974358974358974
full,43,PR,0.9645390070921985,0.7010309278350515
full,43,PR,0.9645390070921985,0.7046632124352331
full,43,PR,0.9645390070921985,0.7083333333333334
full,43,PR,0.9574468085106383,0.7068062827225131
full,43,PR,0.9574468085106383,0.7105263157894737
full,43,PR,0.9574468085106383,0.7142857142857143
full,43,PR,0.9574468085106383,0.7180851063829787
full,43,PR,0.9574468085106383,0.7219251336898396
full,43,PR,0.9574468085106383,0.7258064516129032
full,43,PR,0.9574468085106383,0.7297297297297297
full,43,PR,0.9574468085106383,0.7336956521739131
full,43,PR,0.9574468085106383,0.7377049180327869
full,43,PR,0.9574468085106383,0.7417582417582418
full,43,PR,0.9574468085106383,0.7458563535911602
full,43,PR,0.9574468085106383,0.75
full,43,PR,0.9574468085106383,0.7541899441340782
full,43,PR,0.9574468085106383,0.7584269662921348
full,43,PR,0.9574468085106383,0.7627118644067796
full,43,PR,0.950354609929078,0.7613636363636364
full,43,PR,0.9432624113475178,0.76
full,43,PR,0.9361702127659575,0.7586206896551724
full,43,PR,0.9290780141843972,0.7572254335260116
full,43,PR,0.9219858156028369,0.7558139534883721
full,43,PR,0.9148936170212766,0.7543859649122807
full,43,PR,0.9148936170212766,0.7588235294117647
full,43,PR,0.9148936170212766,0.7633136094674556
full,43,PR,0.9148936170212766,0.7678571428571429
full,43,PR,0.9078014184397163,0.7664670658682635
full,43,PR,0.900709219858156,0.7650602409638554
full,43,PR,0.900709219858156,0.7696969696969697
full,43,PR,0.900709219858156,0.774390243902439
full,43,PR,0.900709219858156,0.7791411042944786
full,43,PR,0.8936170212765957,0.7777777777777778
full,43,PR,0.8865248226950354,0.7763975155279503
full,43,PR,0.8794326241134752,0.775
full,43,PR,0.8723404255319149,0.7735849056603774
full,43,PR,0.8652482269503546,0.7721518987341772
full,43,PR,0.8652482269503546,0.7770700636942676
full,43,PR,0.8652482269503546,0.782051282051282
full,43,PR,0.8652482269503546,0.7870967741935484
full,43,PR,0.8652482269503546,0.7922077922077922
full,43,PR,0.8652482269503546,0.7973856209150327
full,43,PR,0.8652482269503546,0.8026315789473685
full,43,PR,0.8652482269503546,0.8079470198675497
full,43,PR,0.8581560283687943,0.8066666666666666
full,43,PR,0.851063829787234,0.8053691275167785
full,43,PR,0.8439716312056738,0.8040540540540541
full,43,PR,0.8439716312056738,0.8095238095238095
full,43,PR,0.8368794326241135,0.8082191780821918
full,43,PR,0.8297872340425532,0.8068965517241379
full,43,PR,0.8297872340425532,0.8125
full,43,PR,0.8226950354609929,0.8111888111888111
full,43,PR,0.8226950354609929,0.8169014084507042
full,43,PR,0.8156028368794326,0.8156028368794326
full,43,PR,0.8085106382978723,0.8142857142857143
full,43,PR,0.8085106382978723,0.8201438848920863
full,43,PR,0.8085106382978723,0.8260869565217391
full,43,PR,0.8014184397163121,0.8248175182481752
full,43,PR,0.7943262411347518,0.8235294117647058
full,43,PR,0.7943262411347518,0.8296296296296296
full,43,PR,0.7872340425531915,0.8283582089552238
full,43,PR,0.7801418439716312,0.8270676691729323
full,43,PR,0.7801418439716312,0.8333333333333334
full,43,PR,0.7730496453900709,0.8320610687022901
full,43,PR,0.7659574468085106,0.8307692307692308
full,43,PR,0.7659574468085106,0.8372093023255814
full,43,PR,0.7659574468085106,0.84375
full,43,PR,0.7588652482269503,0.84251968503937
full,43,PR,0.7588652482269503,0.8492063492063492
full,43,PR,0.75177304964539,0.848
full,43,PR,0.7446808510638298,0.8467741935483871
full,43,PR,0.7446808510638298,0.8536585365853658
full,43,PR,0.7375886524822695,0.8524590163934426
full,43,PR,0.7375886524822695,0.859504132231405
full,43,PR,0.7375886524822695,0.8666666666666667
full,43,PR,0.7375886524822695,0.8739495798319328
full,43,PR,0.7375886524822695,0.8813559322033898
full,43,PR,0.7304964539007093,0.8803418803418803
full,43,PR,0.723404255319149,0.8793103448275862
full,43,PR,0.7163120567375887,0.8782608695652174
full,43,PR,0.7092198581560284,0.8771929824561403
full,43,PR,0.7021276595744681,0.8761061946902655
full,43,PR,0.6950354609929078,0.875
full,43,PR,0.6950354609929078,0.8828828828828829
full,43,PR,0.6879432624113475,0.8818181818181818
full,43,PR,0.6808510638297872,0.8807339449541285
full,43,PR,0.6808510638297872,0.8888888888888888
full,43,PR,0.6737588652482269,0.8878504672897196
full,43,PR,0.6737588652482269,0.8962264150943396
full,43,PR,0.6666666666666666,0.8952380952380953
full,43,PR,0.6595744680851063,0.8942307692307693
full,43,PR,0.6524822695035462,0.8932038834951457
full,43,PR,0.6453900709219859,0.8921568627450981
full,43,PR,0.6453900709219859,0.900990099009901
full,43,PR,0.6382978723404256,0.9
full,43,PR,0.6312056737588653,0.898989898989899
full,43,PR,0.624113475177305,0.8979591836734694
full,43,PR,0.6170212765957447,0.8969072164948454
full,43,PR,0.6099290780141844,0.8958333333333334
full,43,PR,0.6028368794326241,0.8947368421052632
full,43,PR,0.6028368794326241,0.9042553191489362
full,43,PR,0.5957446808510638,0.9032258064516129
full,43,PR,0.5957446808510638,0.9130434782608695
full,43,PR,0.5886524822695035,0.9120879120879121
full,43,PR,0.5815602836879432,0.9111111111111111
full,43,PR,0.574468085106383,0.9101123595505618
full,43,PR,0.5673758865248227,0.9090909090909091
full,43,PR,0.5602836879432624,0.9080459770114943
full,43,PR,0.5531914893617021,0.9069767441860465
full,43,PR,0.5460992907801419,0.9058823529411765
full,43,PR,0.5390070921985816,0.9047619047619048
full,43,PR,0.5319148936170213,0.9036144578313253
full,43,PR,0.524822695035461,0.9024390243902439
full,43,PR,0.524822695035461,0.9135802469135802
full,43,PR,0.5177304964539007,0.9125
full,43,PR,0.5106382978723404,0.9113924050632911
full,43,PR,0.5106382978723404,0.9230769230769231
full,43,PR,0.5035460992907801,0.922077922077922
full,43,PR,0.49645390070921985,0.9210526315789473
full,43,PR,0.48936170212765956,0.92
full,43,PR,0.48936170212765956,0.9324324324324325
full,43,PR,0.48226950354609927,0.9315068493150684
full,43,PR,0.475177304964539,0.9305555555555556
full,43,PR,0.46808510638297873,0.9295774647887324
full,43,PR,0.46099290780141844,0.9285714285714286
full,43,PR,0.45390070921985815,0.927536231884058
full,43,PR,0.44680851063829785,0.9264705882352942
full,43,PR,0.4397163120567376,0.9253731343283582
full,43,PR,0.4326241134751773,0.9242424242424242
full,43,PR,0.425531914893617,0.9230769230769231
full,43,PR,0.425531914893617,0.9375
full,43,PR,0.41843971631205673,0.9365079365079365
full,43,PR,0.41134751773049644,0.9354838709677419
full,43,PR,0.41134751773049644,0.9508196721311475
full,43,PR,0.40425531914893614,0.95
full,43,PR,0.3971631205673759,0.9491525423728814
full,43,PR,0.3900709219858156,0.9482758620689655
full,43,PR,0.3900709219858156,0.9649122807017544
full,43,PR,0.3829787234042553,0.9642857142857143
full,43,PR,0.375886524822695,0.9636363636363636
full,43,PR,0.36879432624113473,0.9629629629629629
full,43,PR,0.3617021276595745,0.9622641509433962
full,43,PR,0.3546099290780142,0.9615384615384616
full,43,PR,0.3475177304964539,0.9607843137254902
full,43,PR,0.3404255319148936,0.96
full,43,PR,0.3333333333333333,0.9591836734693877
full,43,PR,0.3262411347517731,0.9583333333333334
full,43,PR,0.3191489361702128,0.9574468085106383
full,43,PR,0.3120567375886525,0.9565217391304348
full,43,PR,0.3049645390070922,0.9555555555555556
full,43,PR,0.2978723404255319,0.9545454545454546
full,43,PR,0.2907801418439716,0.9534883720930233
full,43,PR,0.28368794326241137,0.9523809523809523
full,43,PR,0.2765957446808511,0.9512195121951219
full,43,PR,0.2695035460992908,0.95
full,43,PR,0.2624113475177305,0.9487179487179487
full,43,PR,0.2553191489361702,0.9473684210526315
full,43,PR,0.24822695035460993,0.9459459459459459
full,43,PR,0.24113475177304963,0.9444444444444444
full,43,PR,0.23404255319148937,0.9428571428571428
full,43,PR,0.22695035460992907,0.9411764705882353
full,43,PR,0.2198581560283688,0.9393939393939394
full,43,PR,0.2127659574468085,0.9375
full,43,PR,0.20567375886524822,0.9354838709677419
full,43,PR,0.19858156028368795,0.9333333333333333
full,43,PR,0.19148936170212766,0.9310344827586207
full,43,PR,0.18439716312056736,0.9285714285714286
full,43,PR,0.1773049645390071,0.9259259259259259
full,43,PR,0.1702127659574468,0.9230769230769231
full,43,PR,0.16312056737588654,0.92
full,43,PR,0.15602836879432624,0.9166666666666666
full,43,PR,0.14893617021276595,0.9130434782608695
full,43,PR,0.14184397163120568,0.9090909090909091
full,43,PR,0.1347517730496454,0.9047619047619048
full,43,PR,0.1276595744680851,0.9
full,43,PR,0.12056737588652482,0.8947368421052632
full,43,PR,0.11347517730496454,0.8888888888888888
full,43,PR,0.10638297872340426,0.8823529411764706
full,43,PR,0.09929078014184398,0.875
full,43,PR,0.09219858156028368,0.8666666666666667
full,43,PR,0.09219858156028368,0.9285714285714286
full,43,PR,0.0851063829787234,0.9230769230769231
full,43,PR,0.07801418439716312,0.9166666666666666
full,43,PR,0.07092198581560284,0.9090909090909091
full,43,PR,0.06382978723404255,0.9
full,43,PR,0.06382978723404255,1.0
full,43,PR,0.05673758865248227,1.0
full,43,PR,0.04964539007092199,1.0
full,43,PR,0.0425531914893617,1.0
full,43,PR,0.03546099290780142,1.0
full,43,PR,0.028368794326241134,1.0
full,43,PR,0.02127659574468085,1.0
full,43,PR,0.014184397163120567,1.0
full,43,PR,0.0070921985815602835,1.0
full,43,PR,0.0,1.0
full,44,ROC,0.0,0.0
full,44,ROC,0.0,0.0070921985815602835
full,44,ROC,0.0,0.2624113475177305
full,44,ROC,0.011494252873563218,0.2624113475177305
full,44,ROC,0.011494252873563218,0.425531914893617
full,44,ROC,0.022988505747126436,0.425531914893617
full,44,ROC,0.022988505747126436,0.5460992907801419
full,44,ROC,0.034482758620689655,0.5460992907801419
full,44,ROC,0.034482758620689655,0.574468085106383
full,44,ROC,0.05747126436781609,0.574468085106383
full,44,ROC,0.05747126436781609,0.5815602836879432
full,44,ROC,0.06896551724137931,0.5815602836879432
full,44,ROC,0.06896551724137931,0.5886524822695035
full,44,ROC,0.08045977011494253,0.5886524822695035
full,44,ROC,0.08045977011494253,0.6028368794326241
full,44,ROC,0.09195402298850575,0.6028368794326241
full,44,ROC,0.09195402298850575,0.6595744680851063
full,44,ROC,0.10344827586206896,0.6595744680851063
full,44,ROC,0.10344827586206896,0.6666666666666666
full,44,ROC,0.12643678160919541,0.6666666666666666
full,44,ROC,0.12643678160919541,0.7304964539007093
full,44,ROC,0.13793103448275862,0.7304964539007093
full,44,ROC,0.13793103448275862,0.7872340425531915
full,44,ROC,0.14942528735632185,0.7872340425531915
full,44,ROC,0.14942528735632185,0.7943262411347518
full,44,ROC,0.1724137931034483,0.7943262411347518
full,44,ROC,0.1724137931034483,0.8014184397163121
full,44,ROC,0.1839080459770115,0.8014184397163121
full,44,ROC,0.1839080459770115,0.8156028368794326
full,44,ROC,0.2413793103448276,0.8156028368794326
full,44,ROC,0.2413793103448276,0.8297872340425532
full,44,ROC,0.26436781609195403,0.8297872340425532
full,44,ROC,0.26436781609195403,0.8368794326241135
full,44,ROC,0.3793103448275862,0.8368794326241135
full,44,ROC,0.3793103448275862,0.851063829787234
full,44,ROC,0.42528735632183906,0.851063829787234
full,44,ROC,0.42528735632183906,0.8723404255319149
full,44,ROC,0.47126436781609193,0.8723404255319149
full,44,ROC,0.47126436781609193,0.8794326241134752
full,44,ROC,0.5172413793103449,0.8794326241134752
full,44,ROC,0.5172413793103449,0.8865248226950354
full,44,ROC,0.5402298850574713,0.8865248226950354
full,44,ROC,0.5402298850574713,0.8936170212765957
full,44,ROC,0.5632183908045977,0.8936170212765957
full,44,ROC,0.5632183908045977,0.900709219858156
full,44,ROC,0.5977011494252874,0.900709219858156
full,44,ROC,0.5977011494252874,0.9078014184397163
full,44,ROC,0.6091954022988506,0.9078014184397163
full,44,ROC,0.6091954022988506,0.9148936170212766
full,44,ROC,0.6436781609195402,0.9148936170212766
full,44,ROC,0.6436781609195402,0.9219858156028369
full,44,ROC,0.6551724137931034,0.9219858156028369
full,44,ROC,0.6551724137931034,0.9361702127659575
full,44,ROC,0.6781609195402298,0.9361702127659575
full,44,ROC,0.6781609195402298,0.950354609929078
full,44,ROC,0.6896551724137931,0.950354609929078
full,44,ROC,0.6896551724137931,0.9574468085106383
full,44,ROC,0.7241379310344828,0.9574468085106383
full,44,ROC,0.7241379310344828,0.9645390070921985
full,44,ROC,0.7586206896551724,0.9645390070921985
full,44,ROC,0.7586206896551724,0.9716312056737588
full,44,ROC,0.7701149425287356,0.9716312056737588
full,44,ROC,0.7701149425287356,0.9787234042553191
full,44,ROC,0.8045977011494253,0.9787234042553191
full,44,ROC,0.8045977011494253,0.9858156028368794
full,44,ROC,0.8390804597701149,0.9858156028368794
full,44,ROC,0.8390804597701149,0.9929078014184397
full,44,ROC,0.9195402298850575,0.9929078014184397
full,44,ROC,0.9195402298850575,1.0
full,44,ROC,1.0,1.0
full,44,PR,1.0,0.618421052631579
full,44,PR,1.0,0.6211453744493393
full,44,PR,1.0,0.6238938053097345
full,44,PR,1.0,0.6266666666666667
full,44,PR,1.0,0.6294642857142857
full,44,PR,1.0,0.6322869955156951
full,44,PR,1.0,0.6351351351351351
full,44,PR,1.0,0.6380090497737556
full,44,PR,0.9929078014184397,0.6363636363636364
full,44,PR,0.9929078014184397,0.639269406392694
full,44,PR,0.9929078014184397,0.6422018348623854
full,44,PR,0.9929078014184397,0.6451612903225806
full,44,PR,0.9929078014184397,0.6481481481481481
full,44,PR,0.9929078014184397,0.6511627906976745
full,44,PR,0.9929078014184397,0.6542056074766355
full,44,PR,0.9929078014184397,0.6572769953051644
full,44,PR,0.9858156028368794,0.6556603773584906
full,44,PR,0.9858156028368794,0.6587677725118484
full,44,PR,0.9858156028368794,0.6619047619047619
full,44,PR,0.9858156028368794,0.6650717703349283
full,44,PR,0.9787234042553191,0.6634615384615384
full,44,PR,0.9787234042553191,0.6666666666666666
full,44,PR,0.9787234042553191,0.6699029126213593
full,44,PR,0.9787234042553191,0.6731707317073171
full,44,PR,0.9716312056737588,0.6715686274509803
full,44,PR,0.9716312056737588,0.6748768472906403
full,44,PR,0.9645390070921985,0.6732673267326733
full,44,PR,0.9645390070921985,0.6766169154228856
full,44,PR,0.9645390070921985,0.68
full,44,PR,0.9645390070921985,0.6834170854271356
full,44,PR,0.9574468085106383,0.6818181818181818
full,44,PR,0.9574468085106383,0.6852791878172588
full,44,PR,0.9574468085106383,0.6887755102040817
full,44,PR,0.9574468085106383,0.6923076923076923
full,44,PR,0.950354609929078,0.6907216494845361
full,44,PR,0.950354609929078,0.694300518134715
full,44,PR,0.9432624113475178,0.6927083333333334
full,44,PR,0.9361702127659575,0.6910994764397905
full,44,PR,0.9361702127659575,0.6947368421052632
full,44,PR,0.9361702127659575,0.6984126984126984
full,44,PR,0.9290780141843972,0.6968085106382979
full,44,PR,0.9219858156028369,0.6951871657754011
full,44,PR,0.9219858156028369,0.6989247311827957
full,44,PR,0.9148936170212766,0.6972972972972973
full,44,PR,0.9148936170212766,0.7010869565217391
full,44,PR,0.9148936170212766,0.7049180327868853
full,44,PR,0.9148936170212766,0.7087912087912088
full,44,PR,0.9078014184397163,0.7071823204419889
full,44,PR,0.9078014184397163,0.7111111111111111
full,44,PR,0.900709219858156,0.7094972067039106
full,44,PR,0.900709219858156,0.7134831460674157
full,44,PR,0.900709219858156,0.7175141242937854
full,44,PR,0.900709219858156,0.7215909090909091
full,44,PR,0.8936170212765957,0.72
full,44,PR,0.8936170212765957,0.7241379310344828
full,44,PR,0.8936170212765957,0.7283236994219653
full,44,PR,0.8865248226950354,0.7267441860465116
full,44,PR,0.8865248226950354,0.7309941520467836
full,44,PR,0.8865248226950354,0.7352941176470589
full,44,PR,0.8794326241134752,0.7337278106508875
full,44,PR,0.8794326241134752,0.7380952380952381
full,44,PR,0.8794326241134752,0.7425149700598802
full,44,PR,0.8794326241134752,0.7469879518072289
full,44,PR,0.8794326241134752,0.7515151515151515
full,44,PR,0.8723404255319149,0.75
full,44,PR,0.8723404255319149,0.754601226993865
full,44,PR,0.8723404255319149,0.7592592592592593
full,44,PR,0.8723404255319149,0.7639751552795031
full,44,PR,0.8723404255319149,0.76875
full,44,PR,0.8652482269503546,0.7672955974842768
full,44,PR,0.8581560283687943,0.7658227848101266
full,44,PR,0.851063829787234,0.7643312101910829
full,44,PR,0.851063829787234,0.7692307692307693
full,44,PR,0.851063829787234,0.7741935483870968
full,44,PR,0.851063829787234,0.7792207792207793
full,44,PR,0.851063829787234,0.7843137254901961
full,44,PR,0.8439716312056738,0.7828947368421053
full,44,PR,0.8368794326241135,0.7814569536423841
full,44,PR,0.8368794326241135,0.7866666666666666
full,44,PR,0.8368794326241135,0.7919463087248322
full,44,PR,0.8368794326241135,0.7972972972972973
full,44,PR,0.8368794326241135,0.8027210884353742
full,44,PR,0.8368794326241135,0.8082191780821918
full,44,PR,0.8368794326241135,0.8137931034482758
full,44,PR,0.8368794326241135,0.8194444444444444
full,44,PR,0.8368794326241135,0.8251748251748252
full,44,PR,0.8368794326241135,0.8309859154929577
full,44,PR,0.8368794326241135,0.8368794326241135
full,44,PR,0.8297872340425532,0.8357142857142857
full,44,PR,0.8297872340425532,0.841726618705036
full,44,PR,0.8297872340425532,0.8478260869565217
full,44,PR,0.8226950354609929,0.8467153284671532
full,44,PR,0.8156028368794326,0.8455882352941176
full,44,PR,0.8156028368794326,0.8518518518518519
full,44,PR,0.8156028368794326,0.8582089552238806
full,44,PR,0.8156028368794326,0.8646616541353384
full,44,PR,0.8156028368794326,0.8712121212121212
full,44,PR,0.8156028368794326,0.8778625954198473
full,44,PR,0.8085106382978723,0.8769230769230769
full,44,PR,0.8014184397163121,0.875968992248062
full,44,PR,0.8014184397163121,0.8828125
full,44,PR,0.7943262411347518,0.8818897637795275
full,44,PR,0.7943262411347518,0.8888888888888888
full,44,PR,0.7943262411347518,0.896
full,44,PR,0.7872340425531915,0.8951612903225806
full,44,PR,0.7872340425531915,0.9024390243902439
full,44,PR,0.7801418439716312,0.9016393442622951
full,44,PR,0.7730496453900709,0.9008264462809917
full,44,PR,0.7659574468085106,0.9
full,44,PR,0.7588652482269503,0.8991596638655462
full,44,PR,0.75177304964539,0.8983050847457628
full,44,PR,0.7446808510638298,0.8974358974358975
full,44,PR,0.7375886524822695,0.896551724137931
full,44,PR,0.7304964539007093,0.8956521739130435
full,44,PR,0.7304964539007093,0.9035087719298246
full,44,PR,0.723404255319149,0.9026548672566371
full,44,PR,0.7163120567375887,0.9017857142857143
full,44,PR,0.7092198581560284,0.9009009009009009
full,44,PR,0.7021276595744681,0.9
full,44,PR,0.6950354609929078,0.8990825688073395
full,44,PR,0.6879432624113475,0.8981481481481481
full,44,PR,0.6808510638297872,0.897196261682243
full,44,PR,0.6737588652482269,0.8962264150943396
full,44,PR,0.6666666666666666,0.8952380952380953
full,44,PR,0.6666666666666666,0.9038461538461539
full,44,PR,0.6666666666666666,0.912621359223301
full,44,PR,0.6595744680851063,0.9117647058823529
full,44,PR,0.6595744680851063,0.9207920792079208
full,44,PR,0.6524822695035462,0.92
full,44,PR,0.6453900709219859,0.9191919191919192
full,44,PR,0.6382978723404256,0.9183673469387755
full,44,PR,0.6312056737588653,0.9175257731958762
full,44,PR,0.624113475177305,0.9166666666666666
full,44,PR,0.6170212765957447,0.9157894736842105
full,44,PR,0.6099290780141844,0.9148936170212766
full,44,PR,0.6028368794326241,0.9139784946236559
full,44,PR,0.6028368794326241,0.9239130434782609
full,44,PR,0.5957446808510638,0.9230769230769231
full,44,PR,0.5886524822695035,0.9222222222222223
full,44,PR,0.5886524822695035,0.9325842696629213
full,44,PR,0.5815602836879432,0.9318181818181818
full,44,PR,0.5815602836879432,0.9425287356321839
full,44,PR,0.574468085106383,0.9418604651162791
full,44,PR,0.574468085106383,0.9529411764705882
full,44,PR,0.574468085106383,0.9642857142857143
full,44,PR,0.5673758865248227,0.963855421686747
full,44,PR,0.5602836879432624,0.9634146341463414
full,44,PR,0.5531914893617021,0.9629629629629629
full,44,PR,0.5460992907801419,0.9625
full,44,PR,0.5460992907801419,0.9746835443037974
full,44,PR,0.5390070921985816,0.9743589743589743
full,44,PR,0.5319148936170213,0.974025974025974
full,44,PR,0.524822695035461,0.9736842105263158
full,44,PR,0.5177304964539007,0.9733333333333334
full,44,PR,0.5106382978723404,0.972972972972973
full,44,PR,0.5035460992907801,0.9726027397260274
full,44,PR,0.49645390070921985,0.9722222222222222
full,44,PR,0.48936170212765956,0.971830985915493
full,44,PR,0.48226950354609927,0.9714285714285714
full,44,PR,0.475177304964539,0.9710144927536232
full,44,PR,0.46808510638297873,0.9705882352941176
full,44,PR,0.46099290780141844,0.9701492537313433
full,44,PR,0.45390070921985815,0.9696969696969697
full,44,PR,0.44680851063829785,0.9692307692307692
full,44,PR,0.4397163120567376,0.96875
full,44,PR,0.4326241134751773,0.9682539682539683
full,44,PR,0.425531914893617,0.967741935483871
full,44,PR,0.425531914893617,0.9836065573770492
full,44,PR,0.41843971631205673,0.9833333333333333
full,44,PR,0.41134751773049644,0.9830508474576272
full,44,PR,0.40425531914893614,0.9827586206896551
full,44,PR,0.3971631205673759,0.9824561403508771
full,44,PR,0.3900709219858156,0.9821428571428571
full,44,PR,0.3829787234042553,0.9818181818181818
full,44,PR,0.375886524822695,0.9814814814814815
full,44,PR,0.36879432624113473,0.9811320754716981
full,44,PR,0.3617021276595745,0.9807692307692307
full,44,PR,0.3546099290780142,0.9803921568627451
full,44,PR,0.3475177304964539,0.98
full,44,PR,0.3404255319148936,0.9795918367346939
full,44,PR,0.3333333333333333,0.9791666666666666
full,44,PR,0.3262411347517731,0.9787234042553191
full,44,PR,0.3191489361702128,0.9782608695652174
full,44,PR,0.3120567375886525,0.9777777777777777
full,44,PR,0.3049645390070922,0.9772727272727273
full,44,PR,0.2978723404255319,0.9767441860465116
full,44,PR,0.2907801418439716,0.9761904761904762
full,44,PR,0.28368794326241137,0.975609756097561
full,44,PR,0.2765957446808511,0.975
full,44,PR,0.2695035460992908,0.9743589743589743
full,44,PR,0.2624113475177305,0.9736842105263158
full,44,PR,0.2624113475177305,1.0
full,44,PR,0.2553191489361702,1.0
full,44,PR,0.24822695035460993,1.0
full,44,PR,0.24113475177304963,1.0
full,44,PR,0.23404255319148937,1.0
full,44,PR,0.22695035460992907,1.0
full,44,PR,0.2198581560283688,1.0
full,44,PR,0.2127659574468085,1.0
full,44,PR,0.20567375886524822,1.0
full,44,PR,0.19858156028368795,1.0
full,44,PR,0.19148936170212766,1.0
full,44,PR,0.18439716312056736,1.0
full,44,PR,0.1773049645390071,1.0
full,44,PR,0.1702127659574468,1.0
full,44,PR,0.16312056737588654,1.0
full,44,PR,0.15602836879432624,1.0
full,44,PR,0.14893617021276595,1.0
full,44,PR,0.14184397163120568,1.0
full,44,PR,0.1347517730496454,1.0
full,44,PR,0.1276595744680851,1.0
full,44,PR,0.12056737588652482,1.0
full,44,PR,0.11347517730496454,1.0
full,44,PR,0.10638297872340426,1.0
full,44,PR,0.09929078014184398,1.0
full,44,PR,0.09219858156028368,1.0
full,44,PR,0.0851063829787234,1.0
full,44,PR,0.07801418439716312,1.0
full,44,PR,0.07092198581560284,1.0
full,44,PR,0.06382978723404255,1.0
full,44,PR,0.05673758865248227,1.0
full,44,PR,0.04964539007092199,1.0
full,44,PR,0.0425531914893617,1.0
full,44,PR,0.03546099290780142,1.0
full,44,PR,0.028368794326241134,1.0
full,44,PR,0.02127659574468085,1.0
full,44,PR,0.014184397163120567,1.0
full,44,PR,0.0070921985815602835,1.0
full,44,PR,0.0,1.0
narrow_resnet_gn,42,ROC,0.0,0.0
narrow_resnet_gn,42,ROC,0.0,0.0070921985815602835
narrow_resnet_gn,42,ROC,0.0,0.1347517730496454
narrow_resnet_gn,42,ROC,0.022988505747126436,0.1347517730496454
narrow_resnet_gn,42,ROC,0.022988505747126436,0.15602836879432624
narrow_resnet_gn,42,ROC,0.034482758620689655,0.15602836879432624
narrow_resnet_gn,42,ROC,0.034482758620689655,0.24113475177304963
narrow_resnet_gn,42,ROC,0.04597701149425287,0.24113475177304963
narrow_resnet_gn,42,ROC,0.04597701149425287,0.3191489361702128
narrow_resnet_gn,42,ROC,0.05747126436781609,0.3191489361702128
narrow_resnet_gn,42,ROC,0.05747126436781609,0.3475177304964539
narrow_resnet_gn,42,ROC,0.06896551724137931,0.3475177304964539
narrow_resnet_gn,42,ROC,0.06896551724137931,0.36879432624113473
narrow_resnet_gn,42,ROC,0.09195402298850575,0.36879432624113473
narrow_resnet_gn,42,ROC,0.09195402298850575,0.375886524822695
narrow_resnet_gn,42,ROC,0.10344827586206896,0.375886524822695
narrow_resnet_gn,42,ROC,0.10344827586206896,0.5460992907801419
narrow_resnet_gn,42,ROC,0.13793103448275862,0.5460992907801419
narrow_resnet_gn,42,ROC,0.13793103448275862,0.574468085106383
narrow_resnet_gn,42,ROC,0.14942528735632185,0.574468085106383
narrow_resnet_gn,42,ROC,0.14942528735632185,0.624113475177305
narrow_resnet_gn,42,ROC,0.16091954022988506,0.624113475177305
narrow_resnet_gn,42,ROC,0.16091954022988506,0.6950354609929078
narrow_resnet_gn,42,ROC,0.1724137931034483,0.6950354609929078
narrow_resnet_gn,42,ROC,0.1724137931034483,0.7021276595744681
narrow_resnet_gn,42,ROC,0.19540229885057472,0.7021276595744681
narrow_resnet_gn,42,ROC,0.19540229885057472,0.7304964539007093
narrow_resnet_gn,42,ROC,0.20689655172413793,0.7304964539007093
narrow_resnet_gn,42,ROC,0.20689655172413793,0.7375886524822695
narrow_resnet_gn,42,ROC,0.21839080459770116,0.7375886524822695
narrow_resnet_gn,42,ROC,0.21839080459770116,0.7730496453900709
narrow_resnet_gn,42,ROC,0.22988505747126436,0.7730496453900709
narrow_resnet_gn,42,ROC,0.22988505747126436,0.7872340425531915
narrow_resnet_gn,42,ROC,0.27586206896551724,0.7872340425531915
narrow_resnet_gn,42,ROC,0.27586206896551724,0.7943262411347518
narrow_resnet_gn,42,ROC,0.28735632183908044,0.7943262411347518
narrow_resnet_gn,42,ROC,0.28735632183908044,0.8085106382978723
narrow_resnet_gn,42,ROC,0.2988505747126437,0.8085106382978723
narrow_resnet_gn,42,ROC,0.2988505747126437,0.8297872340425532
narrow_resnet_gn,42,ROC,0.3103448275862069,0.8297872340425532
narrow_resnet_gn,42,ROC,0.3103448275862069,0.8368794326241135
narrow_resnet_gn,42,ROC,0.3218390804597701,0.8368794326241135
narrow_resnet_gn,42,ROC,0.3218390804597701,0.851063829787234
narrow_resnet_gn,42,ROC,0.3333333333333333,0.851063829787234
narrow_resnet_gn,42,ROC,0.3333333333333333,0.8581560283687943
narrow_resnet_gn,42,ROC,0.3563218390804598,0.8581560283687943
narrow_resnet_gn,42,ROC,0.3563218390804598,0.8723404255319149
narrow_resnet_gn,42,ROC,0.39080459770114945,0.8723404255319149
narrow_resnet_gn,42,ROC,0.39080459770114945,0.8865248226950354
narrow_resnet_gn,42,ROC,0.42528735632183906,0.8865248226950354
narrow_resnet_gn,42,ROC,0.42528735632183906,0.900709219858156
narrow_resnet_gn,42,ROC,0.4942528735632184,0.900709219858156
narrow_resnet_gn,42,ROC,0.4942528735632184,0.9148936170212766
narrow_resnet_gn,42,ROC,0.5172413793103449,0.9148936170212766
narrow_resnet_gn,42,ROC,0.5172413793103449,0.9290780141843972
narrow_resnet_gn,42,ROC,0.5402298850574713,0.9290780141843972
narrow_resnet_gn,42,ROC,0.5402298850574713,0.9361702127659575
narrow_resnet_gn,42,ROC,0.632183908045977,0.9361702127659575
narrow_resnet_gn,42,ROC,0.632183908045977,0.9574468085106383
narrow_resnet_gn,42,ROC,0.6436781609195402,0.9574468085106383
narrow_resnet_gn,42,ROC,0.6436781609195402,0.9645390070921985
narrow_resnet_gn,42,ROC,0.6781609195402298,0.9645390070921985
narrow_resnet_gn,42,ROC,0.6781609195402298,0.9716312056737588
narrow_resnet_gn,42,ROC,0.7241379310344828,0.9716312056737588
narrow_resnet_gn,42,ROC,0.7241379310344828,0.9858156028368794
narrow_resnet_gn,42,ROC,0.8850574712643678,0.9858156028368794
narrow_resnet_gn,42,ROC,0.8850574712643678,0.9929078014184397
narrow_resnet_gn,42,ROC,0.9885057471264368,0.9929078014184397
narrow_resnet_gn,42,ROC,0.9885057471264368,1.0
narrow_resnet_gn,42,ROC,1.0,1.0
narrow_resnet_gn,42,PR,1.0,0.618421052631579
narrow_resnet_gn,42,PR,1.0,0.6211453744493393
narrow_resnet_gn,42,PR,0.9929078014184397,0.6194690265486725
narrow_resnet_gn,42,PR,0.9929078014184397,0.6222222222222222
narrow_resnet_gn,42,PR,0.9929078014184397,0.625
narrow_resnet_gn,42,PR,0.9929078014184397,0.6278026905829597
narrow_resnet_gn,42,PR,0.9929078014184397,0.6306306306306306
narrow_resnet_gn,42,PR,0.9929078014184397,0.6334841628959276
narrow_resnet_gn,42,PR,0.9929078014184397,0.6363636363636364
narrow_resnet_gn,42,PR,0.9929078014184397,0.639269406392694
narrow_resnet_gn,42,PR,0.9929078014184397,0.6422018348623854
narrow_resnet_gn,42,PR,0.9929078014184397,0.6451612903225806
narrow_resnet_gn,42,PR,0.9858156028368794,0.6435185185185185
narrow_resnet_gn,42,PR,0.9858156028368794,0.6465116279069767
narrow_resnet_gn,42,PR,0.9858156028368794,0.6495327102803738
narrow_resnet_gn,42,PR,0.9858156028368794,0.6525821596244131
narrow_resnet_gn,42,PR,0.9858156028368794,0.6556603773584906
narrow_resnet_gn,42,PR,0.9858156028368794,0.6587677725118484
narrow_resnet_gn,42,PR,0.9858156028368794,0.6619047619047619
narrow_resnet_gn,42,PR,0.9858156028368794,0.6650717703349283
narrow_resnet_gn,42,PR,0.9858156028368794,0.6682692307692307
narrow_resnet_gn,42,PR,0.9858156028368794,0.6714975845410628
narrow_resnet_gn,42,PR,0.9858156028368794,0.6747572815533981
narrow_resnet_gn,42,PR,0.9858156028368794,0.6780487804878049
narrow_resnet_gn,42,PR,0.9858156028368794,0.6813725490196079
narrow_resnet_gn,42,PR,0.9858156028368794,0.6847290640394089
narrow_resnet_gn,42,PR,0.9858156028368794,0.6881188118811881
narrow_resnet_gn,42,PR,0.9787234042553191,0.6865671641791045
narrow_resnet_gn,42,PR,0.9716312056737588,0.685
narrow_resnet_gn,42,PR,0.9716312056737588,0.6884422110552764
narrow_resnet_gn,42,PR,0.9716312056737588,0.6919191919191919
narrow_resnet_gn,42,PR,0.9716312056737588,0.6954314720812182
narrow_resnet_gn,42,PR,0.9716312056737588,0.6989795918367347
narrow_resnet_gn,42,PR,0.9645390070921985,0.6974358974358974
narrow_resnet_gn,42,PR,0.9645390070921985,0.7010309278350515
narrow_resnet_gn,42,PR,0.9645390070921985,0.7046632124352331
narrow_resnet_gn,42,PR,0.9645390070921985,0.7083333333333334
narrow_resnet_gn,42,PR,0.9574468085106383,0.7068062827225131
narrow_resnet_gn,42,PR,0.9574468085106383,0.7105263157894737
narrow_resnet_gn,42,PR,0.950354609929078,0.708994708994709
narrow_resnet_gn,42,PR,0.9432624113475178,0.7074468085106383
narrow_resnet_gn,42,PR,0.9361702127659575,0.7058823529411765
narrow_resnet_gn,42,PR,0.9361702127659575,0.7096774193548387
narrow_resnet_gn,42,PR,0.9361702127659575,0.7135135135135136
narrow_resnet_gn,42,PR,0.9361702127659575,0.717391304347826
narrow_resnet_gn,42,PR,0.9361702127659575,0.7213114754098361
narrow_resnet_gn,42,PR,0.9361702127659575,0.7252747252747253
narrow_resnet_gn,42,PR,0.9361702127659575,0.7292817679558011
narrow_resnet_gn,42,PR,0.9361702127659575,0.7333333333333333
narrow_resnet_gn,42,PR,0.9361702127659575,0.7374301675977654
narrow_resnet_gn,42,PR,0.9290780141843972,0.7359550561797753
narrow_resnet_gn,42,PR,0.9290780141843972,0.7401129943502824
narrow_resnet_gn,42,PR,0.9290780141843972,0.7443181818181818
narrow_resnet_gn,42,PR,0.9219858156028369,0.7428571428571429
narrow_resnet_gn,42,PR,0.9148936170212766,0.7413793103448276
narrow_resnet_gn,42,PR,0.9148936170212766,0.7456647398843931
narrow_resnet_gn,42,PR,0.9148936170212766,0.75
narrow_resnet_gn,42,PR,0.9078014184397163,0.7485380116959064
narrow_resnet_gn,42,PR,0.900709219858156,0.7470588235294118
narrow_resnet_gn,42,PR,0.900709219858156,0.7514792899408284
narrow_resnet_gn,42,PR,0.900709219858156,0.7559523809523809
narrow_resnet_gn,42,PR,0.900709219858156,0.7604790419161677
narrow_resnet_gn,42,PR,0.900709219858156,0.7650602409638554
narrow_resnet_gn,42,PR,0.900709219858156,0.7696969696969697
narrow_resnet_gn,42,PR,0.900709219858156,0.774390243902439
narrow_resnet_gn,42,PR,0.8936170212765957,0.7730061349693251
narrow_resnet_gn,42,PR,0.8865248226950354,0.7716049382716049
narrow_resnet_gn,42,PR,0.8865248226950354,0.7763975155279503
narrow_resnet_gn,42,PR,0.8865248226950354,0.78125
narrow_resnet_gn,42,PR,0.8865248226950354,0.7861635220125787
narrow_resnet_gn,42,PR,0.8794326241134752,0.7848101265822784
narrow_resnet_gn,42,PR,0.8723404255319149,0.7834394904458599
narrow_resnet_gn,42,PR,0.8723404255319149,0.7884615384615384
narrow_resnet_gn,42,PR,0.8723404255319149,0.7935483870967742
narrow_resnet_gn,42,PR,0.8723404255319149,0.7987012987012987
narrow_resnet_gn,42,PR,0.8652482269503546,0.7973856209150327
narrow_resnet_gn,42,PR,0.8581560283687943,0.7960526315789473
narrow_resnet_gn,42,PR,0.8581560283687943,0.8013245033112583
narrow_resnet_gn,42,PR,0.8581560283687943,0.8066666666666666
narrow_resnet_gn,42,PR,0.851063829787234,0.8053691275167785
narrow_resnet_gn,42,PR,0.851063829787234,0.8108108108108109
narrow_resnet_gn,42,PR,0.8439716312056738,0.8095238095238095
narrow_resnet_gn,42,PR,0.8368794326241135,0.8082191780821918
narrow_resnet_gn,42,PR,0.8368794326241135,0.8137931034482758
narrow_resnet_gn,42,PR,0.8297872340425532,0.8125
narrow_resnet_gn,42,PR,0.8297872340425532,0.8181818181818182
narrow_resnet_gn,42,PR,0.8226950354609929,0.8169014084507042
narrow_resnet_gn,42,PR,0.8156028368794326,0.8156028368794326
narrow_resnet_gn,42,PR,0.8085106382978723,0.8142857142857143
narrow_resnet_gn,42,PR,0.8085106382978723,0.8201438848920863
narrow_resnet_gn,42,PR,0.8014184397163121,0.8188405797101449
narrow_resnet_gn,42,PR,0.7943262411347518,0.8175182481751825
narrow_resnet_gn,42,PR,0.7943262411347518,0.8235294117647058
narrow_resnet_gn,42,PR,0.7872340425531915,0.8222222222222222
narrow_resnet_gn,42,PR,0.7872340425531915,0.8283582089552238
narrow_resnet_gn,42,PR,0.7872340425531915,0.8345864661654135
narrow_resnet_gn,42,PR,0.7872340425531915,0.8409090909090909
narrow_resnet_gn,42,PR,0.7872340425531915,0.8473282442748091
narrow_resnet_gn,42,PR,0.7801418439716312,0.8461538461538461
narrow_resnet_gn,42,PR,0.7730496453900709,0.8449612403100775
narrow_resnet_gn,42,PR,0.7730496453900709,0.8515625
narrow_resnet_gn,42,PR,0.7659574468085106,0.8503937007874016
narrow_resnet_gn,42,PR,0.7588652482269503,0.8492063492063492
narrow_resnet_gn,42,PR,0.75177304964539,0.848
narrow_resnet_gn,42,PR,0.7446808510638298,0.8467741935483871
narrow_resnet_gn,42,PR,0.7375886524822695,0.8455284552845529
narrow_resnet_gn,42,PR,0.7375886524822695,0.8524590163934426
narrow_resnet_gn,42,PR,0.7304964539007093,0.8512396694214877
narrow_resnet_gn,42,PR,0.7304964539007093,0.8583333333333333
narrow_resnet_gn,42,PR,0.723404255319149,0.8571428571428571
narrow_resnet_gn,42,PR,0.7163120567375887,0.8559322033898306
narrow_resnet_gn,42,PR,0.7092198581560284,0.8547008547008547
narrow_resnet_gn,42,PR,0.7021276595744681,0.853448275862069
narrow_resnet_gn,42,PR,0.7021276595744681,0.8608695652173913
narrow_resnet_gn,42,PR,0.7021276595744681,0.868421052631579
narrow_resnet_gn,42,PR,0.6950354609929078,0.8672566371681416
narrow_resnet_gn,42,PR,0.6950354609929078,0.875
narrow_resnet_gn,42,PR,0.6879432624113475,0.8738738738738738
narrow_resnet_gn,42,PR,0.6808510638297872,0.8727272727272727
narrow_resnet_gn,42,PR,0.6737588652482269,0.8715596330275229
narrow_resnet_gn,42,PR,0.6666666666666666,0.8703703703703703
narrow_resnet_gn,42,PR,0.6595744680851063,0.8691588785046729
narrow_resnet_gn,42,PR,0.6524822695035462,0.8679245283018868
narrow_resnet_gn,42,PR,0.6453900709219859,0.8666666666666667
narrow_resnet_gn,42,PR,0.6382978723404256,0.8653846153846154
narrow_resnet_gn,42,PR,0.6312056737588653,0.8640776699029126
narrow_resnet_gn,42,PR,0.624113475177305,0.8627450980392157
narrow_resnet_gn,42,PR,0.624113475177305,0.8712871287128713
narrow_resnet_gn,42,PR,0.6170212765957447,0.87
narrow_resnet_gn,42,PR,0.6099290780141844,0.8686868686868687
narrow_resnet_gn,42,PR,0.6028368794326241,0.8673469387755102
narrow_resnet_gn,42,PR,0.5957446808510638,0.865979381443299
narrow_resnet_gn,42,PR,0.5886524822695035,0.8645833333333334
narrow_resnet_gn,42,PR,0.5815602836879432,0.8631578947368421
narrow_resnet_gn,42,PR,0.574468085106383,0.8617021276595744
narrow_resnet_gn,42,PR,0.574468085106383,0.8709677419354839
narrow_resnet_gn,42,PR,0.5673758865248227,0.8695652173913043
narrow_resnet_gn,42,PR,0.5602836879432624,0.8681318681318682
narrow_resnet_gn,42,PR,0.5531914893617021,0.8666666666666667
narrow_resnet_gn,42,PR,0.5460992907801419,0.8651685393258427
narrow_resnet_gn,42,PR,0.5460992907801419,0.875
narrow_resnet_gn,42,PR,0.5460992907801419,0.8850574712643678
narrow_resnet_gn,42,PR,0.5460992907801419,0.8953488372093024
narrow_resnet_gn,42,PR,0.5390070921985816,0.8941176470588236
narrow_resnet_gn,42,PR,0.5319148936170213,0.8928571428571429
narrow_resnet_gn,42,PR,0.524822695035461,0.891566265060241
narrow_resnet_gn,42,PR,0.5177304964539007,0.8902439024390244
narrow_resnet_gn,42,PR,0.5106382978723404,0.8888888888888888
narrow_resnet_gn,42,PR,0.5035460992907801,0.8875
narrow_resnet_gn,42,PR,0.49645390070921985,0.8860759493670886
narrow_resnet_gn,42,PR,0.48936170212765956,0.8846153846153846
narrow_resnet_gn,42,PR,0.48226950354609927,0.8831168831168831
narrow_resnet_gn,42,PR,0.475177304964539,0.881578947368421
narrow_resnet_gn,42,PR,0.46808510638297873,0.88
narrow_resnet_gn,42,PR,0.46099290780141844,0.8783783783783784
narrow_resnet_gn,42,PR,0.45390070921985815,0.8767123287671232
narrow_resnet_gn,42,PR,0.44680851063829785,0.875
narrow_resnet_gn,42,PR,0.4397163120567376,0.8732394366197183
narrow_resnet_gn,42,PR,0.4326241134751773,0.8714285714285714
narrow_resnet_gn,42,PR,0.425531914893617,0.8695652173913043
narrow_resnet_gn,42,PR,0.41843971631205673,0.8676470588235294
narrow_resnet_gn,42,PR,0.41134751773049644,0.8656716417910447
narrow_resnet_gn,42,PR,0.40425531914893614,0.8636363636363636
narrow_resnet_gn,42,PR,0.3971631205673759,0.8615384615384616
narrow_resnet_gn,42,PR,0.3900709219858156,0.859375
narrow_resnet_gn,42,PR,0.3829787234042553,0.8571428571428571
narrow_resnet_gn,42,PR,0.375886524822695,0.8548387096774194
narrow_resnet_gn,42,PR,0.375886524822695,0.8688524590163934
narrow_resnet_gn,42,PR,0.36879432624113473,0.8666666666666667
narrow_resnet_gn,42,PR,0.36879432624113473,0.8813559322033898
narrow_resnet_gn,42,PR,0.36879432624113473,0.896551724137931
narrow_resnet_gn,42,PR,0.3617021276595745,0.8947368421052632
narrow_resnet_gn,42,PR,0.3546099290780142,0.8928571428571429
narrow_resnet_gn,42,PR,0.3475177304964539,0.8909090909090909
narrow_resnet_gn,42,PR,0.3475177304964539,0.9074074074074074
narrow_resnet_gn,42,PR,0.3404255319148936,0.9056603773584906
narrow_resnet_gn,42,PR,0.3333333333333333,0.9038461538461539
narrow_resnet_gn,42,PR,0.3262411347517731,0.9019607843137255
narrow_resnet_gn,42,PR,0.3191489361702128,0.9
narrow_resnet_gn,42,PR,0.3191489361702128,0.9183673469387755
narrow_resnet_gn,42,PR,0.3120567375886525,0.9166666666666666
narrow_resnet_gn,42,PR,0.3049645390070922,0.9148936170212766
narrow_resnet_gn,42,PR,0.2978723404255319,0.9130434782608695
narrow_resnet_gn,42,PR,0.2907801418439716,0.9111111111111111
narrow_resnet_gn,42,PR,0.28368794326241137,0.9090909090909091
narrow_resnet_gn,42,PR,0.2765957446808511,0.9069767441860465
narrow_resnet_gn,42,PR,0.2695035460992908,0.9047619047619048
narrow_resnet_gn,42,PR,0.2624113475177305,0.9024390243902439
narrow_resnet_gn,42,PR,0.2553191489361702,0.9
narrow_resnet_gn,42,PR,0.24822695035460993,0.8974358974358975
narrow_resnet_gn,42,PR,0.24113475177304963,0.8947368421052632
narrow_resnet_gn,42,PR,0.24113475177304963,0.918918918918919
narrow_resnet_gn,42,PR,0.23404255319148937,0.9166666666666666
narrow_resnet_gn,42,PR,0.22695035460992907,0.9142857142857143
narrow_resnet_gn,42,PR,0.2198581560283688,0.9117647058823529
narrow_resnet_gn,42,PR,0.2127659574468085,0.9090909090909091
narrow_resnet_gn,42,PR,0.20567375886524822,0.90625
narrow_resnet_gn,42,PR,0.19858156028368795,0.9032258064516129
narrow_resnet_gn,42,PR,0.19148936170212766,0.9
narrow_resnet_gn,42,PR,0.18439716312056736,0.896551724137931
narrow_resnet_gn,42,PR,0.1773049645390071,0.8928571428571429
narrow_resnet_gn,42,PR,0.1702127659574468,0.8888888888888888
narrow_resnet_gn,42,PR,0.16312056737588654,0.8846153846153846
narrow_resnet_gn,42,PR,0.15602836879432624,0.88
narrow_resnet_gn,42,PR,0.15602836879432624,0.9166666666666666
narrow_resnet_gn,42,PR,0.14893617021276595,0.9130434782608695
narrow_resnet_gn,42,PR,0.14184397163120568,0.9090909090909091
narrow_resnet_gn,42,PR,0.1347517730496454,0.9047619047619048
narrow_resnet_gn,42,PR,0.1347517730496454,0.95
narrow_resnet_gn,42,PR,0.1347517730496454,1.0
narrow_resnet_gn,42,PR,0.1276595744680851,1.0
narrow_resnet_gn,42,PR,0.12056737588652482,1.0
narrow_resnet_gn,42,PR,0.11347517730496454,1.0
narrow_resnet_gn,42,PR,0.10638297872340426,1.0
narrow_resnet_gn,42,PR,0.09929078014184398,1.0
narrow_resnet_gn,42,PR,0.09219858156028368,1.0
narrow_resnet_gn,42,PR,0.0851063829787234,1.0
narrow_resnet_gn,42,PR,0.07801418439716312,1.0
narrow_resnet_gn,42,PR,0.07092198581560284,1.0
narrow_resnet_gn,42,PR,0.06382978723404255,1.0
narrow_resnet_gn,42,PR,0.05673758865248227,1.0
narrow_resnet_gn,42,PR,0.04964539007092199,1.0
narrow_resnet_gn,42,PR,0.0425531914893617,1.0
narrow_resnet_gn,42,PR,0.03546099290780142,1.0
narrow_resnet_gn,42,PR,0.028368794326241134,1.0
narrow_resnet_gn,42,PR,0.02127659574468085,1.0
narrow_resnet_gn,42,PR,0.014184397163120567,1.0
narrow_resnet_gn,42,PR,0.0070921985815602835,1.0
narrow_resnet_gn,42,PR,0.0,1.0
narrow_resnet_gn,43,ROC,0.0,0.0
narrow_resnet_gn,43,ROC,0.0,0.0070921985815602835
narrow_resnet_gn,43,ROC,0.0,0.07092198581560284
narrow_resnet_gn,43,ROC,0.022988505747126436,0.07092198581560284
narrow_resnet_gn,43,ROC,0.022988505747126436,0.14184397163120568
narrow_resnet_gn,43,ROC,0.034482758620689655,0.14184397163120568
narrow_resnet_gn,43,ROC,0.034482758620689655,0.1702127659574468
narrow_resnet_gn,43,ROC,0.04597701149425287,0.1702127659574468
narrow_resnet_gn,43,ROC,0.04597701149425287,0.19858156028368795
narrow_resnet_gn,43,ROC,0.05747126436781609,0.19858156028368795
narrow_resnet_gn,43,ROC,0.05747126436781609,0.20567375886524822
narrow_resnet_gn,43,ROC,0.08045977011494253,0.20567375886524822
narrow_resnet_gn,43,ROC,0.08045977011494253,0.23404255319148937
narrow_resnet_gn,43,ROC,0.09195402298850575,0.23404255319148937
narrow_resnet_gn,43,ROC,0.09195402298850575,0.24113475177304963
narrow_resnet_gn,43,ROC,0.10344827586206896,0.24113475177304963
narrow_resnet_gn,43,ROC,0.10344827586206896,0.40425531914893614
narrow_resnet_gn,43,ROC,0.13793103448275862,0.40425531914893614
narrow_resnet_gn,43,ROC,0.13793103448275862,0.48226950354609927
narrow_resnet_gn,43,ROC,0.14942528735632185,0.48226950354609927
narrow_resnet_gn,43,ROC,0.14942528735632185,0.524822695035461
narrow_resnet_gn,43,ROC,0.1724137931034483,0.524822695035461
narrow_resnet_gn,43,ROC,0.1724137931034483,0.5390070921985816
narrow_resnet_gn,43,ROC,0.1839080459770115,0.5390070921985816
narrow_resnet_gn,43,ROC,0.1839080459770115,0.5602836879432624
narrow_resnet_gn,43,ROC,0.19540229885057472,0.5602836879432624
narrow_resnet_gn,43,ROC,0.19540229885057472,0.6099290780141844
narrow_resnet_gn,43,ROC,0.20689655172413793,0.6099290780141844
narrow_resnet_gn,43,ROC,0.20689655172413793,0.6170212765957447
narrow_resnet_gn,43,ROC,0.21839080459770116,0.6170212765957447
narrow_resnet_gn,43,ROC,0.21839080459770116,0.624113475177305
narrow_resnet_gn,43,ROC,0.22988505747126436,0.624113475177305
narrow_resnet_gn,43,ROC,0.22988505747126436,0.6453900709219859
narrow_resnet_gn,43,ROC,0.2413793103448276,0.6453900709219859
narrow_resnet_gn,43,ROC,0.2413793103448276,0.7446808510638298
narrow_resnet_gn,43,ROC,0.25287356321839083,0.7446808510638298
narrow_resnet_gn,43,ROC,0.25287356321839083,0.7588652482269503
narrow_resnet_gn,43,ROC,0.26436781609195403,0.7588652482269503
narrow_resnet_gn,43,ROC,0.26436781609195403,0.7659574468085106
narrow_resnet_gn,43,ROC,0.27586206896551724,0.7659574468085106
narrow_resnet_gn,43,ROC,0.27586206896551724,0.8226950354609929
narrow_resnet_gn,43,ROC,0.28735632183908044,0.8226950354609929
narrow_resnet_gn,43,ROC,0.28735632183908044,0.8368794326241135
narrow_resnet_gn,43,ROC,0.3103448275862069,0.8368794326241135
narrow_resnet_gn,43,ROC,0.3103448275862069,0.8581560283687943
narrow_resnet_gn,43,ROC,0.3218390804597701,0.8581560283687943
narrow_resnet_gn,43,ROC,0.3218390804597701,0.8652482269503546
narrow_resnet_gn,43,ROC,0.3563218390804598,0.8652482269503546
narrow_resnet_gn,43,ROC,0.3563218390804598,0.8723404255319149
narrow_resnet_gn,43,ROC,0.367816091954023,0.8723404255319149
narrow_resnet_gn,43,ROC,0.367816091954023,0.8936170212765957
narrow_resnet_gn,43,ROC,0.39080459770114945,0.8936170212765957
narrow_resnet_gn,43,ROC,0.39080459770114945,0.900709219858156
narrow_resnet_gn,43,ROC,0.41379310344827586,0.900709219858156
narrow_resnet_gn,43,ROC,0.41379310344827586,0.9148936170212766
narrow_resnet_gn,43,ROC,0.47126436781609193,0.9148936170212766
narrow_resnet_gn,43,ROC,0.47126436781609193,0.9219858156028369
narrow_resnet_gn,43,ROC,0.4827586206896552,0.9219858156028369
narrow_resnet_gn,43,ROC,0.4827586206896552,0.9290780141843972
narrow_resnet_gn,43,ROC,0.5632183908045977,0.9290780141843972
narrow_resnet_gn,43,ROC,0.5632183908045977,0.9432624113475178
narrow_resnet_gn,43,ROC,0.5862068965517241,0.9432624113475178
narrow_resnet_gn,43,ROC,0.5862068965517241,0.950354609929078
narrow_resnet_gn,43,ROC,0.6551724137931034,0.950354609929078
narrow_resnet_gn,43,ROC,0.6551724137931034,0.9574468085106383
narrow_resnet_gn,43,ROC,0.735632183908046,0.9574468085106383
narrow_resnet_gn,43,ROC,0.735632183908046,0.9716312056737588
narrow_resnet_gn,43,ROC,0.7471264367816092,0.9716312056737588
narrow_resnet_gn,43,ROC,0.7471264367816092,0.9858156028368794
narrow_resnet_gn,43,ROC,0.7931034482758621,0.9858156028368794
narrow_resnet_gn,43,ROC,0.7931034482758621,0.9929078014184397
narrow_resnet_gn,43,ROC,0.8850574712643678,0.9929078014184397
narrow_resnet_gn,43,ROC,0.8850574712643678,1.0
narrow_resnet_gn,43,ROC,1.0,1.0
narrow_resnet_gn,43,PR,1.0,0.618421052631579
narrow_resnet_gn,43,PR,1.0,0.6211453744493393
narrow_resnet_gn,43,PR,1.0,0.6238938053097345
narrow_resnet_gn,43,PR,1.0,0.6266666666666667
narrow_resnet_gn,43,PR,1.0,0.6294642857142857
narrow_resnet_gn,43,PR,1.0,0.6322869955156951
narrow_resnet_gn,43,PR,1.0,0.6351351351351351
narrow_resnet_gn,43,PR,1.0,0.6380090497737556
narrow_resnet_gn,43,PR,1.0,0.6409090909090909
narrow_resnet_gn,43,PR,1.0,0.6438356164383562
narrow_resnet_gn,43,PR,1.0,0.6467889908256881
narrow_resnet_gn,43,PR,0.9929078014184397,0.6451612903225806
narrow_resnet_gn,43,PR,0.9929078014184397,0.6481481481481481
narrow_resnet_gn,43,PR,0.9929078014184397,0.6511627906976745
narrow_resnet_gn,43,PR,0.9929078014184397,0.6542056074766355
narrow_resnet_gn,43,PR,0.9929078014184397,0.6572769953051644
narrow_resnet_gn,43,PR,0.9929078014184397,0.660377358490566
narrow_resnet_gn,43,PR,0.9929078014184397,0.6635071090047393
narrow_resnet_gn,43,PR,0.9929078014184397,0.6666666666666666
narrow_resnet_gn,43,PR,0.9929078014184397,0.6698564593301436
narrow_resnet_gn,43,PR,0.9858156028368794,0.6682692307692307
narrow_resnet_gn,43,PR,0.9858156028368794,0.6714975845410628
narrow_resnet_gn,43,PR,0.9858156028368794,0.6747572815533981
narrow_resnet_gn,43,PR,0.9858156028368794,0.6780487804878049
narrow_resnet_gn,43,PR,0.9858156028368794,0.6813725490196079
narrow_resnet_gn,43,PR,0.9787234042553191,0.6798029556650246
narrow_resnet_gn,43,PR,0.9716312056737588,0.6782178217821783
narrow_resnet_gn,43,PR,0.9716312056737588,0.681592039800995
narrow_resnet_gn,43,PR,0.9645390070921985,0.68
narrow_resnet_gn,43,PR,0.9574468085106383,0.678391959798995
narrow_resnet_gn,43,PR,0.9574468085106383,0.6818181818181818
narrow_resnet_gn,43,PR,0.9574468085106383,0.6852791878172588
narrow_resnet_gn,43,PR,0.9574468085106383,0.6887755102040817
narrow_resnet_gn,43,PR,0.9574468085106383,0.6923076923076923
narrow_resnet_gn,43,PR,0.9574468085106383,0.6958762886597938
narrow_resnet_gn,43,PR,0.9574468085106383,0.6994818652849741
narrow_resnet_gn,43,PR,0.9574468085106383,0.703125
narrow_resnet_gn,43,PR,0.950354609929078,0.7015706806282722
narrow_resnet_gn,43,PR,0.950354609929078,0.7052631578947368
narrow_resnet_gn,43,PR,0.950354609929078,0.708994708994709
narrow_resnet_gn,43,PR,0.950354609929078,0.7127659574468085
narrow_resnet_gn,43,PR,0.950354609929078,0.7165775401069518
narrow_resnet_gn,43,PR,0.950354609929078,0.7204301075268817
narrow_resnet_gn,43,PR,0.950354609929078,0.7243243243243244
narrow_resnet_gn,43,PR,0.9432624113475178,0.7228260869565217
narrow_resnet_gn,43,PR,0.9432624113475178,0.726775956284153
narrow_resnet_gn,43,PR,0.9432624113475178,0.7307692307692307
narrow_resnet_gn,43,PR,0.9361702127659575,0.7292817679558011
narrow_resnet_gn,43,PR,0.9290780141843972,0.7277777777777777
narrow_resnet_gn,43,PR,0.9290780141843972,0.7318435754189944
narrow_resnet_gn,43,PR,0.9290780141843972,0.7359550561797753
narrow_resnet_gn,43,PR,0.9290780141843972,0.7401129943502824
narrow_resnet_gn,43,PR,0.9290780141843972,0.7443181818181818
narrow_resnet_gn,43,PR,0.9290780141843972,0.7485714285714286
narrow_resnet_gn,43,PR,0.9290780141843972,0.7528735632183908
narrow_resnet_gn,43,PR,0.9290780141843972,0.7572254335260116
narrow_resnet_gn,43,PR,0.9219858156028369,0.7558139534883721
narrow_resnet_gn,43,PR,0.9219858156028369,0.7602339181286549
narrow_resnet_gn,43,PR,0.9148936170212766,0.7588235294117647
narrow_resnet_gn,43,PR,0.9148936170212766,0.7633136094674556
narrow_resnet_gn,43,PR,0.9148936170212766,0.7678571428571429
narrow_resnet_gn,43,PR,0.9148936170212766,0.7724550898203593
narrow_resnet_gn,43,PR,0.9148936170212766,0.7771084337349398
narrow_resnet_gn,43,PR,0.9148936170212766,0.7818181818181819
narrow_resnet_gn,43,PR,0.9078014184397163,0.7804878048780488
narrow_resnet_gn,43,PR,0.900709219858156,0.7791411042944786
narrow_resnet_gn,43,PR,0.900709219858156,0.7839506172839507
narrow_resnet_gn,43,PR,0.900709219858156,0.7888198757763976
narrow_resnet_gn,43,PR,0.8936170212765957,0.7875
narrow_resnet_gn,43,PR,0.8936170212765957,0.7924528301886793
narrow_resnet_gn,43,PR,0.8936170212765957,0.7974683544303798
narrow_resnet_gn,43,PR,0.8865248226950354,0.7961783439490446
narrow_resnet_gn,43,PR,0.8794326241134752,0.7948717948717948
narrow_resnet_gn,43,PR,0.8723404255319149,0.7935483870967742
narrow_resnet_gn,43,PR,0.8723404255319149,0.7987012987012987
narrow_resnet_gn,43,PR,0.8652482269503546,0.7973856209150327
narrow_resnet_gn,43,PR,0.8652482269503546,0.8026315789473685
narrow_resnet_gn,43,PR,0.8652482269503546,0.8079470198675497
narrow_resnet_gn,43,PR,0.8652482269503546,0.8133333333333334
narrow_resnet_gn,43,PR,0.8581560283687943,0.8120805369127517
narrow_resnet_gn,43,PR,0.8581560283687943,0.8175675675675675
narrow_resnet_gn,43,PR,0.851063829787234,0.8163265306122449
narrow_resnet_gn,43,PR,0.8439716312056738,0.815068493150685
narrow_resnet_gn,43,PR,0.8368794326241135,0.8137931034482758
narrow_resnet_gn,43,PR,0.8368794326241135,0.8194444444444444
narrow_resnet_gn,43,PR,0.8368794326241135,0.8251748251748252
narrow_resnet_gn,43,PR,0.8297872340425532,0.823943661971831
narrow_resnet_gn,43,PR,0.8226950354609929,0.8226950354609929
narrow_resnet_gn,43,PR,0.8226950354609929,0.8285714285714286
narrow_resnet_gn,43,PR,0.8156028368794326,0.8273381294964028
narrow_resnet_gn,43,PR,0.8085106382978723,0.8260869565217391
narrow_resnet_gn,43,PR,0.8014184397163121,0.8248175182481752
narrow_resnet_gn,43,PR,0.7943262411347518,0.8235294117647058
narrow_resnet_gn,43,PR,0.7872340425531915,0.8222222222222222
narrow_resnet_gn,43,PR,0.7801418439716312,0.8208955223880597
narrow_resnet_gn,43,PR,0.7730496453900709,0.8195488721804511
narrow_resnet_gn,43,PR,0.7659574468085106,0.8181818181818182
narrow_resnet_gn,43,PR,0.7659574468085106,0.8244274809160306
narrow_resnet_gn,43,PR,0.7588652482269503,0.823076923076923
narrow_resnet_gn,43,PR,0.7588652482269503,0.8294573643410853
narrow_resnet_gn,43,PR,0.75177304964539,0.828125
narrow_resnet_gn,43,PR,0.7446808510638298,0.8267716535433071
narrow_resnet_gn,43,PR,0.7446808510638298,0.8333333333333334
narrow_resnet_gn,43,PR,0.7375886524822695,0.832
narrow_resnet_gn,43,PR,0.7304964539007093,0.8306451612903226
narrow_resnet_gn,43,PR,0.723404255319149,0.8292682926829268
narrow_resnet_gn,43,PR,0.7163120567375887,0.8278688524590164
narrow_resnet_gn,43,PR,0.7092198581560284,0.8264462809917356
narrow_resnet_gn,43,PR,0.7021276595744681,0.825
narrow_resnet_gn,43,PR,0.6950354609929078,0.8235294117647058
narrow_resnet_gn,43,PR,0.6879432624113475,0.8220338983050848
narrow_resnet_gn,43,PR,0.6808510638297872,0.8205128205128205
narrow_resnet_gn,43,PR,0.6737588652482269,0.8189655172413793
narrow_resnet_gn,43,PR,0.6666666666666666,0.8173913043478261
narrow_resnet_gn,43,PR,0.6595744680851063,0.8157894736842105
narrow_resnet_gn,43,PR,0.6524822695035462,0.8141592920353983
narrow_resnet_gn,43,PR,0.6453900709219859,0.8125
narrow_resnet_gn,43,PR,0.6453900709219859,0.8198198198198198
narrow_resnet_gn,43,PR,0.6382978723404256,0.8181818181818182
narrow_resnet_gn,43,PR,0.6312056737588653,0.8165137614678899
narrow_resnet_gn,43,PR,0.624113475177305,0.8148148148148148
narrow_resnet_gn,43,PR,0.624113475177305,0.822429906542056
narrow_resnet_gn,43,PR,0.6170212765957447,0.8207547169811321
narrow_resnet_gn,43,PR,0.6170212765957447,0.8285714285714286
narrow_resnet_gn,43,PR,0.6099290780141844,0.8269230769230769
narrow_resnet_gn,43,PR,0.6099290780141844,0.8349514563106796
narrow_resnet_gn,43,PR,0.6028368794326241,0.8333333333333334
narrow_resnet_gn,43,PR,0.5957446808510638,0.8316831683168316
narrow_resnet_gn,43,PR,0.5886524822695035,0.83
narrow_resnet_gn,43,PR,0.5815602836879432,0.8282828282828283
narrow_resnet_gn,43,PR,0.574468085106383,0.826530612244898
narrow_resnet_gn,43,PR,0.5673758865248227,0.8247422680412371
narrow_resnet_gn,43,PR,0.5602836879432624,0.8229166666666666
narrow_resnet_gn,43,PR,0.5602836879432624,0.8315789473684211
narrow_resnet_gn,43,PR,0.5531914893617021,0.8297872340425532
narrow_resnet_gn,43,PR,0.5460992907801419,0.8279569892473119
narrow_resnet_gn,43,PR,0.5390070921985816,0.8260869565217391
narrow_resnet_gn,43,PR,0.5390070921985816,0.8351648351648352
narrow_resnet_gn,43,PR,0.5319148936170213,0.8333333333333334
narrow_resnet_gn,43,PR,0.524822695035461,0.8314606741573034
narrow_resnet_gn,43,PR,0.524822695035461,0.8409090909090909
narrow_resnet_gn,43,PR,0.524822695035461,0.8505747126436781
narrow_resnet_gn,43,PR,0.5177304964539007,0.8488372093023255
narrow_resnet_gn,43,PR,0.5106382978723404,0.8470588235294118
narrow_resnet_gn,43,PR,0.5035460992907801,0.8452380952380952
narrow_resnet_gn,43,PR,0.49645390070921985,0.8433734939759037
narrow_resnet_gn,43,PR,0.48936170212765956,0.8414634146341463
narrow_resnet_gn,43,PR,0.48226950354609927,0.8395061728395061
narrow_resnet_gn,43,PR,0.48226950354609927,0.85
narrow_resnet_gn,43,PR,0.475177304964539,0.8481012658227848
narrow_resnet_gn,43,PR,0.46808510638297873,0.8461538461538461
narrow_resnet_gn,43,PR,0.46099290780141844,0.8441558441558441
narrow_resnet_gn,43,PR,0.45390070921985815,0.8421052631578947
narrow_resnet_gn,43,PR,0.44680851063829785,0.84
narrow_resnet_gn,43,PR,0.4397163120567376,0.8378378378378378
narrow_resnet_gn,43,PR,0.4326241134751773,0.8356164383561644
narrow_resnet_gn,43,PR,0.425531914893617,0.8333333333333334
narrow_resnet_gn,43,PR,0.41843971631205673,0.8309859154929577
narrow_resnet_gn,43,PR,0.41134751773049644,0.8285714285714286
narrow_resnet_gn,43,PR,0.40425531914893614,0.8260869565217391
narrow_resnet_gn,43,PR,0.40425531914893614,0.8382352941176471
narrow_resnet_gn,43,PR,0.40425531914893614,0.8507462686567164
narrow_resnet_gn,43,PR,0.40425531914893614,0.8636363636363636
narrow_resnet_gn,43,PR,0.3971631205673759,0.8615384615384616
narrow_resnet_gn,43,PR,0.3900709219858156,0.859375
narrow_resnet_gn,43,PR,0.3829787234042553,0.8571428571428571
narrow_resnet_gn,43,PR,0.375886524822695,0.8548387096774194
narrow_resnet_gn,43,PR,0.36879432624113473,0.8524590163934426
narrow_resnet_gn,43,PR,0.3617021276595745,0.85
narrow_resnet_gn,43,PR,0.3546099290780142,0.847457627118644
narrow_resnet_gn,43,PR,0.3475177304964539,0.8448275862068966
narrow_resnet_gn,43,PR,0.3404255319148936,0.8421052631578947
narrow_resnet_gn,43,PR,0.3333333333333333,0.8392857142857143
narrow_resnet_gn,43,PR,0.3262411347517731,0.8363636363636363
narrow_resnet_gn,43,PR,0.3191489361702128,0.8333333333333334
narrow_resnet_gn,43,PR,0.3120567375886525,0.8301886792452831
narrow_resnet_gn,43,PR,0.3049645390070922,0.8269230769230769
narrow_resnet_gn,43,PR,0.2978723404255319,0.8235294117647058
narrow_resnet_gn,43,PR,0.2907801418439716,0.82
narrow_resnet_gn,43,PR,0.28368794326241137,0.8163265306122449
narrow_resnet_gn,43,PR,0.2765957446808511,0.8125
narrow_resnet_gn,43,PR,0.2695035460992908,0.8085106382978723
narrow_resnet_gn,43,PR,0.2624113475177305,0.8043478260869565
narrow_resnet_gn,43,PR,0.2553191489361702,0.8
narrow_resnet_gn,43,PR,0.24822695035460993,0.7954545454545454
narrow_resnet_gn,43,PR,0.24113475177304963,0.7906976744186046
narrow_resnet_gn,43,PR,0.24113475177304963,0.8095238095238095
narrow_resnet_gn,43,PR,0.23404255319148937,0.8048780487804879
narrow_resnet_gn,43,PR,0.23404255319148937,0.825
narrow_resnet_gn,43,PR,0.22695035460992907,0.8205128205128205
narrow_resnet_gn,43,PR,0.2198581560283688,0.8157894736842105
narrow_resnet_gn,43,PR,0.2127659574468085,0.8108108108108109
narrow_resnet_gn,43,PR,0.20567375886524822,0.8055555555555556
narrow_resnet_gn,43,PR,0.20567375886524822,0.8285714285714286
narrow_resnet_gn,43,PR,0.20567375886524822,0.8529411764705882
narrow_resnet_gn,43,PR,0.19858156028368795,0.8484848484848485
narrow_resnet_gn,43,PR,0.19858156028368795,0.875
narrow_resnet_gn,43,PR,0.19148936170212766,0.8709677419354839
narrow_resnet_gn,43,PR,0.18439716312056736,0.8666666666666667
narrow_resnet_gn,43,PR,0.1773049645390071,0.8620689655172413
narrow_resnet_gn,43,PR,0.1702127659574468,0.8571428571428571
narrow_resnet_gn,43,PR,0.1702127659574468,0.8888888888888888
narrow_resnet_gn,43,PR,0.16312056737588654,0.8846153846153846
narrow_resnet_gn,43,PR,0.15602836879432624,0.88
narrow_resnet_gn,43,PR,0.14893617021276595,0.875
narrow_resnet_gn,43,PR,0.14184397163120568,0.8695652173913043
narrow_resnet_gn,43,PR,0.14184397163120568,0.9090909090909091
narrow_resnet_gn,43,PR,0.1347517730496454,0.9047619047619048
narrow_resnet_gn,43,PR,0.1276595744680851,0.9
narrow_resnet_gn,43,PR,0.12056737588652482,0.8947368421052632
narrow_resnet_gn,43,PR,0.11347517730496454,0.8888888888888888
narrow_resnet_gn,43,PR,0.10638297872340426,0.8823529411764706
narrow_resnet_gn,43,PR,0.09929078014184398,0.875
narrow_resnet_gn,43,PR,0.09219858156028368,0.8666666666666667
narrow_resnet_gn,43,PR,0.0851063829787234,0.8571428571428571
narrow_resnet_gn,43,PR,0.07801418439716312,0.8461538461538461
narrow_resnet_gn,43,PR,0.07092198581560284,0.8333333333333334
narrow_resnet_gn,43,PR,0.07092198581560284,0.9090909090909091
narrow_resnet_gn,43,PR,0.07092198581560284,1.0
narrow_resnet_gn,43,PR,0.06382978723404255,1.0
narrow_resnet_gn,43,PR,0.05673758865248227,1.0
narrow_resnet_gn,43,PR,0.04964539007092199,1.0
narrow_resnet_gn,43,PR,0.0425531914893617,1.0
narrow_resnet_gn,43,PR,0.03546099290780142,1.0
narrow_resnet_gn,43,PR,0.028368794326241134,1.0
narrow_resnet_gn,43,PR,0.02127659574468085,1.0
narrow_resnet_gn,43,PR,0.014184397163120567,1.0
narrow_resnet_gn,43,PR,0.0070921985815602835,1.0
narrow_resnet_gn,43,PR,0.0,1.0
narrow_resnet_gn,44,ROC,0.0,0.0
narrow_resnet_gn,44,ROC,0.0,0.0070921985815602835
narrow_resnet_gn,44,ROC,0.0,0.07801418439716312
narrow_resnet_gn,44,ROC,0.011494252873563218,0.07801418439716312
narrow_resnet_gn,44,ROC,0.011494252873563218,0.14184397163120568
narrow_resnet_gn,44,ROC,0.022988505747126436,0.14184397163120568
narrow_resnet_gn,44,ROC,0.022988505747126436,0.16312056737588654
narrow_resnet_gn,44,ROC,0.034482758620689655,0.16312056737588654
narrow_resnet_gn,44,ROC,0.034482758620689655,0.1773049645390071
narrow_resnet_gn,44,ROC,0.04597701149425287,0.1773049645390071
narrow_resnet_gn,44,ROC,0.04597701149425287,0.3191489361702128
narrow_resnet_gn,44,ROC,0.05747126436781609,0.3191489361702128
narrow_resnet_gn,44,ROC,0.05747126436781609,0.3617021276595745
narrow_resnet_gn,44,ROC,0.06896551724137931,0.3617021276595745
narrow_resnet_gn,44,ROC,0.06896551724137931,0.3971631205673759
narrow_resnet_gn,44,ROC,0.08045977011494253,0.3971631205673759
narrow_resnet_gn,44,ROC,0.08045977011494253,0.40425531914893614
narrow_resnet_gn,44,ROC,0.10344827586206896,0.40425531914893614
narrow_resnet_gn,44,ROC,0.10344827586206896,0.45390070921985815
narrow_resnet_gn,44,ROC,0.11494252873563218,0.45390070921985815
narrow_resnet_gn,44,ROC,0.11494252873563218,0.46808510638297873
narrow_resnet_gn,44,ROC,0.12643678160919541,0.46808510638297873
narrow_resnet_gn,44,ROC,0.12643678160919541,0.48936170212765956
narrow_resnet_gn,44,ROC,0.14942528735632185,0.48936170212765956
narrow_resnet_gn,44,ROC,0.14942528735632185,0.5106382978723404
narrow_resnet_gn,44,ROC,0.16091954022988506,0.5106382978723404
narrow_resnet_gn,44,ROC,0.16091954022988506,0.5460992907801419
narrow_resnet_gn,44,ROC,0.1724137931034483,0.5460992907801419
narrow_resnet_gn,44,ROC,0.1724137931034483,0.5531914893617021
narrow_resnet_gn,44,ROC,0.1839080459770115,0.5531914893617021
narrow_resnet_gn,44,ROC,0.1839080459770115,0.5957446808510638
narrow_resnet_gn,44,ROC,0.19540229885057472,0.5957446808510638
narrow_resnet_gn,44,ROC,0.19540229885057472,0.6312056737588653
narrow_resnet_gn,44,ROC,0.20689655172413793,0.6312056737588653
narrow_resnet_gn,44,ROC,0.20689655172413793,0.6453900709219859
narrow_resnet_gn,44,ROC,0.21839080459770116,0.6453900709219859
narrow_resnet_gn,44,ROC,0.21839080459770116,0.6808510638297872
narrow_resnet_gn,44,ROC,0.22988505747126436,0.6808510638297872
narrow_resnet_gn,44,ROC,0.22988505747126436,0.6879432624113475
narrow_resnet_gn,44,ROC,0.2413793103448276,0.6879432624113475
narrow_resnet_gn,44,ROC,0.2413793103448276,0.6950354609929078
narrow_resnet_gn,44,ROC,0.26436781609195403,0.6950354609929078
narrow_resnet_gn,44,ROC,0.26436781609195403,0.7021276595744681
narrow_resnet_gn,44,ROC,0.27586206896551724,0.7021276595744681
narrow_resnet_gn,44,ROC,0.27586206896551724,0.7092198581560284
narrow_resnet_gn,44,ROC,0.28735632183908044,0.7092198581560284
narrow_resnet_gn,44,ROC,0.28735632183908044,0.723404255319149
narrow_resnet_gn,44,ROC,0.3103448275862069,0.723404255319149
narrow_resnet_gn,44,ROC,0.3103448275862069,0.7304964539007093
narrow_resnet_gn,44,ROC,0.3218390804597701,0.7304964539007093
narrow_resnet_gn,44,ROC,0.3218390804597701,0.7375886524822695
narrow_resnet_gn,44,ROC,0.3563218390804598,0.7375886524822695
narrow_resnet_gn,44,ROC,0.3563218390804598,0.75177304964539
narrow_resnet_gn,44,ROC,0.367816091954023,0.75177304964539
narrow_resnet_gn,44,ROC,0.367816091954023,0.7659574468085106
narrow_resnet_gn,44,ROC,0.39080459770114945,0.7659574468085106
narrow_resnet_gn,44,ROC,0.39080459770114945,0.7872340425531915
narrow_resnet_gn,44,ROC,0.41379310344827586,0.7872340425531915
narrow_resnet_gn,44,ROC,0.41379310344827586,0.8014184397163121
narrow_resnet_gn,44,ROC,0.4482758620689655,0.8014184397163121
narrow_resnet_gn,44,ROC,0.4482758620689655,0.8297872340425532
narrow_resnet_gn,44,ROC,0.47126436781609193,0.8297872340425532
narrow_resnet_gn,44,ROC,0.47126436781609193,0.8368794326241135
narrow_resnet_gn,44,ROC,0.4827586206896552,0.8368794326241135
narrow_resnet_gn,44,ROC,0.4827586206896552,0.8652482269503546
narrow_resnet_gn,44,ROC,0.4942528735632184,0.8652482269503546
narrow_resnet_gn,44,ROC,0.4942528735632184,0.8936170212765957
narrow_resnet_gn,44,ROC,0.5747126436781609,0.8936170212765957
narrow_resnet_gn,44,ROC,0.5747126436781609,0.9148936170212766
narrow_resnet_gn,44,ROC,0.6091954022988506,0.9148936170212766
narrow_resnet_gn,44,ROC,0.6091954022988506,0.9219858156028369
narrow_resnet_gn,44,ROC,0.6206896551724138,0.9219858156028369
narrow_resnet_gn,44,ROC,0.6206896551724138,0.9290780141843972
narrow_resnet_gn,44,ROC,0.632183908045977,0.9290780141843972
narrow_resnet_gn,44,ROC,0.632183908045977,0.9432624113475178
narrow_resnet_gn,44,ROC,0.7011494252873564,0.9432624113475178
narrow_resnet_gn,44,ROC,0.7011494252873564,0.950354609929078
narrow_resnet_gn,44,ROC,0.7586206896551724,0.950354609929078
narrow_resnet_gn,44,ROC,0.7586206896551724,0.9645390070921985
narrow_resnet_gn,44,ROC,0.7701149425287356,0.9645390070921985
narrow_resnet_gn,44,ROC,0.7701149425287356,0.9787234042553191
narrow_resnet_gn,44,ROC,0.7816091954022989,0.9787234042553191
narrow_resnet_gn,44,ROC,0.7816091954022989,0.9929078014184397
narrow_resnet_gn,44,ROC,0.8160919540229885,0.9929078014184397
narrow_resnet_gn,44,ROC,0.8160919540229885,1.0
narrow_resnet_gn,44,ROC,1.0,1.0
narrow_resnet_gn,44,PR,1.0,0.618421052631579
narrow_resnet_gn,44,PR,1.0,0.6211453744493393
narrow_resnet_gn,44,PR,1.0,0.6238938053097345
narrow_resnet_gn,44,PR,1.0,0.6266666666666667
narrow_resnet_gn,44,PR,1.0,0.6294642857142857
narrow_resnet_gn,44,PR,1.0,0.6322869955156951
narrow_resnet_gn,44,PR,1.0,0.6351351351351351
narrow_resnet_gn,44,PR,1.0,0.6380090497737556
narrow_resnet_gn,44,PR,1.0,0.6409090909090909
narrow_resnet_gn,44,PR,1.0,0.6438356164383562
narrow_resnet_gn,44,PR,1.0,0.6467889908256881
narrow_resnet_gn,44,PR,1.0,0.6497695852534562
narrow_resnet_gn,44,PR,1.0,0.6527777777777778
narrow_resnet_gn,44,PR,1.0,0.6558139534883721
narrow_resnet_gn,44,PR,1.0,0.6588785046728972
narrow_resnet_gn,44,PR,1.0,0.6619718309859155
narrow_resnet_gn,44,PR,1.0,0.6650943396226415
narrow_resnet_gn,44,PR,0.9929078014184397,0.6635071090047393
narrow_resnet_gn,44,PR,0.9929078014184397,0.6666666666666666
narrow_resnet_gn,44,PR,0.9929078014184397,0.6698564593301436
narrow_resnet_gn,44,PR,0.9929078014184397,0.6730769230769231
narrow_resnet_gn,44,PR,0.9858156028368794,0.6714975845410628
narrow_resnet_gn,44,PR,0.9787234042553191,0.6699029126213593
narrow_resnet_gn,44,PR,0.9787234042553191,0.6731707317073171
narrow_resnet_gn,44,PR,0.9716312056737588,0.6715686274509803
narrow_resnet_gn,44,PR,0.9645390070921985,0.6699507389162561
narrow_resnet_gn,44,PR,0.9645390070921985,0.6732673267326733
narrow_resnet_gn,44,PR,0.9574468085106383,0.6716417910447762
narrow_resnet_gn,44,PR,0.950354609929078,0.67
narrow_resnet_gn,44,PR,0.950354609929078,0.6733668341708543
narrow_resnet_gn,44,PR,0.950354609929078,0.6767676767676768
narrow_resnet_gn,44,PR,0.950354609929078,0.6802030456852792
narrow_resnet_gn,44,PR,0.950354609929078,0.6836734693877551
narrow_resnet_gn,44,PR,0.950354609929078,0.6871794871794872
narrow_resnet_gn,44,PR,0.9432624113475178,0.6855670103092784
narrow_resnet_gn,44,PR,0.9432624113475178,0.689119170984456
narrow_resnet_gn,44,PR,0.9432624113475178,0.6927083333333334
narrow_resnet_gn,44,PR,0.9432624113475178,0.6963350785340314
narrow_resnet_gn,44,PR,0.9432624113475178,0.7
narrow_resnet_gn,44,PR,0.9432624113475178,0.7037037037037037
narrow_resnet_gn,44,PR,0.9432624113475178,0.7074468085106383
narrow_resnet_gn,44,PR,0.9361702127659575,0.7058823529411765
narrow_resnet_gn,44,PR,0.9290780141843972,0.7043010752688172
narrow_resnet_gn,44,PR,0.9290780141843972,0.7081081081081081
narrow_resnet_gn,44,PR,0.9219858156028369,0.7065217391304348
narrow_resnet_gn,44,PR,0.9219858156028369,0.7103825136612022
narrow_resnet_gn,44,PR,0.9148936170212766,0.7087912087912088
narrow_resnet_gn,44,PR,0.9148936170212766,0.712707182320442
narrow_resnet_gn,44,PR,0.9148936170212766,0.7166666666666667
narrow_resnet_gn,44,PR,0.9148936170212766,0.7206703910614525
narrow_resnet_gn,44,PR,0.9078014184397163,0.7191011235955056
narrow_resnet_gn,44,PR,0.900709219858156,0.7175141242937854
narrow_resnet_gn,44,PR,0.8936170212765957,0.7159090909090909
narrow_resnet_gn,44,PR,0.8936170212765957,0.72
narrow_resnet_gn,44,PR,0.8936170212765957,0.7241379310344828
narrow_resnet_gn,44,PR,0.8936170212765957,0.7283236994219653
narrow_resnet_gn,44,PR,0.8936170212765957,0.7325581395348837
narrow_resnet_gn,44,PR,0.8936170212765957,0.7368421052631579
narrow_resnet_gn,44,PR,0.8936170212765957,0.7411764705882353
narrow_resnet_gn,44,PR,0.8936170212765957,0.7455621301775148
narrow_resnet_gn,44,PR,0.8865248226950354,0.7440476190476191
narrow_resnet_gn,44,PR,0.8794326241134752,0.7425149700598802
narrow_resnet_gn,44,PR,0.8723404255319149,0.7409638554216867
narrow_resnet_gn,44,PR,0.8652482269503546,0.7393939393939394
narrow_resnet_gn,44,PR,0.8652482269503546,0.7439024390243902
narrow_resnet_gn,44,PR,0.8581560283687943,0.7423312883435583
narrow_resnet_gn,44,PR,0.851063829787234,0.7407407407407407
narrow_resnet_gn,44,PR,0.8439716312056738,0.7391304347826086
narrow_resnet_gn,44,PR,0.8368794326241135,0.7375
narrow_resnet_gn,44,PR,0.8368794326241135,0.7421383647798742
narrow_resnet_gn,44,PR,0.8297872340425532,0.740506329113924
narrow_resnet_gn,44,PR,0.8297872340425532,0.7452229299363057
narrow_resnet_gn,44,PR,0.8297872340425532,0.75
narrow_resnet_gn,44,PR,0.8226950354609929,0.7483870967741936
narrow_resnet_gn,44,PR,0.8156028368794326,0.7467532467532467
narrow_resnet_gn,44,PR,0.8085106382978723,0.7450980392156863
narrow_resnet_gn,44,PR,0.8014184397163121,0.743421052631579
narrow_resnet_gn,44,PR,0.8014184397163121,0.7483443708609272
narrow_resnet_gn,44,PR,0.8014184397163121,0.7533333333333333
narrow_resnet_gn,44,PR,0.8014184397163121,0.7583892617449665
narrow_resnet_gn,44,PR,0.7943262411347518,0.7567567567567568
narrow_resnet_gn,44,PR,0.7872340425531915,0.7551020408163265
narrow_resnet_gn,44,PR,0.7872340425531915,0.7602739726027398
narrow_resnet_gn,44,PR,0.7872340425531915,0.7655172413793103
narrow_resnet_gn,44,PR,0.7801418439716312,0.7638888888888888
narrow_resnet_gn,44,PR,0.7730496453900709,0.7622377622377622
narrow_resnet_gn,44,PR,0.7659574468085106,0.7605633802816901
narrow_resnet_gn,44,PR,0.7659574468085106,0.7659574468085106
narrow_resnet_gn,44,PR,0.7659574468085106,0.7714285714285715
narrow_resnet_gn,44,PR,0.7588652482269503,0.7697841726618705
narrow_resnet_gn,44,PR,0.75177304964539,0.7681159420289855
narrow_resnet_gn,44,PR,0.75177304964539,0.7737226277372263
narrow_resnet_gn,44,PR,0.7446808510638298,0.7720588235294118
narrow_resnet_gn,44,PR,0.7375886524822695,0.7703703703703704
narrow_resnet_gn,44,PR,0.7375886524822695,0.7761194029850746
narrow_resnet_gn,44,PR,0.7375886524822695,0.7819548872180451
narrow_resnet_gn,44,PR,0.7375886524822695,0.7878787878787878
narrow_resnet_gn,44,PR,0.7304964539007093,0.7862595419847328
narrow_resnet_gn,44,PR,0.7304964539007093,0.7923076923076923
narrow_resnet_gn,44,PR,0.723404255319149,0.7906976744186046
narrow_resnet_gn,44,PR,0.723404255319149,0.796875
narrow_resnet_gn,44,PR,0.723404255319149,0.8031496062992126
narrow_resnet_gn,44,PR,0.7163120567375887,0.8015873015873016
narrow_resnet_gn,44,PR,0.7092198581560284,0.8
narrow_resnet_gn,44,PR,0.7092198581560284,0.8064516129032258
narrow_resnet_gn,44,PR,0.7021276595744681,0.8048780487804879
narrow_resnet_gn,44,PR,0.7021276595744681,0.8114754098360656
narrow_resnet_gn,44,PR,0.6950354609929078,0.8099173553719008
narrow_resnet_gn,44,PR,0.6950354609929078,0.8166666666666667
narrow_resnet_gn,44,PR,0.6950354609929078,0.8235294117647058
narrow_resnet_gn,44,PR,0.6879432624113475,0.8220338983050848
narrow_resnet_gn,44,PR,0.6879432624113475,0.8290598290598291
narrow_resnet_gn,44,PR,0.6808510638297872,0.8275862068965517
narrow_resnet_gn,44,PR,0.6808510638297872,0.8347826086956521
narrow_resnet_gn,44,PR,0.6737588652482269,0.8333333333333334
narrow_resnet_gn,44,PR,0.6666666666666666,0.831858407079646
narrow_resnet_gn,44,PR,0.6595744680851063,0.8303571428571429
narrow_resnet_gn,44,PR,0.6524822695035462,0.8288288288288288
narrow_resnet_gn,44,PR,0.6453900709219859,0.8272727272727273
narrow_resnet_gn,44,PR,0.6453900709219859,0.8348623853211009
narrow_resnet_gn,44,PR,0.6382978723404256,0.8333333333333334
narrow_resnet_gn,44,PR,0.6312056737588653,0.8317757009345794
narrow_resnet_gn,44,PR,0.6312056737588653,0.839622641509434
narrow_resnet_gn,44,PR,0.624113475177305,0.8380952380952381
narrow_resnet_gn,44,PR,0.6170212765957447,0.8365384615384616
narrow_resnet_gn,44,PR,0.6099290780141844,0.8349514563106796
narrow_resnet_gn,44,PR,0.6028368794326241,0.8333333333333334
narrow_resnet_gn,44,PR,0.5957446808510638,0.8316831683168316
narrow_resnet_gn,44,PR,0.5957446808510638,0.84
narrow_resnet_gn,44,PR,0.5886524822695035,0.8383838383838383
narrow_resnet_gn,44,PR,0.5815602836879432,0.8367346938775511
narrow_resnet_gn,44,PR,0.574468085106383,0.8350515463917526
narrow_resnet_gn,44,PR,0.5673758865248227,0.8333333333333334
narrow_resnet_gn,44,PR,0.5602836879432624,0.8315789473684211
narrow_resnet_gn,44,PR,0.5531914893617021,0.8297872340425532
narrow_resnet_gn,44,PR,0.5531914893617021,0.8387096774193549
narrow_resnet_gn,44,PR,0.5460992907801419,0.8369565217391305
narrow_resnet_gn,44,PR,0.5460992907801419,0.8461538461538461
narrow_resnet_gn,44,PR,0.5390070921985816,0.8444444444444444
narrow_resnet_gn,44,PR,0.5319148936170213,0.8426966292134831
narrow_resnet_gn,44,PR,0.524822695035461,0.8409090909090909
narrow_resnet_gn,44,PR,0.5177304964539007,0.8390804597701149
narrow_resnet_gn,44,PR,0.5106382978723404,0.8372093023255814
narrow_resnet_gn,44,PR,0.5106382978723404,0.8470588235294118
narrow_resnet_gn,44,PR,0.5035460992907801,0.8452380952380952
narrow_resnet_gn,44,PR,0.49645390070921985,0.8433734939759037
narrow_resnet_gn,44,PR,0.48936170212765956,0.8414634146341463
narrow_resnet_gn,44,PR,0.48936170212765956,0.8518518518518519
narrow_resnet_gn,44,PR,0.48936170212765956,0.8625
narrow_resnet_gn,44,PR,0.48226950354609927,0.8607594936708861
narrow_resnet_gn,44,PR,0.475177304964539,0.8589743589743589
narrow_resnet_gn,44,PR,0.46808510638297873,0.8571428571428571
narrow_resnet_gn,44,PR,0.46808510638297873,0.868421052631579
narrow_resnet_gn,44,PR,0.46099290780141844,0.8666666666666667
narrow_resnet_gn,44,PR,0.45390070921985815,0.8648648648648649
narrow_resnet_gn,44,PR,0.45390070921985815,0.8767123287671232
narrow_resnet_gn,44,PR,0.44680851063829785,0.875
narrow_resnet_gn,44,PR,0.4397163120567376,0.8732394366197183
narrow_resnet_gn,44,PR,0.4326241134751773,0.8714285714285714
narrow_resnet_gn,44,PR,0.425531914893617,0.8695652173913043
narrow_resnet_gn,44,PR,0.41843971631205673,0.8676470588235294
narrow_resnet_gn,44,PR,0.41134751773049644,0.8656716417910447
narrow_resnet_gn,44,PR,0.40425531914893614,0.8636363636363636
narrow_resnet_gn,44,PR,0.40425531914893614,0.8769230769230769
narrow_resnet_gn,44,PR,0.40425531914893614,0.890625
narrow_resnet_gn,44,PR,0.3971631205673759,0.8888888888888888
narrow_resnet_gn,44,PR,0.3971631205673759,0.9032258064516129
narrow_resnet_gn,44,PR,0.3900709219858156,0.9016393442622951
narrow_resnet_gn,44,PR,0.3829787234042553,0.9
narrow_resnet_gn,44,PR,0.375886524822695,0.8983050847457628
narrow_resnet_gn,44,PR,0.36879432624113473,0.896551724137931
narrow_resnet_gn,44,PR,0.3617021276595745,0.8947368421052632
narrow_resnet_gn,44,PR,0.3617021276595745,0.9107142857142857
narrow_resnet_gn,44,PR,0.3546099290780142,0.9090909090909091
narrow_resnet_gn,44,PR,0.3475177304964539,0.9074074074074074
narrow_resnet_gn,44,PR,0.3404255319148936,0.9056603773584906
narrow_resnet_gn,44,PR,0.3333333333333333,0.9038461538461539
narrow_resnet_gn,44,PR,0.3262411347517731,0.9019607843137255
narrow_resnet_gn,44,PR,0.3191489361702128,0.9
narrow_resnet_gn,44,PR,0.3191489361702128,0.9183673469387755
narrow_resnet_gn,44,PR,0.3120567375886525,0.9166666666666666
narrow_resnet_gn,44,PR,0.3049645390070922,0.9148936170212766
narrow_resnet_gn,44,PR,0.2978723404255319,0.9130434782608695
narrow_resnet_gn,44,PR,0.2907801418439716,0.9111111111111111
narrow_resnet_gn,44,PR,0.28368794326241137,0.9090909090909091
narrow_resnet_gn,44,PR,0.2765957446808511,0.9069767441860465
narrow_resnet_gn,44,PR,0.2695035460992908,0.9047619047619048
narrow_resnet_gn,44,PR,0.2624113475177305,0.9024390243902439
narrow_resnet_gn,44,PR,0.2553191489361702,0.9
narrow_resnet_gn,44,PR,0.24822695035460993,0.8974358974358975
narrow_resnet_gn,44,PR,0.24113475177304963,0.8947368421052632
narrow_resnet_gn,44,PR,0.23404255319148937,0.8918918918918919
narrow_resnet_gn,44,PR,0.22695035460992907,0.8888888888888888
narrow_resnet_gn,44,PR,0.2198581560283688,0.8857142857142857
narrow_resnet_gn,44,PR,0.2127659574468085,0.8823529411764706
narrow_resnet_gn,44,PR,0.20567375886524822,0.8787878787878788
narrow_resnet_gn,44,PR,0.19858156028368795,0.875
narrow_resnet_gn,44,PR,0.19148936170212766,0.8709677419354839
narrow_resnet_gn,44,PR,0.18439716312056736,0.8666666666666667
narrow_resnet_gn,44,PR,0.1773049645390071,0.8620689655172413
narrow_resnet_gn,44,PR,0.1773049645390071,0.8928571428571429
narrow_resnet_gn,44,PR,0.1702127659574468,0.8888888888888888
narrow_resnet_gn,44,PR,0.16312056737588654,0.8846153846153846
narrow_resnet_gn,44,PR,0.16312056737588654,0.92
narrow_resnet_gn,44,PR,0.15602836879432624,0.9166666666666666
narrow_resnet_gn,44,PR,0.14893617021276595,0.9130434782608695
narrow_resnet_gn,44,PR,0.14184397163120568,0.9090909090909091
narrow_resnet_gn,44,PR,0.14184397163120568,0.9523809523809523
narrow_resnet_gn,44,PR,0.1347517730496454,0.95
narrow_resnet_gn,44,PR,0.1276595744680851,0.9473684210526315
narrow_resnet_gn,44,PR,0.12056737588652482,0.9444444444444444
narrow_resnet_gn,44,PR,0.11347517730496454,0.9411764705882353
narrow_resnet_gn,44,PR,0.10638297872340426,0.9375
narrow_resnet_gn,44,PR,0.09929078014184398,0.9333333333333333
narrow_resnet_gn,44,PR,0.09219858156028368,0.9285714285714286
narrow_resnet_gn,44,PR,0.0851063829787234,0.9230769230769231
narrow_resnet_gn,44,PR,0.07801418439716312,0.9166666666666666
narrow_resnet_gn,44,PR,0.07801418439716312,1.0
narrow_resnet_gn,44,PR,0.07092198581560284,1.0
narrow_resnet_gn,44,PR,0.06382978723404255,1.0
narrow_resnet_gn,44,PR,0.05673758865248227,1.0
narrow_resnet_gn,44,PR,0.04964539007092199,1.0
narrow_resnet_gn,44,PR,0.0425531914893617,1.0
narrow_resnet_gn,44,PR,0.03546099290780142,1.0
narrow_resnet_gn,44,PR,0.028368794326241134,1.0
narrow_resnet_gn,44,PR,0.02127659574468085,1.0
narrow_resnet_gn,44,PR,0.014184397163120567,1.0
narrow_resnet_gn,44,PR,0.0070921985815602835,1.0
narrow_resnet_gn,44,PR,0.0,1.0
