case_id,source_sha256,slab_sha256,source_bytes,slab_bytes,voxel_equality_verified,image_depth
BRATS_001,50ac468ab6bda888017d1348cb231e928384f531039fb6f5604a09d90c505ae2,9965022116361caab2f4a9faf0829dc9264146135b523eb4a3ab95b7151c5ded,9265750,8902997,True,148
BRATS_002,72e1de79069e839d39af6909cdfe41fa65cdf0538017ed696cdc3dc6b4652c19,4aa2b6811dcededed967659638af6275aac939f06610f7ad15bd35d5019b0a56,10116102,9804408,True,154
BRATS_003,d5491618110006427380ed8211f805524a9f99ef14519e5f4c16cd0d7323e721,161085ed03c14722cb1c38b29b3f5da82ac47be2810b45e8557c723b8e84b2fc,10893466,10415051,True,155
BRATS_004,f7ab63c92ba84237a5c8b41eee378229693e462545e6507b44b068ce214a1a3a,087bc28e29d4ffd924d601b9ebadf3479df0f90f01ee862362d1f0d48f375758,7857041,7598545,True,146
BRATS_005,0d6e236b0e3a87f7c0dc48fe19e331fed3e0c009414fa0b13ee01b01a2f82cc0,79baa4a30e99431c1e6ac8a49bf2f4491f4fed8c6c08abace49007f680e5c189,9636409,9307695,True,152
BRATS_006,e606eb3232f98614e039b0a191957bbfbc658a1f689b14e890e8db5d257cf898,2e3a51562279cdfc390d6a7671408c4b4f9722c11af0a9fc217e9850708b99ef,8918348,8502222,True,154
BRATS_007,cdee18b54eb8baa97e18faccdb329964edd5c990ae795e9cf3a69c419f12b9ab,0ac821fd01a2c312280def2c483c1c9581cf40e6c6ffe657a133b20c2068e062,10029430,9589425,True,145
BRATS_008,3fbc449b695c3fc9d466e3524ba34b5a313d846c7f9ddfbb809b5eb25f57d8ed,6e6e5ee1a0b376b1c7fe507c61bbc7bbc7cacb759704f73591ab71080fd2307d,10295379,9876396,True,151
BRATS_009,8c5975ee12c0b29069f53ce75680d9f666012ab1f258c9516ecbfb7785ad291d,a53a432fd074aaa07a627d719794102f8a28a330bf2af910bd40e292cf079ada,7581944,7191650,True,146
BRATS_010,cfd1ea1dd48c85ea6f8fc58b3765f46d4d88e464595c7fa7acef9a95c2660be4,18284e6e8b4af7aa8f34f5740c154924b895b7866ec6d2e59fa97b98288d1352,9930895,9614657,True,150
BRATS_011,af9464d56eb086bfac0c7c53d8109973d02a6665fde1bae4a36a4439347a7aec,6ba3b02ac518b9f85a3a7f2ced89980ccff198c0cb398f22c0477d83f2dc4223,8431059,8020882,True,148
BRATS_012,63f8893cee1082058fde978bc671a73dfbcb3b66dc86fa2a7bb3810505c8af69,81fb3915246d0d4e53077eda13ae46718e36b06580292622d53760f3fec6d7e1,9752640,9355516,True,152
BRATS_013,204521e9f1a9c59c04534a2576389e5473b097df87fa65eb2b33f269dbef7743,c5ff2fabb7194fdd6817ba1ed2e7037b1652b0214a3a77e9efbb8c246bf94a39,9773588,9407463,True,144
BRATS_014,4467a0849a05d1320790b997e3ba11df5f7c5a5fb1ba4ec02ba7a392e7f0e46b,bedd918fe3ea323437dc860c8ea0b17532e9780384ad83caad21982a15a6484f,10364090,9908309,True,152
BRATS_015,fc5b75e00a36e00d283a6eb218ef615f88a6b8a8d4119c6c07b443d4b5931b8b,13913eaf358dda4058289198b17e26ddab73bf09b2eff709a75fd132eb287941,11056776,10709320,True,152
BRATS_016,e45875e2607d352750455581c766f41b8e4dcf89108c86acbc246775573bc189,ba39e66ef25680c661296bba080c515ca5107f2e42afb26a94f0fc76fd4ab527,8398622,8099923,True,151
BRATS_017,4ee9a8a19cbfdef4b9f71f34c8f3104b755b6d7bd330c364244228a741fbf6ea,3fb6dfa26cd0139eff2b2cdaa66499e45122eef26e468611484f139f4c169ff0,6937769,6637457,True,150
BRATS_018,f809d9162204ccbe5f46f3d3cf26b5814ca5c5ae5002459c5567a15382682e52,10440ea0884b79df22da0d3b08f20d4cc49e39cf8f4e2ade6d9e066dbc40a904,8118497,7821240,True,152
BRATS_019,680b6f829dd560e364f380097211ae1103a6fe0b401120acbadcabaf9c32e3ba,bddd7c79124ae3d972f3aa76c9c94180877c5dd0bed4ceda4d59510afb4eb232,8003192,7644180,True,151
BRATS_020,fbbce8e0a893ca7dda12b7df7411ab854324d6ffd478d7f6a771c7ff6da6948e,50bb5f260bb7ed2d256abed1070e2323cba780c07b3519e8df356232a3e89423,7822188,7441712,True,152
BRATS_021,1c0610e1306e6173fa8dca4b7bfcef5fee42fd6a14eb4b801551d6c8ec654aa1,461e2e092d91280d27cb78bd6cf5336a89409a04db2cfe2ca76fa064ca99793b,7330035,6941805,True,148
BRATS_022,5d37bb0ba64dec7879ded5e458cb6f29a94171b774d63c1e5a4ba721bf218253,3ccc4cea7e100a7fdf7592f3672b31f103329daaa1fd276cb68b4721b8170df5,8184951,7765028,True,148
BRATS_023,63c0afa5fa583fab998c3a652994ca20581e4a5183e4ea9725e6619d3423cdf4,5280154410346d37462a0740dea383e3ca6f4ca3154d2f1e3c797c8bf633bea7,9249020,8822500,True,150
BRATS_024,02471f319a2f652b92eb7ff2e0c0eca3c98647ca84df167667ad221acad25f63,8578009d9e1933b8ee5df7aeac4ce919f26b7bdb35649dd04b2c8d17281782b0,9185294,8843643,True,147
BRATS_025,d6f8d59bd878de8af07675b18708d74814d87b5c681fd559583b3f8a8d705fec,8eb95c89f65b9fb9f4b94e8befa3dfde1f9f3f760b7c0d06c0a8dd02e941e2d2,8215654,7853232,True,151
BRATS_026,517053bd1bb13e540855f62c125ee82c0f178fb1e548a18df641f247124ec39a,6b37194fcedd1eea20a77b7c46a2118a972d3d33242c9b53fe375af5edc4f2aa,6409253,6151486,True,146
BRATS_027,1ce76da0e883b89a6a8c65d6323193845912bc835a312d9e3002af231d1d8897,73501057a90025ca67b8bd25be9f60e5bfb0303f29dc28c99fd66b83a316cab1,7032619,6772637,True,150
BRATS_028,0a14320cf89540ff24c3a408f59395bab5b9e63e2f6df2db58ab973109c5de8d,4021e8115da778f430f07085603214a70f45581567650ed8b1b01b48a4bc25c4,7169822,6881662,True,149
BRATS_029,d508d6622773161f4092848e8333f5a92cb3b38ddff76b834beabefec40c59e4,91a9ca3ef2a65199ff34057fb40b848d44cd1bee8ceb83879d74582b7a145d4e,7588307,7296542,True,147
BRATS_030,c7f99852e3b376a72be0ccfef9c733720fdab4731397b7da9d3d34e642220e52,68847c5bcaf952363839b5538a00047d8e5b857c4fafb0b8f67316800e38f4eb,7041720,6794512,True,153
BRATS_031,8562b0e6faa4d3946195253fd42fdfde423520b901e5e86d8c5abc490eb6e7bb,c62ea523111a654505eb04264b06d08ebf337e98ccb174b16f1828c2b97e59e8,8330206,8148177,True,149
BRATS_032,ac39093bcd2ffa68accccf678bc78da0ab40db84978643b01866cc2b5676c51b,8f01e771693349199a2bdfbc3de2a7d2288b3be834721f22877c17a8b90b5f0e,7786359,7299854,True,145
BRATS_033,7436cf8103c979f3c64c4d04e48b99abaa4a2813e0b071410470682f81f59469,297cff57c17a6058ac4bcebf6a47290848f39a4cfad9f4c6cb105d0d7a67fdd3,8068274,7763650,True,145
BRATS_034,d57a93463390ad3a9733d3190c14a3d8c7f70e9f63344fe2708983aa88e01a5b,45ea13ea8d3acd07a2c0cc417c1d65a15a7f4f71d7cfc5ac03dedb2edaef2bbd,7978493,7638194,True,144
BRATS_035,7215f329dce7df991e37220412287f6b050755f2ae43eed6b24c79fb36e81946,c6019017f67e26d94e5f33fdb94de9010d7c14bd485201ee01221383acb1d5cc,7185443,6930506,True,142
BRATS_036,cd294f82b64272c2b0d6bba46241caed5e84362bb4d3b9d5b53df7a012ed1888,d337243162443b74bfa6e59d2e7995e63393420f361bbd8098325ae6adb0207c,7274476,6999318,True,145
BRATS_037,a0baabb8488b41d5de46da30c922de547dea7332899bb0e5c9e08c67abe661c4,53b872f114f8932b329ea5307b4693300d2d7b75ad0a75cb803c2229b63dbbcf,9572675,9334208,True,147
BRATS_038,5017df8f96d3be78041ff616362a2d6ca9cb39dc6b1e69a61493017e37777eea,4e6486f9850b33527be4675b7b7734462172b962348e765052795aebb47d0357,7904729,7594939,True,148
BRATS_039,9cdbd089660d09df8b73a57232d361b9f28d124bd06aeeabc6e9cf2a3aa39b48,2d8de939da90f4d7d1be0ecc47f06c7680da192143901d590acceac5263f085b,7413065,7112912,True,147
BRATS_040,58e9ab9eb0b22872e9c1a7e930d5d814f1f89eb76f2db57fbd440f20a351fc75,8051c3c4885a16ece191dd43467e16b6d04bff6ebbe71f90361758f2964d809c,6445443,6182253,True,149
BRATS_041,5d203798f44db3f25cebb69338ea37eb263a4d9915d3c3938a4f16c3a0d6b6ba,985fe1e04b3908b7c59e1288a5097159bf651bbb14ec814a012642be0d97be8e,7810253,7575504,True,146
BRATS_042,1ce6e87141bc0de6adc4ad80b626935683f26329fa1d4f191b735ea3749674ab,0e4a15d44f14809094770a3d6db23570bc4ab34f47e805e80caa195396f60da0,8251653,7934075,True,147
BRATS_043,8b2fdbc8b5bbe6f67fe77dd0402c532c8fb7f4a801787fa2861dffd95f8f2fde,e215f903a327e378df09bbdfab8b93d136fe7a7826c46e0d6c0ea24523208c9a,9503653,9209455,True,139
BRATS_044,7687b202bee0c7ec82167390c37ddb059afab9d93cbbf855ee45875874aa6c32,135e787e865e08a28dcf7743e9cc67c216035f6ba5072ccd82b0e778b5ea3ed5,7175396,6960104,True,147
BRATS_045,ab37d0e15ed904157967b64968cf1963d1a48a80ffeb401d2c4622b7346eb8aa,f48b8e5df09406415df5f01d2a55415084ed80d3f6b72ba9c438915bbba1cd7b,8147606,7874539,True,145
BRATS_046,63cd623ea5ca3932fee0347bc742062b040b632aa95d85d18e5bff9b88144ed4,559b486d70f4641bc11996d978f78c33235c4c220a327f692b70c157a08265e1,7613857,7349321,True,148
BRATS_047,63c2363b993fa214ff4b1d9bc67d70d8ba1a9e780ea2cb6df020dc510a6f4b09,af521ea3fcfec466ca0fd096e21963dba29416cf7f250f823eac02f0c2202255,8466633,8216005,True,147
BRATS_048,8edcddd31850c6a4a99983bae90b56f1d40fc469110ab07960011eb6417907ac,e4e0680d00aabf9976693db0d20b3e092fcda6dedc625a2622f79f30b7caa637,7345374,7155357,True,147
BRATS_049,ad2f3e1ffbd7ddcc6726e68eff01a386b0f2d25fe3bfff565923b0873e2577cd,5c1ee28f92fd9558a0eb694456c042623dd2e751bde61843b05adf22f9455f79,8784708,8397942,True,151
BRATS_050,be92040da813806fa43f0ba04688bc9432192b8fd09c6f65e235aeec78389415,56595d5406122d52d9aacabdda6a5886ee3ad84a2906e2c54f316a6275100147,6737391,6543225,True,148
BRATS_051,77c0004fce84bce47c912316bdb983d0cd16d6b09641df7a4b0eaf3723172b1c,988ea0655c4f921bfe74b2f3976ad406a8b9abf9e6787e058d281f785e7ba977,6974410,6769916,True,148
BRATS_052,5ee8fe907f48979524ebf9bb8224e1b75a4a4491061610ffe4799f6f4c153266,9ae221633f280fbf4deb5faaf196df2fb98c598fa895d55d040a01bab568c129,7203529,6945928,True,150
BRATS_053,36666fc3c94103288da3e0c19d1ae73ed94530b7b0fd49d6c33e44798f05854c,fbbf4b90d930dd9275c5ee7b8b2286d622adb4b3cbc245598a164d132624039a,6399794,6217478,True,152
BRATS_054,79fdcc5ba67d6e3cf8810b8b9980d0a63b88c7ed9de98f01147b0cd9b49f3b4a,6fd0d1160c7106dec07d909a43fadb2f5bbedb9f4baf81cc1ae9e6575421d9aa,6594396,6385850,True,152
BRATS_055,fbfc862f0f74527bad105f558605f846fdbb99a8e8e6fbe1d9961935d19ed138,8c77dc6cb09363cdea04274b4aa8d6d0ad2fc9cb3da3e17f1bba1a43b6cf5cb0,6287498,6047401,True,152
BRATS_056,0d616a83aaad8481c7ee8694066e90a109cb2119831060d824165411dc4d5e00,8c56b3575d8b8316a85e6153a5a9c2eef1140f9ab9caf8f5b4437ef58e2f6126,6793364,6589841,True,152
BRATS_057,3a8cffd377e6cb3afdd9ba58893e50bf508be3b2ebd070f04a97a14b0caf82b8,bc11011c2b36bdc58de6a7fc142aa972cafcdc0926a39432b82b7db13115a2b9,6289120,6078346,True,152
BRATS_058,d9a7767a107a674ca8d9f7f968df9e19b80f1b182ba648c52512b67ca5e2d605,308f4d5612433e6a9413eff8cce029cda94457a7dde44a219ab32f2212297867,8236672,7952204,True,152
BRATS_059,0ccd6c027c28cbad2df9ac52af4dc818b5f0d25a04458fd45b0e6aeed5c6f3a8,7e8a6c2550e331f137f3e472e2c202f59117c379d0fa7135d9c7b9090fe927d4,8445628,8234915,True,147
BRATS_060,5cca1ae2164a1ae3e7b0299aa473067f3818e2858ce0ab463cbeed5bf52e080e,54a9879404e7245f5aee9dff9de31654165694c27f4ff3aae5221a70b8caebdb,8859978,8583435,True,146
BRATS_061,c044621c2eca317dc37dd846b6a5cd269b9c741e80631e5c594c037081f3f088,4e4f2d2cf5ec8b61996faef007cf9d896606e498caff853ea54f303f939c4b0f,8553342,7935808,True,147
BRATS_062,0765be6dd93cda083cd43b14d59acbe14e6e7801d80e770d7c0d96f83b694006,bd46774d37282e2cc4442d8306860a4cb7049af32ea9a399cd4307c107c1ccd9,9237175,8884509,True,145
BRATS_063,188cb5377113d5915a927f4d4cdd02bdb3865bd8b55907c7329d1c1e01036c7a,ca541d7473e4a546c0285723f6f21fbbe84dd89f175e3a4751b92b29747f0f38,8381210,8124645,True,152
BRATS_064,60b665caa0cb6d019d3626e5fbc5807add5cd0430cceb646f9e1002d5526a0a3,177b1989c7420e99c6f7e7370e331e70b1e017c1e9e22c36bd05fa0442beb258,8575553,8291020,True,143
BRATS_065,257c1ea28598227cdd49d162cfcbe08a2905d236a8ded7975fc5bad5c81e5f07,ee6140489008a561099ad78fa6d62ec65a1c2d13c8e466ecb8048888cb4f4813,10508182,10111911,True,154
BRATS_066,6d696a812a0a2e227401a12c36c3b7fbc630ddf7c318c4e3737a4debb9989187,fb565639a25d93cd2d3ef7e7bb63fe3b22c4e30185864d1462e5552e85ef4238,11217210,10932338,True,150
BRATS_067,ceaa6dd4d3fa87687c43361b802f9d81906ae7dee332781723636e3820eff6a1,e9ed5801306a1fa20d4b0e28c85a163cc70d6a3be310d020f41c504d42948e2e,7338350,7131077,True,144
BRATS_068,6cc221657e02dc4b6133c47eb2acb73e59b656fe4dc15ba5dd3947bd14f338e7,541ca96fd911e9cc819a2f8de5b5a0c9388be35c9f93bb99115a6261958fb477,6964819,6803526,True,144
BRATS_069,c3fbc1e4a7a584ff8f4561464049d6e8e529d04a565a3e62327dfae9591e0ee2,3c2ae749e24d606b780bea330ca49569973aceb3f625b34940fdd645f1b31b83,7187484,6968922,True,144
BRATS_070,5954964871233af568de21d232dd5abb2a5cca3e5fcfb098258486ed21887e3d,5ea095766254b0733e33f3b27cc7063a7bcb69faf2bf26a5b1b8ed54ed3cb798,6887794,6700721,True,144
BRATS_071,8d33ee58083b25916e9c5b23be15b25d41f9e764e0f1ac747d5471e0d3b4c781,8cd351366a6c474774735003c2209119df5d62f256dc66c6e80a4ba3ff40f4a9,7373167,7161305,True,144
BRATS_072,8e330080b7698d8e0ed64c6709fa4632040e8d239407a050dabf0ea12f416830,131d9be3a6f539b021335e6cfd04b1eb8163d6aa695e457d950a2eead9c3c0ea,7440720,7234313,True,144
BRATS_073,4ae9997a0a32bc50918db66eef8c70651b8a30e354acb05d2efbab4ba29f360f,4b4f23c86c67f6fe312ede403a8c9b4f207a5ea0cc04e0934835aee25b62b4ff,7479179,7253004,True,144
BRATS_074,181421683736bd9f479b15476d1b5c13fef314f917ff57b019a718f780d89368,dbdc5936be7d81c64083367b4c8482560861951b8fac99776c5414f2852f076b,7515886,7203239,True,144
BRATS_075,53f0c5b59a1c37f9c6f3f1cb142aa84943744d7b2917b112475a0ea6bcd68aab,524b9b813fcbc345631426abaa6c11e030702044f657468e5f9fb8780f75f1ba,9952508,9649456,True,141
BRATS_076,518faf463f08ab53c83d474a571284b30b09144f2f1d8a3191a5736d349ad112,bf2ec8b373933504a69d96f61244efa311b320e6facf36f9c33e3b384828053b,7399788,7146257,True,148
BRATS_077,94b1e33e120c10a5fdfccdb4898407a473e2ac9e2723135527d09b1f9eab8c8f,f380c5c7691a512aa64ac9657d5f63a1781d2ca8110e8ed2d2646993c97eb81d,7891276,7575840,True,145
BRATS_078,0fdb93d93b280410dbb38357cc68be23bf1d42b9d2bc344e8c906776656f2798,a0936c37013bcea72790d2add204e11ecf9c89db46acbff69bc8381d057a06b7,6140598,6009722,True,148
BRATS_079,833d76aace99949ca39be80a443a9d51c9c813ce3f7f80f0d2ae8b197e6234c5,b39752b4448994399ca8967cd24c4e39e2b50bb2f39ef5712b5497c31706b698,9013197,8727636,True,147
BRATS_080,5d854313f50254ee183416639c1ddc40ff637b0770d95d83f5d1ee98356982b8,fa95f38b6b184bb384c8df9c716fed4341a8124769cca9678c4e5b4a2c02f3af,8611868,8262437,True,147
BRATS_081,a0d8bc91dffe379925e50eeade9df53c21f87fba371e4e32b73c3e605221c6a5,92800d5135084e441afa34463852d4aff75340134ffbf634748f744ea33da81f,7487191,7300436,True,142
BRATS_082,8904e689f0bfbac4e91f9296517613e498fb763a9d2a11f0a22beb0b1ac5818c,5dd1de77c1d758257d2e60b2c613273092e6b1da4ce0137bf06c8ee9f7177f92,8006745,7503593,True,152
BRATS_083,e7134dd8c31b5e6c348ba62481703d001feb578f144d0682038ff92006a6c550,598f3a4ab57a05a91fa5fab911ed1370f1e27bbc105aa620f1c0de2567895943,9127261,8701963,True,150
BRATS_084,5c743482ae3ac46b0d4875e058eb1a0efabd575365074dce3d022c0ddb5ed32e,d4284db5f6145444560b93d11711d7499aaa8d5900c0f2be268d78725b620b74,7082719,6908125,True,150
BRATS_085,2da7de893a652822aa25757c24811571dc8e2004ae722bc93234c177afe73600,fdb1362f855643b493d5e2abb52ab460d416f1b05132bc8009de31a47a01e0e1,7004581,6696439,True,143
BRATS_086,048a20cd343812a129527d38acaf8a2c0ca0993ffdab7ceb57106570ddf2e5af,78751fe5fcb73a2111d48565b46b6bca78fc2f62a19ef63129f854c802afab8c,10201620,9868886,True,141
BRATS_087,ea871c35ed969026d6dcc029c95fd1ba7a147ef04ac4b9239ba368b8db34d943,a4e55a753ba8e7e357f97a56ebb617ab62c5da4c5f286e2c0d0a2058d3623bbf,9453861,9151727,True,144
BRATS_088,194feddea7b5172a27b5d43f179b30eed59944deb62c89ba548ea0c60e18b9d6,5b447f958190f7858b03cf69e9c9f3c43d7ca282d7756d3a8f16619df539c50d,10361675,10076777,True,144
BRATS_089,45d8813c9f4f784a4f8bb47d3c452812af76224c9b9d240e07a83f3787a61b27,bf2a742c5eb29de2f993bb36b0d4d4d35b76b3991b0216adf6d6ba6a891378b8,7607051,7382907,True,150
BRATS_090,d8035036dadf561c7f1e3666162d5b30227666a05e8cbe64234aaa30720dfce4,7f7b0d11caab8587427e320b67e6ce0293e86ab7cc9048a5e8c15c6c69a6fdb4,9856273,9627674,True,149
BRATS_091,8939798d79b36f38102261c791b7a3fdea329620df27dc444bc4cf60a5a5a43b,d592bfb645cb9aedca9fe8ed2f43b2d0a296b58377ee491796fbd9329d0c6a14,8635307,8237948,True,141
BRATS_092,32730e1eb6bfb200bd466e9f6bde17235a98bc617adf87da1c2bbeaff6e9f773,89b66c11a6012aa16d4233b1125156d9b18b0acd192e3f8d01192b48a3ae318e,8819269,8589916,True,146
BRATS_093,e42c560b7988e33f251f1fbdf373858a0267144905b51e00baadad444985ea12,3e198708dc9c29570db4c7d1ef185e8b1a423f87b36c82c4b0924308f97cd295,7110780,6889273,True,145
BRATS_094,00af145f631862bee185c306eabff00acf87736ed5eb11ac8502737628de2cd7,48257625623117c6574437a0f1e3cfdfe0b58b466ec7481d500710b3a77d8d63,9384378,8876332,True,154
BRATS_095,2801941fe58ca322f51f7c7a852583a585116d6f7a2e4ea7afaf0236ecc8d675,57f02121ab2460b0cfd06e19023884c739faf8930b32c5895ca46fdaae1c2671,10580397,10283909,True,149
BRATS_096,5ccb683b440e5b9ad76011694cba30407cae8f85fb06b480479bc1dec1fa2e3e,5761ebf2150afc875b7a3630f081aea4f4d73b382d66f1835c8c151f6e563825,7877658,7643384,True,143
BRATS_097,8ae480a629802fb1d8ea86b47a5006e7680fed5749de38a4316762e9b05af5ae,75a717cac20152591f70c003dc2655d11b4ac35cc7823d9842ceeb89f3527867,8611133,8193215,True,149
BRATS_098,492725af3edb68b4cbdb781af638bda25ea60b9ea354d56492a93fc6bf4ce288,4261f92669fa9acc126ad09324456c0b1034f90c70de58b18a111134b073b60d,5632900,5634144,True,147
BRATS_099,d93512883425c15be7b61a9f2928ea2567a7ca3844fd9665767ce276a6d96f56,33a86b0e040b1664dc3b070f65baa256714518fc647dfa7f680fa2fd83e6fa2d,9014142,8680568,True,151
BRATS_100,9ead0efa017eab2712db506d8c05d918f76abd1b5bf160f94c3977f191bf411a,6e7490e3646461f2ef51d15ccdc8f0f0d71e7fd97b374d87448695485a2109e4,8744649,8456018,True,142
BRATS_101,854908e2f0a17acb2a4907f0af84139325409d740f0e51e4135eaadf65a84042,1397f6619b462e4f277f1dae349036ffab7152c7206322886785c9f030e1aed4,9003292,8614210,True,142
BRATS_102,1e251ca377dc4a75823d4b8240aa6c1a28d0df530dd2b5eef332746a5418935a,0049de1e3c98f6267e9b16fc199c7e7427fbc059a19a27187a614b6c12ccf3b5,8391663,8125725,True,155
BRATS_103,744b3783c2a643fe27e3e4dfcf190735811b62b6cea8985e1418f5e3de66fc18,e5e1a53828a5233ab223f3ef6584905f5ebad97f0fdfeb3083222b9f6afe0b78,8140766,7893210,True,155
BRATS_104,0a1842f999e238f000cfa088d16dc61ff132c7cf9fe45d3734008b085010fde4,ae6d952600e539c23424d12f5de88e984c6b5fe4a67e12d4fdebe56dab3b0371,7326233,7201779,True,147
BRATS_105,af777e53271905f803da1ac90fe2bf2504679073491573c9ca989118dd966c62,872e3f2c7cd555dbeecb6d97ed75866d55848f45622386fc6217d68bc2adf7f5,7695691,7519448,True,147
BRATS_106,18bc7d6a1b9f22896e3577858579591228cbc5a6a2d7552984b1dcfd3c961307,cbe2b09ec2556a26c04c9b8be23226f9debc0558f1de906f3c3ac4c1fc3c34c8,9138837,8786168,True,147
BRATS_107,99b76679449eb5a74028791d71a7b2e74e390593c6d7b9d271b6756647ddb84a,98ade62af252562786f4c2a1c99cc585e99694fcd2a8e23060f2534c86226d75,7532207,7386461,True,147
BRATS_108,a2a8d91c013e9eac8db112323a3dc0cd45014fe51cfdabf3d760c1deb09639f8,6ca73eb5d1aa85800a550be8d0ed1d61a1ecb1e4227c42bf37722defc24d7da5,7841580,7562954,True,147
BRATS_109,279b806e930510d54056f4452f3e3491ea6a04ca8147c6ead61dbeab516a4eb4,dcd68b1e4553e9e35d136083851168abed533fb7d0ca25ed1625c03cfa89ccb8,6605492,6430972,True,147
BRATS_110,df8d6c670dc563b66b7141ee6493df0877c6a5ec4499d60b55e06dc028219db5,2ae5db1dee0ae400f6e0ac3a462fff4ce164c444e1c9daedb71db664d9f10837,9825589,9350368,True,143
BRATS_111,925e8cbbd89943dd204289a85f5991b43fa37d39576ec7aab266a060de906add,8293f2c9269d2c1321ad81cbbbec08a21e13b098f946581722cf4c83db95ec2c,8059693,7713501,True,143
BRATS_112,ff858171db46291fe48b0df85a92df09ab8100ba9cec292e750d6e1478a5ccbf,bfe9412fe8da99ee3890c280424aa0e02ffaec4b580169ee9e1b74367068d5e7,7154659,6779022,True,146
BRATS_113,924508e0181d68474e80cb66ea8a58bc83607c1ac2d2c3f9f0c36fba45ba36ab,d51fc14ab6a9a61a4c0a8931001f0b49f53a6f18145844c7a27598e3986e69f9,9159775,8867813,True,140
BRATS_114,57a67fa5b70cbf364351cd677b621a64d3f21e78d3fba98169f057316b6c8fbd,380da3f8a06f37067838c73fbe75650ed36f3d8978c7a46a023950c89aacc210,8603869,8335463,True,140
BRATS_115,10d19ceed545d899297da2ea6b0f2c1d294cfa69bc60fc0d629e9e158dc5cded,1afa86e6c975df18f3b865c2fcd55de56440329886ea21ee5e2dfb5cc13933df,8525837,8121678,True,152
BRATS_116,2f3632b062266c83d70888828ce873672855bb504476b4190d58cf41f8026b7c,df6966d65afa19fabd70e29462f687e7ab95eb98de1b5d77c09ce56ba65b4a15,7358177,6925109,True,150
BRATS_117,7144ce42ec83a8024b60b9594b7047431b24a779272d53d06891e4be073f71d2,2f9a6c48c95105b67d7bb146882e8fb8f5592b5d6318a6f774ca5ff946f659d7,7486448,6970300,True,153
BRATS_118,f09875fb4fd69faae11aeec7cf37d8f21915c65ba95be22000158621426775bb,b7e1d5d18f924f814bff1c8fb8aa4f75d458bb8ec1bd4d89fc8ad7fd4a5c4c36,9727615,9314272,True,146
BRATS_119,424d9e5d958594450d68ad182ec6a0069ec9c231bc8470adc74a474399342058,5a7ca49efb33f07d57e8e6845975de0d69db498b2f1dc53ae9a94dfbe5ce604c,8556088,8282407,True,147
BRATS_120,3e1f7d38c467904b6fcde0f2c6b812051bffa202b0bc8e2dcfee633516673174,22e1a99361c6dab67f1fa5e00fe047c156dbdfb0d787156534c37f3709fdad1c,9303648,9110374,True,143
BRATS_121,e80bdcc6c9f8247f8ac73e57f35cd680e9055faa243e3d6d1a62074ad44abe2c,c56d919aac1dc4d3768d04a5c56e8643c05a155c1934c6ab5ad9d8c68f67d4b1,9364673,9149270,True,140
BRATS_122,a08de3949ab67e199a8a0b2e35eb8c7d16da1eb107727d549181f90cc976f5e9,c6e7bbd359c50307c5dd60cbaa1e78e3a97690ae1df32287704e0026824c884f,9481352,9265625,True,143
BRATS_123,c32c52853d5da3d0834ca5082f5c8631dd287634fa0687ac12713a680a0d0f0f,34b1b819d7de5546d15d12d32b64ea1bafdc27ea4f8d3a838484840253b90c5c,9505652,9260593,True,143
BRATS_124,c966c12d4e4f3f787b7f997436dd61e386ac05e7e0ff2f5cf775b52ce886710a,47a137d59ac53e5fad158703eb5e448ded9c7e34e80f0b189c09c793ae1f7c86,9533361,9283252,True,143
BRATS_125,7f8e4fa49e71a08a6ffe05cb0aec3ce59919df8b6f8219406c791862f928cb70,6f01268dbb443a791e56283cce0d4f365b99af2390e6c273fb22ba88b26938d3,9373471,9108765,True,143
BRATS_126,1076f713b8f97cd35b2e57ba38850f79380586e6fbbbf2c2c5c349994014acca,bc0e19712a7539c0357d16ae3826016101e27017e56c7261480e7f979c9ed0f1,8824511,8523042,True,144
BRATS_127,1c504c4589fb59d96ca16c9a3805d94147e50801ace640b6b729ad663dd9cc2d,13578b6399392e0ccfb60e75a54fc9f437bf9bb44dc817217fdc1fa552dd96c6,6207698,5957995,True,144
BRATS_128,4e68a7d63d1f98ca27961218769a85888ab6f3a587ddb01830081c2c6a920157,ae75610ab1e9acc370631546c3d9ac1bf4d706f4f26c23839b37da1e0aa39f99,9245609,8999036,True,145
BRATS_129,bc7369598eb464c281fbacf46889281fa92ba7db3fd17808cb6187c752b2a8d0,17237581317d845757a67fd15eb79bada08956e13ba1bf380561856f5fcaaaad,7814004,7455487,True,148
BRATS_130,d5edefdcd222ec24396923d49d185c73f0a7c1846c639037f790a9b00f38b880,6e92ca93b841577accc3663f8389dad9def5bf29ecc01e0e1c43d025537f0e0a,9402743,9130238,True,147
BRATS_131,aac7bf0f5d892831cd40931def13c880b0d6ca72404def249b90d864af58ffdd,16a686aabc348a059d38fedae69c9611cc9a4bbb801046496a3f1552742ceba0,7216353,7114622,True,145
BRATS_132,f09e4bc9664fee9bf20c6a4aebccfb7273b141a7a0afa277c08979766f25d34f,19799917cee04f8d8891f34d8e79b102b570a595a05844fe5ce4c71f2a733096,6920660,6551084,True,145
BRATS_133,5f5dc6e0635d41a553778b04f38c582a54256879d832e704c865546e7b9e28c1,b82cd41502a12b03bcf9c358c6355569d42624a535c547cb34583a5c24f7e2d0,7608436,7414414,True,144
BRATS_134,d4060b97db03f42f78ea989602901f697b5bde9fa251ee59d4449ab5e4ea53c7,2c09db522e794623b3a20d2cd7fa8a2ca0870fa2724907af3b45f3b38a60624b,7865613,7638991,True,144
BRATS_135,b30d42a1a45c7cfa8f546cd51891e88bb5e3d332d2089d21f8fa2f505fe2c463,a16529b0bc2129af377e7cedaa2b21a613dbef4de28f91c94b9d6d81a3d66227,9257621,8925071,True,145
BRATS_136,e2e2e33c07cf608d1e01c6bb342f121d139544a1e1fa6c6879c0cf1e332d762b,91022194a2cacea78a127337eea342ee09ce25389ae9af7222017b6b3fb3ee29,8362584,8091193,True,147
BRATS_137,63949a65a16b44a9774541a02273a8faa6e98baeaad19fe619f9f1d8f0df214e,2b23b22b82c453b9812b6ebe020f9b4295efc752830844b0c2411bae2c4ee8b8,9476714,9161650,True,144
BRATS_138,50b58293cc45bc318ed029f450765641865c59fd1eda5764481fa15152e2ded0,56e8d4bda0199518626f39405a39ef19b8df93531fe4dc5f1c8d2bf591072fe5,9417273,9184477,True,144
BRATS_139,cf982752d9575ac7dee55bec0f7e4b65cf7f99cccf268101261275a52857e530,e08d53756753abcaf940f5482bebfff203074b358af1c09ec1241760541968fd,9686279,9429403,True,144
BRATS_140,469f69885dca0302022ea3a7f4638fd87bf9608223a0664ac421cc72d57a9088,a2d793ed59612da27648f6af47131de2c06a735f1a98e79b7930aa21417917c9,9683200,9422001,True,144
BRATS_141,71f2a78a47518302038adfc1eb2b10f8b87c13f49b33a192299b3bbd63323157,f5a0669c4d39fcf33bc321d8ae036c59943f5bff98641bf4dbf01db2a8198980,9762706,9477376,True,144
BRATS_142,7b6530689b77cfbf3c954bc457ecae968a154c16fb707c4b1419fbeda69ecea8,45c7504a1f5950fd2ddcc556e2c764fab2b759e405bf97c86621fb53ecd19977,7478911,7228308,True,148
BRATS_143,d17051701404100f2088a54e83456616786608ddc2ce2f051931d76396edaeb1,b1bebb15c492c236293937c61300d11caf43e42c2c38da3de8b59479260d73a6,7538261,7165048,True,147
BRATS_144,e9cf72e7f1adf416d758f8cc69ed671dbd6690b7eab071ea0619b5d94d5d6095,c79ca6723e875038ffb17abf6888247a14d025dd11a9728a19913b2a5e78416d,7983716,7719057,True,149
BRATS_145,0340676c014400c51e24c44b49dac91dd69655c47843dea9612c700f5e2c3435,b058e2878a39b6230a9eb41cb95a0898e69c9cffd756f000a3fc5532bb3e4ed7,4525207,4455612,True,146
BRATS_146,bb41ad5c10a1701164e5b13e0e542fab268b50cc1dffc83614783f5adbcfb141,77e1e94deb21d7f33ae5f07384a6c1482dc8958f2d3f0e5011be63bdf104cdf4,9399738,9057405,True,151
BRATS_147,dceceb5c024575f22cfdd88506df3feaba73715af85f3bb3d5a69e6a8a944e10,09d9d299b2db6c660f35500c60f9d5d32164e4205c6663ab122f7ac0507962b0,7546848,7351708,True,146
BRATS_148,810ca6e375d5d0ca30dc2b9ea6bbe40079c4cb5baeaaf267a4f2aad01946cd3f,c7dd6406599befba522959511082ffdf46a97fc24f03e66e6d2087407bcbd46e,7561348,7338999,True,146
BRATS_149,25a2bf6c9d5347955a249d3a9806313462b618dc8bcb515212c66f1c9549ae11,f9c2086868ac1e000624c944a0446c7fc67adb99a70964c1cbd3dc339588c1ff,7904396,7684243,True,146
BRATS_150,22a5b080ae9c49b3adb99391553e07e383a16f890295e7eaab3c2452a9f0e041,70d2a8d9cac805d09074d56d573bdfa47d285f547998b43ab8ae8d76be39571a,8193245,7970001,True,146
BRATS_151,4483deac9bc368346fb763d5effe5e82441caa319e3578c51ef35516139389d7,9be3acfe4fe77c0bb5fc5bf3d0b5d5c7bcabe48bc3fbb5dd31431aad6bede724,8562619,8216681,True,146
BRATS_152,a1705dd8a64203916865ca9a58edf66cdf5f200a7a25c8467c57ab447e2e533a,999ca82a67793c42a13d5957b017da8c4f4eec23dff966857a741127475aa705,8187784,7874289,True,146
BRATS_153,158362e1e2ffcd019516e29a96f7bd9b9529723dc79540d54687c82cd6e3652c,371725c6d97923215ccd828a6d96661e83e6f5ff9b7ea9048d71678c3f685e18,9043513,8675863,True,145
BRATS_154,6f9605dfa896ed172bcde043ea72a22c5afdbc854db2e9b0f1396bd03ac1ac5f,60dac36e9df92e2bbcf2b69db84d45cb163c54ded9f8b4ad310e88713d6c6695,10652736,10299414,True,147
BRATS_155,948a6c5965355bf7dbba4a89a786298305dd1e08bcd5f72bc31a5023ba9ce208,a01ca5ad5959aabb74ff35db08d21c378733d7ffbc82b9e60fde3c8a5f85659b,7706325,7497213,True,147
BRATS_156,1c0bcebb8a15d0ae07fe95f7438627727aa8e9c1a2b9fbd82ae057ac8e644f19,624ff3fe452303ce94b664bdaf2d7eb58311e7b8da8e1130aaf064bb0a9c143d,10556733,10302485,True,147
BRATS_157,162b86b4fa79c435cd19676c96c245c84f7ce07e22e4a17d517d3ba28d505468,3b24b4a69c2d33c8fdbf90ccab5ea57f0da9f3a6ba1cadf9928d39724c91fe04,10371627,10127811,True,147
BRATS_158,97a8174435d39fab64cfcd57d38a77f381602ddaf5866e9d5a2a853cecb96a72,1a5ebbfbc99112c9199be9e02d393cd56f51d8df5c9c0626672f9d8f381d2e7d,8150207,7876563,True,147
BRATS_159,ffbe025ff236b773714cd42d5ffd9bae563588ae7a1b978f231b6b596b98d3f1,18c645389d77e8b3cd3c406fb604dada5ab59b50df82a1471ae28a58493a816c,8012613,7672707,True,144
BRATS_160,1adba002a0a22e074a50190ff8095c8dc44cd3d26228b7760acce03da8ee3e8c,0f36c651587b167351e7a53e871f3c5e03d4c8a6676a3cef44fd647087b695db,8048063,7769061,True,145
BRATS_161,aef4d2620a1d6f856039874b97ef682cdb5efa59787b22a5e0ba321d7eae7720,7b23618be8867b71a3052b47510ee626b7e4be5306c9def6a651c31ed6ab3634,9537621,9260325,True,146
BRATS_162,937ff56ffeef05aa133171bc6b05282706690cebdde654269525785a9cee8310,04bb4305402a34d07309ebeeb5c6cdda070ed77b1be1250bf1e79f6970a7e614,8070631,7763829,True,145
BRATS_163,5dcb1f2a98ab5f5bfb810bf204465ec4fbef435cce04e6d2775592e692f54413,c976d6807bcec0bc34458074fc2d09b6bc40962564a8c8576a02ad716a743e07,9207785,9017438,True,147
BRATS_164,c926256e0fe6277b7a01ec24f1f6068c04a7d90878f5f5b1239ca333f5ba3c86,e805b96cf1da2fb4d4e6f5577db1355225c149d7c7e3b95fc8c2ac83811d6b59,8662647,8388297,True,145
BRATS_165,fece4b444748df5d3a2b8cc1d111f40cd2e0a7d9af41fc1c7cc1268f45dfb20d,899913624ab6a7f5e05ef4cc5ce033a7158dca4bc3bf06a8e92982f4a37af3f4,8985118,8628045,True,146
BRATS_166,c04cce90ac77a7b755144a1ed0d612529c5abf3e2cdcc7322967c5ddc0f1b2a9,74e72d02604e3d4ef4261a1bb8cdbbbbdbacd42c467d2d0c8962154c94e866be,7701553,7573665,True,148
BRATS_167,f6e0a3d702a3f7f0494b7054b81c601be7d3f2faac5b286b0e15de9d1cfe9506,a55295cdc94dcfcc2a71b37012ebcf4382d55a46fdd62074ad15f6bc46d80509,7301695,7132712,True,145
BRATS_168,ce79f6c6101d96e49ea0cd96fd732d19a631c2a096bb67b8778ef889abc9384c,9158cbd1a6ab7cb577ae7bc912f6a15ee62f8227e02295867e157c0f4e3dab6f,6817639,6717055,True,146
BRATS_169,1bfd17f1a6faa11da529e6c0664f7da769c503d11550eefa6be7e4f089732e0d,e8f8fdc1f79aabd4cde78c02f23d99e29375fc7c2b84d831a70a7acb159b5c5a,10303783,9990888,True,149
BRATS_170,90a224340ee078842d15bee4698618b4414cc8a51e30df592c1e484d7e9423a2,7c287edf36cac9cadc1bdead9da8ab1f9a1037665d6d89cd606da1fd612c225f,9531699,9234403,True,147
BRATS_171,25348f8e1e820ee4cf791515b8a6c21b9d3c4d18137e983a7679231da4ec121e,915e061677423256d7277c752bd21e569f8624914c43cc13887779b6a5f23916,10169047,9834179,True,149
BRATS_172,ee38ed6ef19dc23f9662987390f2f4d65f47ec85161b8b64d0ce2ef44cd74753,334491ee102d99cba6813d5649c25aa6a3ea6b59ff308f7dbb619895ab6ba0ca,7151652,6919773,True,149
BRATS_173,fa5075f2cfab4edcb5a2a5d8be83787a2a3010913c3cd7a54fafca9f1bb4a8a8,1757990e9cf188ebdaa9ddddaa1c2b8b7ed1f9f269b0d091ba9ad39f871a80f8,8065265,7867055,True,145
BRATS_174,42ce5a54e871b841c8b8049ba19bfc23fe5d8915df912dce91d0333a42ff85cc,e0ef4438361a0185cf269adb2c98f4f862b9bd91d3608be9ef9ff46cf0ee7f63,6516033,6400926,True,145
BRATS_175,b9baaacc2c982819581bae3ad8dd88569f7b225aae4da0b6efe65f9507c11b43,76dca8d7c528aa0ca4fd6fd4e0d18bf3ed96b3882a747d47adf0706d5d9d05dc,8812777,8567357,True,145
BRATS_176,b920838b9db671c784d8cdd0c66ab4f2498c99cda38dc579b94ebfb1fa02d3a6,9c0f986334225475c7d4f60051f4ba248de5a4e23a41c606a06de5eda1a07c93,8418096,8203860,True,145
BRATS_177,13eb2abd5923c9b542eb909352dc24ac473f1c38c352b827c7a4cbf57f9e2205,bcc29ec7ff701b87b993fd84cb27c9bc6aa3828efabf97c2c4406fb5d04dba78,8584273,8326467,True,145
BRATS_178,49875e3686d2a2567af82c175714c01e5f66360712b65ac81b502d6773b3731a,bf2ccbbebad22b120aa1f59a40666f9463c7dc7be867bfc7c87b7dee57a46df2,8499762,8249151,True,145
BRATS_179,1b273be8350f15c6a1264069b1745584b9c1837d9a365ae74a457c44d90f0081,e74de8f66fb3c529a309085179c642015706501ce6f6f845d732fcd4eef0a8c5,8058044,7808462,True,145
BRATS_180,4ab95e3236a744b3d2b2388e5d68191a6071ad5d83283704c676fd6d228b0497,ed1b5e28286d3d02c00c6b34b544959c375f75180ebb5865d56a48cda9d5a0c4,9175951,8950194,True,145
BRATS_181,4c86f355f383d2adc33f97b63e67a1c6595a72c6dee26e2d78123256ee659019,0180e658dce7a30642fae7145c498628c2fc1875ffee23b33e6b45304d933cd5,8929699,8648324,True,148
BRATS_182,fc16ecf1319be6a3b997aaa74706c71d51c4ff96a96beae723ed7e926da2d4ab,46ce90537aa39581e9fdc8447182121d01c925a559d54a7962f50e2fb1c8a049,5795991,5597520,True,147
BRATS_183,b33a1a08929cbc64e4de75c98206a76feda51f379569422906c71b6b89d588be,1c6ca79cd56a74b27e77b2191466337c239d47e9e3614b6b32ca93e4b0c76e98,9307631,9065059,True,147
BRATS_184,032aaf66d626a0509039fcc2eca09dd0d8fb299dae1c967b05dfb04093dcd693,56e2da84982cb835e86ffa9f177b54c8bfa67072d2da09d4d70b2f21226e6c6e,9136989,8880767,True,147
BRATS_185,4f489b8963ac225fcb4878e0ec60c56d936dd9d666580b41955d8105f562a871,5f7d4d4ecbb35e9557460f93d404e01f68e2085af778ba2d06d050e74617b584,8946588,8680966,True,147
BRATS_186,b31d4bef0b005be054effe696b35d47dc97e5f4aeafc892924548daa71d8ba8f,15c0af93d06de93fa4510b6c1c6a2c48c517d0fa177564c7f9ddf04155938638,8965792,8715648,True,147
BRATS_187,4881ded2af1071d52e15a7a76834d6004c6ac871dec9691943da2c89dc7ab5dd,74a3f6eddf77e02e7f49f7762ec2d21c8eaec935495c1e89f0b76247fb028294,8965573,8700883,True,147
BRATS_188,8a99073c77f936e808e157188aee03d25515cd877b5ed2fa54e1bf5890e4a6aa,cb04da28cc4ebbd5ff4173379822843bec0538ba857f9101fd521640111513e3,8791088,8525307,True,147
BRATS_189,fd618daa2e0a67326bd21185031a5652421be17b9fc9782af2719f2d3cfa86f4,d11ab50f570cffbaab5ea1eeb9009e1c4ef7e8e6b11e022a69b009ba4babf77e,9218170,8960107,True,147
BRATS_190,dee8f51e99410de46089420106e0ebc7667d3b4a0cd0de25c9249a9b7dad7f5b,29977cb11165a09bff670362af203b4cff6203ff0b576b7a45f8b0e7cb11c13a,6489074,6242045,True,146
BRATS_191,eb3d5f4d99c0792711e5a42800c9d56ae43868a43c72cc8a5297d0b4c751fa0b,50f68942eef9594d078e3a8642449fca9c1a8991d2d859fd6f5f215c421f9931,6571784,6267424,True,147
BRATS_192,408b52383f568867dac4c33fb540d2a75aa630a1d6420c33c563bababed13673,fedbbbaa690e4ec335070a5106e4721235fb0098364753e4e6003ef65002b585,8771132,8526973,True,147
BRATS_193,a4aa4f77e40367b9428883bfa022d6fa4cfe02f69e5af83517bda0e64137c41e,2655f16c9d5717b3fb024491efcfb224aecdca0e5c1c4d298dfad989e53b57be,7838989,7440501,True,144
BRATS_194,a72804e755f4d72c4cec5f4e06c6e8889696258f01e722f3c45b23c4f71ea863,479ff1527c042da8e41fbf40eee7c45390d21cd5c3fbecc31e3f48dc29b0dc47,8982362,8668266,True,147
BRATS_195,81d9a50d7d46f55145c1d0dcbf56f392b7c2448d5aa9ad50a79e7c29ff2989e0,5907e82b3e2e9e4b8b1d3f3d06db08ea48add15c1267e240106c3ff908a7edac,8976379,8691129,True,152
BRATS_196,6d845e69678a9e320f60144b1d17393dd1139fc05fe79b1ef6863e5d19bf65f6,78a8d62433e629d6d941115a3dbe9d202e3413e70fe50f4dfd4ea74977edfac1,8544710,8275984,True,143
BRATS_197,ce69726ab56ea372fae749ec7cfadddc90cf3d36cd505af8de74f34a8801df39,a6a5e5f48eede970bfd9b8ee89a9a69da8bff339c50a1c835ee6228d8992c5b3,8240199,7792861,True,145
BRATS_198,a8866824f7824fc1e1bc3b575000c80bf9597886cc3545a4df87247d45bda0e4,56aaf7e04779f0f9a76793a1c23f926a46a9e705cccccacbdb3dd326c4a88012,9413773,9109202,True,151
BRATS_199,c2414cdf70a945dd85b7ed65527b1d8f877e3aa76f36d824eec35b302cd3aa4f,7a06f2719487f2210638f5eaa32e0de05c0f5d558953aea7fbe1a80e763b673f,10571689,10312660,True,146
BRATS_200,c0070ec5b50d0326c9c4493e51e6d5cca40ac281206b6f90f4e702f20f69d87d,cadd6bfc4aa21aa3d6496cc6d9df4781a0da4bb50aab2b25c4174c7d49545289,7672438,7295795,True,146
BRATS_201,f97c126d3283d671969736f6537bb172d687ae0fe99d1c7fbffa8262277d5afe,400ab4c21629ee52785146f145d04671dae1f223976f2db7baf82de4947e9c76,8881123,8615049,True,146
BRATS_202,acd0b74ba770d69c2b04e92e368a4bca612c98a4a820912b324079e9ec9ed604,648d3f056bbb7e8095c6f53f73e00acf5184a36f1415fe086141eb514c1dec71,6755718,6440786,True,146
BRATS_203,d66238319ac69aa754271f6dcc9ee6876518631b8ff27bc1b4a30e58d84b2017,1fa02c9eea525fe3425289c73f94a99e412ac52c8fc2ef2d54fbfb7973920c1f,6760178,6525019,True,146
BRATS_204,7e278ee144223728115c7a2c59f4bf299e39e1264d89f7eb0205576a5cf0b9f3,48f0d552cacc020a4f820c357a19c2eebc550d481e9a323e9a43816d04db3fea,7783367,7499917,True,146
BRATS_205,85d58d134703d90905d70088a04a482143dc3aa3b6f89685419f747f5f4cbce3,360639b3b669719146729b1827184e199397cc1a8a451d17c66a52425cdeb4a2,8157099,7902168,True,146
BRATS_206,cd84e2a4046e3c961127dde33b3904f736684ed5aeaf91bdba11e9ad7ee9316e,9c17aaedb9b5863325d10f193e9e6443022c1b8407c201dde8551fa7c799260e,6993588,6690016,True,146
BRATS_207,c8d20e55b1c479353c563996e731f8cc7378b42e021b2e4940510d08c5950738,e75f4894c3745da763f2a713bb8feb10c19060b6d56c6065b2f7868ccca85741,8593463,8075437,True,146
BRATS_208,56964db7a95ee95f98f34847a0917875bf448b1955ca1405e00327bb6839a479,c4434fe004fde48f2b3ce50a45671eced0395174f35f7c14c10090dfaab2d0bb,7375345,7201020,True,146
BRATS_209,0a9e3041ad242aaa6189e9eab080747c845753e3c9454bbdf7ab1f12143c1fd0,b69c632d1f4d6b79b98682edf71ff72348aaf8e3682cfa7f386ea8eacf5d4b96,8917073,8657263,True,146
BRATS_210,d833f9c675fc7f5c646a8e845575f5ce192bfad8d9601954d5d6bd77ce58a20f,276f72f541b64172b38676d880e52831c51fbe13b914a93acb9c4e2bcebb6c50,8758580,8511553,True,146
BRATS_211,fcb586d1882442d1ee6b4a9ce45c19408095b2fa03aa4f516d0d70782a3ba30e,0bd78e255ad12e2e15884e973d135ed5dc09e514fffc8fc656a100b82dd93952,9101337,8824896,True,146
BRATS_212,96316f45f9d0633daf6df7271639b2f98bb06b08d0de285bc74d884ce0042fb6,95316d5c2d09bab226b14dc9ff26175048172d724e66c42d0be114cb4484cb0d,8923484,8651232,True,146
BRATS_213,876f76bb4840c3dea727aae91f567d2db969fcd3ba6879a542f9fa9ad9020466,a03c03bcbe563a190e665d7cb40313ba7b0eac83f4b56606fce8e5005703f7b0,7034022,6829288,True,146
BRATS_214,729af93ade73ac138444fbba7702e10ef0e3d41b4f41a7690cb776ebbb4595c3,25483a70491c55970dbbf3f3ae4201f37812d82994eee7f0cad2ec1a9cce565c,8839903,8586443,True,146
BRATS_215,e2e34434c82b6f2d7084cd9d3de8e6ebb73a82e07095dfde3c0c8588aed16c46,067c994b3141737c1e56e96f7f715e1fcbf72005e267776633ad130b7218adf8,9037304,8775313,True,146
BRATS_216,bedf9975a666337e1e97d339eed66faf9ae7877af985de14941a149f616a2b05,9848f93ccae3f73ebe6d1321c25d505b0228fcbaa6ec190b17ce8349dff07016,9013283,8774953,True,146
BRATS_217,d136fef0cf7c587598bc9dda464348b3337d1d8ac19aa863dd7203eec3aff122,2c4aef708830aed3ed348f21e8e279f978ccc7f6503e4064e201d9a6b3dd8e97,7443733,7303965,True,148
BRATS_218,c6073d4a0cc00cb32e2edca068331daa736e05f20e7edfd04ba115e4aee16d64,063afc0d38bcc655c04a64f798123be528689e49e3b749208ffb94b7c59edcca,9472691,9080865,True,153
BRATS_219,1a6508aee7f3efa03b6c9b5e20618c222848cd4b37edb4c43bf7e41815eddaa4,ee9f92c524822fc9a8f99a5ffa25580cfb68e9962d2056dfbf7d236c109165e8,7589614,7269530,True,149
BRATS_220,0d4ac85fa3f61160c97306733d7b79117f1655f72b58998b402aa382a3c28329,5a1fbafa3c7c1b695f51388fbdf7f654340af4f620e821d432f7122d1315a718,8362114,8049212,True,149
BRATS_221,fa584bc7f59604f5e9552aa8de6941b5c768045ded413f34dba706d60fb47e37,869f6c29232c69bfb730355b5477db96505703e291570e358a442eea0878f1b1,10584069,10197367,True,149
BRATS_222,112506001b22caffa9f361f575f51a33ee6873f791fbb4c38fff117c3e9d97b5,539b26d81b61b8d29255c1ef8da1cbcbbe3d0707b8c3398d14f9b88bc61d7c29,8663771,8378222,True,148
BRATS_223,981050b93aeddbf9e93596ee545a1867cf4208ac0aa1d27431e2bb754338cfc7,f4c433349b0a5ff4753099b4f85a064fb141bbb71be891678f2f86d6400d7407,9387820,8988227,True,147
BRATS_224,85d13159eb84c49a2e7c3e9d9ef1e100f0b225a90876deea13d1968ce3378bb7,9568fcd36e58cb9f9c8e2c61377ad8c70662ee4944d19a2cc070e96182dc7264,6966980,6884995,True,148
BRATS_225,14b917e00fdb0b9f53475c89be4c94114a5bc9665c2a1c037db639cd5b3d0e98,66daae65743e1e3000f3a45ef85216c77f2b32d8de97f97afd99fdfe340d06ab,9570806,9208394,True,154
BRATS_226,d4b0aa4db4d1d6cbfdbea52e98444b932b14cfd10474f2a0c43a9abede0d3fcc,478b260d9a4f14dcf6d8249f2300ae177e6a5925c5da62878dd924cd9b1216c8,9805655,9421357,True,149
BRATS_227,7bd4b9b838ea0a5119ae4e6e68fff72aa5710f8211963152e62b9f571bc3bb02,85a89c9bdc484510c6da1363ffd6f29037ff8bdb6bfbc5b52dcb5440b7064dca,7542693,7262162,True,146
BRATS_228,51f058c626b9a992b5e057949c3380470a550c9ca682bf75d58560a7673beb6e,da42c24b1a8500691d50871b4f7e5325bbaca52b2996e835e878c8f83625e694,7890544,7585740,True,146
BRATS_229,061d610093015664120452c1d02990641ddec82d8ed3910592adf971d22448c6,69c3436592e625837f6d04a01d902317e24e5c05b477e5c950c3dee63f5a8d64,7366521,7147525,True,149
BRATS_230,eb243e7428a2aa5aa0d91261e9209eeac40bb94a8d92a824be3450401c10209a,ba814ab08cc90047501fb8023eb33fcfc09fa9e97da7eb887e9d09a103d4f5b0,8840396,8573122,True,147
BRATS_231,061c74f1e840e94593db53fb571e71fb57b0804d3ff4000d2d8d40bbed3356a8,c314120ccbbfca233e24117575f3142be3762180562c13d0ae1957551616e53a,6343925,6189481,True,148
BRATS_232,f40529cb7c0927a95a9e02bafdd3574d793c9bf1664dfeffa9125f8921fb5e62,1dbd8a58272b3abc597f2270f2916a54c84d490aa4ff3ca79d8fe97a171babfa,6843746,6706300,True,144
BRATS_233,869564611245d0faaf5dda04f86649d1a6ed1cb4a070094d6c06ebdc4a92738f,7b81f20eea4bad711ec1d417b52d19b3e508a699e18b160545154efa83f4fcaf,9146415,8858602,True,146
BRATS_234,b7c5feabd7e3a33da8167c23af8739a21697aa62e070dd833a9cf4e92135b85a,30e646d8c4e64a9cd6bdc88cd0f35011d0f62e83408568ead0b864da25e26ab7,6956437,6801810,True,142
BRATS_235,a7f9ad2fa93657cb4a0a8cf36c706656cc91b6aad8e4378e5d943e802d55d0ef,6310ab8b350b176bc6c858cc9e19df3db48679026b13b9071bd6f56fe0cdab9a,6893249,6667072,True,151
BRATS_236,85bbca792a5debb2556ad35de62582a4bf41fccbc2640783bd1635d1e6cf0c8d,da68b60c55cdccc3a7743fa54298f4f097541cc6909ac7c8148f8439acf8fe57,9228904,8960820,True,145
BRATS_237,ab335154f3c88ea052835c406328a87510ddaf65125517b173b67075ed0e5638,c3da7893dd22f212c9744e39bf99e83367b5d1a7aa0bbb8a921976832c764b0f,7821595,7524169,True,145
BRATS_238,064797e6bc9788843281a95f98f6c1353961393a6942969ae2ffc3af423284c1,7aec87c4a1c8647b080592807edf8fce7e7722231a12d0b49b47cc40ed142dff,8238634,7998654,True,147
BRATS_239,7c5465969f194ff7249dd8b85438fc2623ff0bb5df1bfbea8b4e0f3ee3d51410,ed7849f52d38c103f89354ab5e85a275ed1297a6084b3445981cd09983c41363,6896249,6639265,True,148
BRATS_240,6def22180e8391375dd95a2121727bc4b8cfdf0b2772ae4fd628025d12c51d30,38a471da6a4479b499c59bad76430b04894cabec49220eb7d6ce1b09bc25015a,8743841,8406955,True,148
BRATS_241,2f2ed16944e6d09254e874dde06725649dc3a530033bdc6ffe099f6a4c4b09c4,ad74e1ed2d5e51523826ffa9f6f4e091e0e580c1d5c3856cfec4ee3ba5b3d37d,8319139,7982100,True,148
BRATS_242,1561ce1ddbb2d5921a19aec07d932ea81d52cbc6d08cc7cf6a3b6e18d036944d,57640fb30410c1878faed5a227391c7b5d9436c9bfc7385d8ec15c42e8f6c1c1,7091825,6810568,True,148
BRATS_243,a1f3b3cbcb33e1568e6b4bbb31e95aaceecdbf47b4e9d56f2c3a15cff4125818,71e61c729ff2a027bf0a61a63dacb3021b0f9780f3fe848f2de6a65f06cb378e,9535001,9294367,True,148
BRATS_244,59536fec125df81e3510d588d858cc4a58c37496d5ccaae411e743d3a0b88241,3b632628eaf3cf87f140c53247f7d7bd6c7a0cf92cb9101061c7a1a6a6a16b60,7898811,7636848,True,146
BRATS_245,60a8f209c738dd22b4d8b0bac33da69d28d367272763c7ad0d27e206138a4e16,f7aed7b93e1c05fd4f8c3e21fb9c6245021198a17841bbc93f5e2a1d87246937,7754780,7640720,True,146
BRATS_246,73ba57d8118afd30e2f3cf1ec8321040bbd6e458ac38e561214b980721edc519,726c486a4a68916af38414f27e87fb587a14bb605ec0e1afc10ddba152f2a949,7262951,7202303,True,146
BRATS_247,3366a031fa9ff4ba442d625bd65b9f1f6ce88d9f679014a202f1e31d4826d131,521ca14c574ecbe77cffd96a8d0d08e1528470f50af2d2953c01896e6795e3a4,7656687,7560011,True,146
BRATS_248,cc5f19da730aca543a759d1cc652da3092f0f35ce5b8417b19c520a3ecd32ce0,2591644a75381cf1546cf12420da9c0eecede807091aa66d66c516c5a25a42bd,10012158,9739198,True,146
BRATS_249,c9eaa0f100c2913eb9c9613d9bd0c1a88add01a6cad4aacc236f1e9a9fee7f77,a28fd1c976ce75595949627f7ec27cb4a7403e573f661a485e5213d211bc9408,8454338,8206364,True,152
BRATS_250,d4385bb605e49ce868d3a5963302d2af11c88bff84728fa2a0c6ea6ba16d556f,93b667d1afc82a77fffc3ac5080fd600c6c78c27ac7dfdc0f7564a3753a51e39,9526151,9275928,True,152
BRATS_251,953382b9b6cc2764697b85b66c98fc6e0ebb443644c001a8ea12fd542c9ee2be,83ea111e808bc6a2a7cb3976f099748701222c6bd4b0b0f3f8ddfd99ab511cab,8533941,8195904,True,152
BRATS_252,043705568ea7d3ab4e14da78cdb28a3e73746a5bac37fdb907558eff031035ab,2787ce34a4b92336178636d5e2ea1b2498c170e59f36d25ae3e0e757730828a7,6235618,6144472,True,146
BRATS_253,f2e6c11ed36d2d7661573ad1a617cb4c0aba6415c8812918594161f0ec1a939f,0390d7a6ab5a8606fc8b0bad77d1e5eee93c5664a9ce00ff08a7e893927efd4e,6917432,6684833,True,146
BRATS_254,497047df7338add3b3060aa586251335c813f167c87dfcaa5065f19a224b64ea,b7413178ddd01483cfbdd468fbf9ccf1bb9b74b31a5dc80c8ce765726bbff4ab,7902016,7483875,True,143
BRATS_255,753871d670a4ba345812990435e112ab4bd976da81088bf3d9bfcc13a5d8e640,bef20ccb1bff83ea60c9b3e17b2f3653d0157b9b5cbdc65f6d1b7bfde491500e,8796479,8528410,True,147
BRATS_256,4996eefd829f48d993d74534b8bb613f2315915e0e5960448d15f61464fd28c5,0bff5bbdd7f25d7593689f9642b84546c6f948d728d71ecf229568e62c6d38d9,7113841,6951712,True,152
BRATS_257,12d33eae7b7919152d72b772c3c5f3a19b0837a22f7052906d66c11906f1e0d4,c40e9621b78d1f58a703fbb773585b3d9f9bd1f381f73266a6e45978e915ab25,8154372,7888907,True,149
BRATS_258,24a7a9ffba12f89ae2e2d087ac9998d5e91e6cbb239cf2d95be21db437efff92,3fffd3f7a1ceaf33b73dbdd9a40eae50b793eea356354358816e53a17183409d,6158377,5915988,True,148
BRATS_259,91b50d1164b4205518622e6b7af47a28fb6fb755888585a22d12c8369439476c,6173000f55d982ad061db22907b8dc9c22cd1a18e0900855d066e6a7a86cfc05,8966118,8530887,True,151
BRATS_260,a5e77327304be727b089dae2e7bc20c7aea28a6c8f01f0b2a540bd295e9bda03,2843846c1d92f29153aad526f485d682cb10dc9524fcb97080d60e1722d7ab30,8065564,7811611,True,147
BRATS_261,f0aabc3a68b7e2bd749cd7e93e83743db08360d91d6e19cc026510e4cc9fff25,542583e703557a0590b38e36d3e4f2ebcfd780686fef8f1dc9ac823430704f15,9170592,8782033,True,150
BRATS_262,7f41a5c0e73ce1daa5f3fe0e081c0d69a77fde19fc14e612675ad3358d5d0e31,fb08df9223db444baffa592f17a1681dde8ac37e280f4dbbbd81d7a9e5dba166,9078064,8807432,True,145
BRATS_263,8c07a0dc3176a8273de41d7cac64131fb303dfe2d8e601648b715f84cd1ccfb5,be5636b63278b030d07b49f60a5c06b31be3d8c9bb9dd0eea1f7a0c47815a565,7880796,7525711,True,146
BRATS_264,081914e03bf3f10546f00e8b5c7d5a544600233710c7135c1c3b70e29e98bed7,00629c7c4129e552b08e252a9ebdcccccf9debfe922d61c71f745fb380a0bfa6,7626926,7372264,True,135
BRATS_265,dffbc7489c1abd9b91db467ca616d2fdd1c293ef2d7d223992837b468a086f09,f1fedd28906a207db0ddb8a9a50a3270020f2ad6879a6689bb43daa104300968,8075227,7749970,True,151
BRATS_266,79ba7de5859c834b9c3e518b78cc4c73bb8fcb4b215709a9e1168f2e42253ddc,c473b1bc95398bddef733462ebd68a5b165537d4e18054a3ea44308f3166c900,9516783,9210872,True,138
BRATS_267,3570a5b681b0edd6b4322b25bc02d2bde919f38199605f95e43b2b9b04cfa75d,0ba9570d0e2e3824a028a37268cc3b51e2139f19ffe8f0a692fa7fc9fae11ccb,7278896,7028583,True,144
BRATS_268,16425dfe161764338eebe44004c58c3cb091b3cc59747a2ca977e71efc39a632,e590a16b2f7114c968cd7b5783adc46d893dae54e1f01f65734272a42b2090af,9418133,9016057,True,148
BRATS_269,df77819e4b59d4ca9c3f6bb683244d8fe4354b0b8b736f4d9ec7104959f9d3c9,8aef3d0887072083cb2bc20309edda3e514e260c683ce6d522a35e8f9d08669b,9278653,8975802,True,147
BRATS_270,be1a039dd21d0c0fb003fb430f6364b40c2a6b5c878e5e4faf3b8a6e0a9f3b13,a82e3e4fb058beeb50f0eab9d218c0e5d32c27847a051616affd99de42096625,7040008,6721191,True,147
BRATS_271,395b8be74ed88b1e032314b45fcd258055848183420fc4abb5292ead821ccd9a,0b4d6b2c92a0a01574d8ac8f0ad24999521f8b305352db777670964ea0d0bed5,8384597,7971129,True,150
BRATS_272,de50684bb36a9f35755d1840b01b709e8a23fb5afd6d7368c1bea1f535daa9b8,c558671a2e13224509447db5e57cba23750874d7b0116a6ffeb1d58e253137a7,7519658,7284063,True,143
BRATS_273,ab9d14f590abcb86b3c9934fa868fe5652fb2124f5173a9faafea6b67d558e34,d922779d8bbd4351dc5157ea8750b5d7182194288fbca67a90c11f968d117094,6393162,6147005,True,146
BRATS_274,0a63b9082a223ed48060a6599331e7011842cdefd23debc328d09cf6d0d7b2d9,0d9c2222002007765d78c17008f5e3179f1a944c1d31704a8b176353c7876610,10200169,9894132,True,145
BRATS_275,738eccf7e9bbee1f54c4fa22b94e91a34cc35583942ba752fd75a347070e069e,4e70497bf566aaf663da43177d9f41f460d9756732a53c7c12336f2a198031d3,9224958,8863700,True,148
BRATS_276,e9a12aaef6f10e6be8b8882a7f119e092c129d32f45afc2b7e805b79a2ba7c8a,6f9a0a65fbbab19e3867bc9d20f624f0d66be17488e49a397be03fdad4e130db,8164444,7860837,True,152
BRATS_277,7aae948bcbd17eedaa020bbc7dc3ab42844607bb074f2d944094083479b18d57,8b50152d5bc30cade942f613dd8d1ea3fcb9a4a950bec3343718f0688b80c76e,7590167,7198186,True,146
BRATS_278,ad6417f7da78d695adeb7a60f486699a07ab85f9e27730ed1e36a96f7b22497b,383276441ce9c487883c60e0a25ebbac2791408bae19ec14911ff840bdf1bdfe,9965636,9649360,True,150
BRATS_279,38e244a7769d2d32b158a1a3af394a5930d0fef551cf959326479e4ec2d67b78,72cb2461131da099961c2d96c716c904f09cd07f095678d3b5863c915481b45a,10295764,9876219,True,151
BRATS_280,7594348da4794655a19aa303cfb2350e767d6053c5eb5b86a593bf2bcb3039bd,dd453843b97df040677a819225160133a253aacfd7cc8ec8051130cca36c8c13,11286359,10949745,True,152
BRATS_281,d27948bfdba06a79faee0603557bb59b3c58fb30f37d4eacb8d1ac90d2d4cd20,540ceea8c0461ea61c0dc3152dbf7d1e16f2a482cd82232125c9e4dbf23c1ae8,10889233,10411445,True,155
BRATS_282,685f4a1949bdacbd4b3adfae9bf3599542604aa260a227faedb85444b74189e6,2690ae26ba3c0d5745ea9da4b8f16d430061cb5557457ac5e1bed2691d01dd2e,9528809,9211172,True,152
BRATS_283,435abb5f2fa5c36719a1e9e68c8c22a9d0c7497c68fc8cdf6b8a264df468162a,65a4ccd7a8fa314233e2cc6a09594a26c98e476a97271c489e89845d90a276fb,9005483,8570036,True,154
BRATS_284,d0905204e64f9592a591a658ee1124dd1535a53dbaf663496d55eca3ff5f26ff,053db20a043c117900bc249cf37c2b1c50861c2bb3710d6b561fd601aa30b77a,7960261,7692337,True,146
BRATS_285,aefcf7a842f1ae749c480e29344ebe316e0abb3e67ddbf24d79158194371e472,e0eab844a8d7ef307aa1a361c371d2258c6f09e7e11a6334a0ebb7ea56805e35,7785840,7420832,True,152
BRATS_286,13ba06c08bfe50ba00d9f919fa6acc41026dd9f79122f20906d6c02771dbf597,48f3da626f705ebd3306777fd9d401c0a0d29a75f9a264e30e7faeef80c3bd32,10512795,10063179,True,152
BRATS_287,6b92003243790f245752c2c719ac771c946f23c1fa0f520d36b7a1a03bfb5599,4d67055ad59e0c3312a637ac52dce4da2a7f09dab910258e17c33ca16f176750,9704566,9309207,True,152
BRATS_288,a65fe87d2f2c9a6113cfa0ac8e79f25bf758ad011424a7adb4512f3780b34425,5c92d469550bba9e7c8d07dbeb2ba6f8ff41cd229beeac036c04328ebe7cb724,9786507,9416613,True,144
BRATS_289,79a66a9a879ba8c3645e25cd5ab57d62a390509bd2a5912d9863668908e25626,011dc72f73d12ebaaddecb1e5e6bae21f52806e53de29b99a90fb143a5a6162a,8400855,8101593,True,151
BRATS_290,9211bfe5617a3d3947cb7962f10a4bd3db5233515660d5c348116be62d9a0c2b,97abbd7d049b6b1a2fff488ca8f2de217e41bf9eff8488ae31ea43fadeb7c6c2,9914518,9480649,True,145
BRATS_291,5e641d36c05a917efc3352f495bb33c0172cf7b88f70c92e9a1b343546cf986e,17c68356f15a841a78d24fa67cc3961bee8580b4cd19613f8372953901a57dba,6941575,6642466,True,150
BRATS_292,810cf7bcdb8c171fc49c061e06782cf20205e840d69ea58d19a74c09c3ca1a3d,f7d2ab3ac94567e063c428c444e8a9a0c21573698b2bbf82fbc61f69d904f6d3,7981455,7632924,True,151
BRATS_293,d4f6fbd60565bda6cf04cc92886a1d31b468d13cd3abf91476a6c8e8b86c4571,5d3bf7af7e569e848ba427ea2b1527c438a187333fdde50272cd78438c460d3e,10130008,9815332,True,154
BRATS_294,00958f15a2374b0cff44caf7a47dd6f2b99870ab4ba139902bbf729078d32694,94b203bf6dcf8c245fe8db442ee77fd10e40b9f200ca895c0ef19c2a2a2271c9,8416565,8010249,True,148
BRATS_295,3b292a815d2a46d0b7d3f045abeeddb29e4f3e015532c2c7b4cab094150ea5ea,31e5f44e902889d4d7d12790b374720226f0f1947dc78b953928ace3342194b7,7998819,7552511,True,147
BRATS_296,5bc09fef9cb805730d9d4904b8dcdb058e220f262e2cb5b50bc7ff660f68d065,59270562ca214c5b6c93e1b4d409d5c4de7c9c05e788d48cc10ea6308988c685,9797036,9270503,True,148
BRATS_297,1b5670f9f95a61b1b857221efd315e67f0b499f5deaeaa7a0c3fa827c0db7141,0e87c28fa79b70df3540662a1493fece5d002b767202635c30040a453b3935ba,7739343,7307882,True,151
BRATS_298,8e413bbe2b9e1b838fd0f25879260e185c9090af5a09f044b39ed416eb291174,5bb184c00b4ceb1412e3fe55d2a2918e4be9afce6427a222c6fe8affd19db228,8922349,8464965,True,148
BRATS_299,f4ae50098d51a849b2fbd441a83617591c67005759df30ac410690f1fb79eb55,448425e9473e1ff5ca9e6af3f68d5e3366e5520f605fe280cd7fdeb850486e11,8961766,8590276,True,148
BRATS_300,f0dd17524e14826b5f0077db61d512bcf0fd100c0dbe65e669c5346a67cd60bb,bba67b2c8ef0f58bdc8ae208c9de99c4b828e4d4a42a8354d809afb0bf979e63,8990420,8635604,True,149
BRATS_301,d88392db70ab51663e09325b2c54a53b11ece000d4d535ab8ad7571e580a0fc7,b88809e7b9c1cc0099913efa2c12f9f5edc0019b19175591105da4827137c92f,8587145,8191096,True,146
BRATS_302,fe48ebe7a4b566de40aef41ffdbad103bb171556312c6df496b67bda9bb27d14,83893c65c67f9b0a0009d8c4168e9f64b38d3940ce77a4cdba905f95264df80f,9908179,9497244,True,146
BRATS_303,5201c65625eb9f9e2a3149b2faa158493d8571d7c6ef45ea7f28133e298d7ccd,3597a912d4c047fcc1cd24e8a319562f738ad857a12a65c28162a5de7b751a06,8223886,7830467,True,152
BRATS_304,3c94dd6509d937687f82f114165dbdae6354830bfcb8d1c1d5c766dfdc6db8ad,4ff60ab1ee0527331ecbcccdd10929d6c336b8bc9a3e2746c14b466ba4a87088,8100454,7689683,True,149
BRATS_305,176832f22638547f49926006846f8278aeeedaca66ca252d2f2d3befa84e3c4a,b8caedfb8e5139e885192f605a5def2ceebff7037ab352b6eca6b30f22c5635c,10217041,9836683,True,150
BRATS_306,b8c5d364d47cab07150ebd74d9a8539585ab1a092713746ab2c5f5e4a0f3bef5,7fee5642d31a9ed02234b2621b96096e0621aff8c6036ba183f272322e3a03a5,10672220,10251520,True,151
BRATS_307,11f91177f1ea10e4a7be9e75d9bcb67c6fb4d11c87219c7c50be119e30dc9fb1,12e40a672937cda8fe127dc1727c7ced1bb5297102553729cdb48303f1ecd719,9010676,8622680,True,148
BRATS_308,779ee9360f57d9143c76261251dc048d0c69a346693e88265e15541dbbcc65b1,becbfcaaa9ade21eee8749305b10ffefd811b0a4ae1840061aa978727ac87010,10533586,10057740,True,151
BRATS_309,71f196875850f2077702c13843916cd7b5790b8c75000f23901ed9966c286dba,6aee9805c517a0a17e528a217e4c314785e1c1eb1cb607943068ee029b0ab954,10322009,9925984,True,149
BRATS_310,77480027c8a66441762029665bb98d00d60b270518d16baf4e6b7140417f5c48,d7eafff5ea2a8c4f0911cfeefcd15da9a00673bd15ca6d2b2995c43f17f3918f,9254462,8762044,True,148
BRATS_311,880e1f33543b4c6c0714e6d08fe546a797e49d178a009e4c966c3b96d2244d5a,ae5b83800ce183a0a628f9af4458575078fe707e2845cf3e0da25fa8fc9780c4,9748487,9295782,True,150
BRATS_312,8b6bc5aa01c4527ffcbf43e7f13dc82a001204477b0ce749306f6bb285d0e412,973884266f0aad23ccb9c00d90a3e4c15d8907b7dbe729a6290881c275837afe,8224453,7815865,True,148
BRATS_313,05db8f959f2be1ff77c4154461307552c71a4af1431bac915716f47beb46b3c3,0377d4d7f337c4babe23acfecc631afd69ad7c355d3d53b4e7f260fa5d6581d8,8121123,7674257,True,147
BRATS_314,15a207e3abfc6f996637298905764ecb788246818372b70d88311b4358f74a4b,6c7104dffe9c5b3a0c0776a5eae51be38e013d2b42d5d04a5e9264e3de53197d,9830701,9403903,True,147
BRATS_315,460e4b0f39e1659aedbb8d49ed593ac3d7a41611e8cb0821f91381fdcaf4f3ce,9dceed786c2f090445bccd54552d9ba40d10c1d1650d116d67024b1e42e638fc,7691334,7339894,True,149
BRATS_316,939657c38b7abae620e30bce0ae51a03648768235725f10d7622cbc7366e6873,61b1927ad2d639b8c898241bcc0ad7f81e303cdb46bc1a954b09cf45a5cdac2f,9422336,9055264,True,151
BRATS_317,da70d0d465f7af8d98f861c9d87265225d93bb50ba62c0bd2e4f69963774ffd8,2855c2cc73f9f6d59539af034394763e8d6665c170209b78128b987c1568ee07,8359111,8017016,True,155
BRATS_318,f2faa669456f0ba453dc5689f709de0da5adc99f7c07471323d4c19bebe1b6d5,ddc88e3ed165ecfd375ef502493d9608df38bbba3adf197212ad09755ecf2c0f,10417169,10044960,True,152
BRATS_319,8311d8bc66394b2e3a864f305bf455fce6d80696f0e42dc57d7a36d17c0ede64,e343dfa95afb282cf079631cf27a1605d0d6b7ef9c358da3253e0eb0df0fa935,7817996,7384889,True,147
BRATS_320,9821938f0c1d64f4c003b4efda61e772dda0ee41b8493218ace50d2f81c029ec,f3a91d0b6a0043512e2e960cde6ec60a4c33fb67bfe87c5a6701921dd195e040,10856107,10417090,True,151
BRATS_321,fa9d00b6ca2f4a6ace6cd922c0c215f32bd717303b2485ef12c7ea1034a7f92e,9f31d60bc5adfdbcff96697d4c2f4ea2e1b7c09c90593cff91e7099285941339,9146460,8755986,True,150
BRATS_322,dad7cb67bbcb346433f948f2baed05fb6cf548028e1f40885a88c6484bb30461,ab9706f51a31015e44d8f6e803364b0c232c2230db191eb076ee7cb4e2485667,9937744,9562230,True,150
BRATS_323,c8367b26199ef44308b5e4583c26d56363c2f19d6878c2f8671e4410b5a75d00,52eb10cd9922872913ce624cb0911f9b9ae0870ef99ff3e5b6c691a84de16c3d,7310003,7013489,True,146
BRATS_324,e5ac77622a68583d3e9aeb7196f666143322dbdf21477d7e64fdaa799eaa52f4,4454d1d2a9046f01652cd1288d9db0ee1758f9c2f5802dddf9c2732a204f3be2,9468026,9023288,True,148
BRATS_325,896a94fd7c6cb5337c542806fc8fb245cb63f2d88c3a002e75da0c6adb1cb42e,08a914a4790588020e5e5712eea06e8767131643c1782c02a36ace2198a8b108,9437011,9129774,True,153
BRATS_326,b3fdd5b6e619da99a9d8fea203988d57feb3c3511f388e339e31f211a5a93d21,97361948ad18719d9033a98f9100d75d039e421a5ee642f5bec4e1efffd81f05,8109367,7785761,True,151
BRATS_327,84242632ecaf0bea99702a836df7b70553ce0b51a09af31abc7356937df908e8,686f3ddaf8ee35aa4854b6dd99ea61f25721d0e80f7aedf77199475e3792c0df,7780642,7422449,True,151
BRATS_328,1a18b76e91bfda52452c46c865028c979fd7cf3e2c426b6120aedf18be5a1ca5,27e8a2f5a96638fd4421bd689d1b486272e9848076c18769dbc81919bbc64754,7517377,7196010,True,152
BRATS_329,85daac244e6a6a350293c186efe03af3b34c7577345e6f4d160cd7fee44a9a8f,b9d603e1ffd355c5ae347a4a4e137e153935b417da9f5e9d90dc34cf071e001c,10264000,9922464,True,146
BRATS_330,b4828651d571d0ff07d906c70d1eda780ef647c53b9c4b705f27a2cf221ef7bb,ec9425ce302086682813658fb724ab37b740b73a4e5cf8d20bf60533d88218ab,8597086,8303746,True,147
BRATS_331,0be3d6313f863f36d92972c1486119492ff2fa5f2d3f3ddedb98d648e25ad8cc,65ea42293885776bb18d3a50b49c1bef53439b81e4656bacff483832821f144e,8865669,8461475,True,148
BRATS_332,15f58e1f35eddc71d880fc63a3d8beaa36483fa9278cc4995427341f316a52f6,5614c141c793e14697cf9aad04a5e41d462e162693ebfdca026186c0f58d2fcf,8991087,8666850,True,147
BRATS_333,b170c00b27115920b71b97f649a9e8163194385904985d8b463dc0d39a697035,dfe30cbe4035383dd182bbcae5fe3cdb351e3bbab87e117ba2a5bea14b4dfa25,7854149,7513406,True,155
BRATS_334,b53d9034414861691161f70858ffa659d2f0b6d6ea2d3d2ae0f2fe33ec6a5dc0,387c271d7adb9aaa11d13913527a2c044cffc392cd2408801c0d6a08cffb3089,11230904,10858804,True,148
BRATS_335,11f8b63311b815431c7820eb9da2c1b058e047839036eb5e1916fd8832323d93,c895d620ec2ee881533ffa8eaed794dfe0837bbfe01cccb0738530f9c0878b64,10007591,9620218,True,149
BRATS_336,5cd7684121d47c6485c49bb65893d9b96b3389b599c9d506da79bedbf0844507,f74c84bc295e8d7c0441e957092d4a09f196dd30c2d5851687d27a3405078eca,9184320,8837673,True,150
BRATS_337,97fae8b7c69766788c8728b466137f0139a806b147a52219ab83250805eaa3dd,2bf13eafee3ce7aeae99c2e50d75a22b937b34a38249207f8cfd2fa38df61f92,10295455,9941040,True,152
BRATS_338,d750f2bcc911578836fa38cbf225d74222ecbf21dc42221545c113cee19226b0,bfa56f4289c27b6132a9d77bdd87e51b836289ccf8e33f2862887f8cc7943281,9934639,9673506,True,147
BRATS_339,9ddf58e40099f07f806ed48032c835ece72b0e8357647a854653b3c18330b760,d1fd89b60f8dbca25e58cf41b5a67de6d948350fef26e4852465bc6eb3776b19,9103782,8829894,True,146
BRATS_340,7f623efc3865a27c66ea783041c9f2ed109077fb6e84b2fbd2b1d9569e3b3a0d,ef46041ec24d7ffefa9636fbb65fa6cca7d911811458e37ba6cf0d0ca6e1d1cc,9530121,9250321,True,152
BRATS_341,f92eddb3393fa6b999c3cff10e825905a3d3c1c54218253778e47401fd08410f,fea8ede7fe7b43c6840a788b3d6e1f3a4f42abf7223894424fbea15e5a054c37,10184900,9794275,True,154
BRATS_342,48253c4d046e73ee78592eb591d1a8df5e6c95e87ee9bcf47b387c0a6fac774b,864b97c5129660d6cdb51237a66fde85ef578e0735858165aefa75e40b990e28,9498521,9157540,True,151
BRATS_343,8068bf7502178f4a230d38a8f6b91592487a881541b3d0a8c9865b6e3b78432e,75a77d7695e60e80cb85bff437b73c7cd58faeb619964437bae4a8932c4310a4,10107213,9759404,True,149
BRATS_344,6621a76008dc3644562711084fb7c43161490debbacc8159c5b995ddb5c1432c,a3fc0ad29dec3c39193b2a7518f93b9b4be317465b3df7c3b9e36b9fe510b70b,10043275,9686318,True,152
BRATS_345,4c3f8c33a6138d23cd2a81bd968f900e04ce0b5ab54cb650ea2142e14756ada6,539614b40122c851c5d0a34d643eb3186a581f4e9e6db3dcb72b8c067c3d5d01,8664581,8353270,True,152
BRATS_346,6fe0fe0c65105a5630c34b63565b5114f3204a6e00b9ca15a199fa361a266b0f,738112bc1a5233ebe47db97a1895c42e03a43c01ba038721a5ea0dc04a9ae00f,9070796,8712259,True,147
BRATS_347,9f62f21bb7feba1b83311af82b4d564e3bf49612a70a918e366d071399abe5c5,ff7698349cf792668cedcdc21a14d3c56a00e7806b5bce68698017693df5bf94,10495765,10089163,True,148
BRATS_348,2fe0b32d3d0f425b0e253367c7f84cec02d7820a92e5618f9306142d43562c39,8b5b6df5a89cb78003cdaa87c2143050691b9036d9e5c0d5d1143d2843d2dbf0,8537301,8201372,True,148
BRATS_349,70006f3022406c72b87504b82d64aaa9149c97582f09b0f7277c437a7d2bfbc5,4836ccd8ef8302dde04c3dd382a42574987af45668c9cd5ea63dad9c178d6cd0,10599547,10267037,True,155
BRATS_350,ac80589d70eabb53e918bdee431118b4366d65c0d943fb95f0736bc6ff97652e,5258e42dac65bff53cfad459f22f06f8fbb0b722fb080bd2d4608984f3817f29,7336677,6964879,True,151
BRATS_351,4ea06e752ea44e322cdc8a8574593d72ff15737f25ea933a4d1f83755ae47b48,5c96482ee09fa9ad4651019594c9bd33953a8081b4838e669df8a4a2b0ab6927,6804976,6394962,True,145
BRATS_352,94ff70ad9825947df4c7c43d8cd11b359359ebdafaba830f575cc66005004f23,afbb0c932a6d1e19f5b7c489ea58416534e63f6d24e8ec7501c5128aadbdad8b,9207599,8735659,True,151
BRATS_353,78832747f5ba84016bb74537382e5a2304857cca333a7d7ab164a57e16317a1e,d2cfdb7ada22cfe887c2f5290a19f5cba79f9d7a9a7e9ea285f497f438290afa,8159035,7774912,True,148
BRATS_354,35857d8c0e4126ebec85ded193f55520347e16529498bf3b3856eb4468370306,f1aa09860f0e5a91e41131bbb3d0eb56487800df7ad6b446db6f8f2e345e7b95,8582111,8230946,True,146
BRATS_355,2727d0336d11a40669dce41021fc761b8ab0605bf003dcf4ac7589e3ee0b97ad,90e6592fa4d946f377026e085f62ced8bab6316c9a0f95d2e97c59e46606217b,8892957,8367579,True,145
BRATS_356,a6589808a973175a0ff019f3fb7e74c7125f279d83c4b681530c83fbd7669bc6,61a945990fe0add72c2a0a3b9b2c544a624cdcc046ec7df65aab7faef6898755,7931550,7589611,True,154
BRATS_357,bdeb5c0bdd954474b3f2f40712a815a17fb80422d8936db26c226b6cb01a8b2a,f72d11141fa2e399613c4a2af74229034932084df796222e540b0385d3695fa2,9103918,8750607,True,149
BRATS_358,192725f7a07bf200337cf59314380ddb85ce65d3aae6996b59b222a164e6df29,2740a5e3938d3ef2349d4eed98abd8ed87f62f8dbe4fde7638cb25c956d4904e,8025207,7654107,True,145
BRATS_359,5f2958c63736dfe7cd7831047ac22f02d0f5ec4b1a082ac838aae50b902fb6a7,efa35d023c7d57bf7add440308c687e32cccf0239ecd320b027b520945f218d5,8368612,7875007,True,151
BRATS_360,18719a464697a57b19bf148859cb03e3ca2761397a8e152c00ca0836ddd960a4,52b634b87345298bd7a7baa802cfbcdafedf9c57604d7f1fe47209a49e476787,9134595,8676639,True,149
BRATS_361,27c6aed853d1e6a6f10def4c63ce763aab6e0e3f54473cf912d1be6857b6e139,b84bebaa22cc12669de37b04915ca3d649770d9519ea21608683ab82993634a6,9425189,9024946,True,153
BRATS_362,b2d7b9953ec2d7ff63e256ffc4eba5e4476f0cf226cceac4d2d373a06093040c,271980fde503040f70803766dabaa0e32dd72d90a284dfb5cab420310bb88f58,9324104,8936633,True,149
BRATS_363,624b6727b2c90ad24ec8bf8b3624fc6133fd78b31b24aa9e25435d107e3709bf,d571816259285af5f6ca1915a109fb2184159e5ae35900014cf601c502bfeefd,8230321,7804413,True,145
BRATS_364,fbed757d121fafe0361678fbdeee54a5e379016317f3a32ed6e79d43091e0c0c,8318f9e4b30ffb5fe711e8f2502141aaf97558d4caa4a0b00a2d111b34177a8f,9964826,9472135,True,150
BRATS_365,1df1226028e7d6f4986bbfef95c771a89f28779f5ae578d90993d86b55908fdd,26e702117c67921c6205c81339d941a83d28aa6a70c35258f0edba62e0232c39,9321891,8848584,True,149
BRATS_366,5a2ebf7e4adc9a4976ff3242310da3616c40b87f534390374313cd23dd5a9d14,c4a7bd3d45bb8790a7524b161b2a44aa656b19fb974507a3c13912cf48dc80b5,8578942,8114251,True,146
BRATS_367,044e162b599ba6b2fbbf7b4573436dbf7a4893876a5b03824453ac2301b7f1ea,ec2d50d45189f5e14c77542b35ba083cb6ace6ea938081d408ccd49a47688344,9002949,8630482,True,149
BRATS_368,abc5bd2f9bb1864bfa46a98b38a627f905e3cfa8cb3538d21793f9fb0e268d02,30fed539f5af6cf3aff4158894819832530fd53dbf8872bf60b9f8854c397173,9491563,9083682,True,146
BRATS_369,a2424dbbf462e3fcfd5f88abb91f2fb60c1d51a58c7a90a4c739ebb0c47af644,5d9f07b19adc80057c571ba4bb473599fd17e02daf7e985143df45c82c0692bb,10294463,9806572,True,151
BRATS_370,049fff1d5d5ba7356bf7f5b937b66991c81072dcc02959de12d5b350fca5f1f8,627109843e0ee76f6ae3aa7b2932ec3c96259d451a9b2853bcd8f3b106951cff,6917112,6628240,True,145
BRATS_371,2065d34d269b6b7a23d9c4f9f2faab7c71d22443596d9ab01e51172b0c6b18ca,137ceebb20a0a24762ed11ad8ca8e8f0f60d758f96b08e5e028481c6d68cf856,7977311,7554197,True,149
BRATS_372,c57d533c97020e27adda4061ffb5a3e422cccf5ee76826fe49317ceee884071f,6626ea3a5513d4c92831462f64ca4e6e749ac1e6ab7af633245ca3ddc28832a6,9582705,9236277,True,148
BRATS_373,8b7122ab82865f72bdb752db52eec20e3ecc3aeda6e9bdc77855a3b83a723f1c,3e4c6b1fda45465e8430e88565f59d5b318d313c981f4a397361e60de66561d8,8318720,7948640,True,146
BRATS_374,f45fdc61c96e514ae383799975a272aaaba9d1fb320405d0111f707fe8c3be3c,74785ccadb7aa40c71f188ca78e7c041e0c72a0c946af9667d78b6749686232c,8108272,7691168,True,152
BRATS_375,62c49f3211f9f22fab22dbe630cf2a8c5c711bdb14d86f4a76c3d6660bf2718f,bbfb73a7ba7860b766f18bf6c7234808024f28acbde160020bed03187bbc1ff3,9586252,9184410,True,146
BRATS_376,4b2efd27bb7509c1e4982ede36063b9ee3b43ef25bcd0de334d263c3cfbc0b28,b130219f0b4ba78bd2d7b34006eb88bb712b8996d662cf631fb71794a5cc6987,9022340,8592173,True,149
BRATS_377,dc363a0d4c5101392fdb84cfb0b3cd80707bd432cf3f42230502030e5ae2b1ab,e9fac649e12e761607501876b4530b88d5a71c6de2f2f3980441ac67aa46b03e,9560716,9141435,True,149
BRATS_378,faed078899885032f7c4743421bdb342162c7081c44880c61450858a4374ed0b,7438cbd491797e71e80a40940fb853aaa398b1ea797a9f9277c46a441fa51f35,9647930,9257069,True,152
BRATS_379,0b43aec472cdbac058ec77efcc05091224dcd954c32db72a4d510654abb8e097,48c4b71fe40604e2e3c3a2d7cd34d906ff7d598ec3dca46b518c09eb25572547,9957943,9590009,True,152
BRATS_380,b017a5c3ec01cb0035a55050a9023428130370c6d05a59d577c13100a2629dba,f91490af86d5ff636a3490171331b27d76447f5d486bd1319f15f0ce53ceba6b,10506449,10165422,True,147
BRATS_381,1d4010fa405a7966e265c1f2aab0c8b782d6c51bce4583b653f518c9f90a1ea8,3a0482359bc3b8af2f63dbb0dee2f8de14d234b04b796dcc3eba4081da4b65f1,10112100,9840682,True,155
BRATS_382,9534e93c6edd44a97feb1d54317000608ca7408cf9a168040e37154f971b3ad6,77acab02947f7696da344c6f69908071b71a920cf722067129ef5eff56af3e73,9952167,9638996,True,150
BRATS_383,a22c57c488362f54850055a6cc52b488091120b3f8c39339ee12b6ae38f14b4c,628ea08a6a772471ba74936762f239c570065d32764b2467327eb7e5ca6030b1,8248745,7953218,True,145
BRATS_384,e2424fa63ccd121898a9b2362a89b84ece0751280e9a7a765379ee36d50ddf38,5aa5076113cd62d1a5a3420122d9961c22d8da6da83b017b4c9627966c337d6d,7180180,6934015,True,142
BRATS_385,a73af5afe59c515239fd2fcae5531661c998c75df4fff5e6564e0b88517a2034,ed771b0a7b9183723b96925f0cddae5b450a5edaa5eba06fd6b65635f2868af4,7609983,7371842,True,145
BRATS_386,7344a6502b0282be2e7607d8a9c8e9e11f1338d668c537cc6dd4846d4bea90e4,f5bcaaef6220ecb376ba1cc4003df3a51eddda9eb270422d32310a9eb1d9ee2c,9798514,9560238,True,147
BRATS_387,0d52e416a907dd56e2a23672b5d341ef448a25bb2bc7e73d39b0964604f6cb4f,9c41464c826ca0db965818f29032962315d6afb478848cb27ea370efd91aeaad,7911273,7597793,True,148
BRATS_388,4863cce83de58d4afa6578cead74b07e55a34cc8a6b569bc50ec362a98a06797,9daa81b3524a9a72331bc40390713c1c3d8a5d64f350b91357f9ccb522d057cb,6410022,6157435,True,149
BRATS_389,667bb98d075a4c5271188a238fb49d988f47748b87b9f5776a7ae680c06f659e,6e5bcbb34bd5d48675fde6b47ff1124f010b92bca8aadbf782b343c83b1ca0f5,10058755,9775329,True,139
BRATS_390,c585e9e671dde388fb87cec74fba95b7da77e88e275b336e492041c12e6b38aa,a816e94b8cdf26c47b13e8c1270dc2a66ccde3780d91add0412df9ef83df5f26,7186207,6968443,True,147
BRATS_391,b97c7565ae4fa5519fc378481cc9ce85bc600b0d87a04b5c2d43158bf05641b7,053ac96a60605cf5ad1e7587d0c508bcffd10a591c877837661de1d77c0b80e6,8149836,7875314,True,145
BRATS_392,82313e42fee886cd32a77485b88675957e2cfeb350c58af8cc16321531e086a6,32ec96dc6c82c90ff07963b506662f34a74c27e450990952e198e892071d86f3,7579939,7319547,True,148
BRATS_393,c73bba4eb2e374eaeb383fe7448d0f34ab7238d74e4ff220d8c3de4cac36d983,e00dd21b35a12ed14a9c37d2af88e3b6bb19d5050c6ea3d2a52bc0c0a24307a8,7367196,7177151,True,147
BRATS_394,ecef634ba2742fd65863fa04efed2f40f894cc0a99785cbb082ae7b20ee3590d,c3450d543b2e264492c9005d6a7771e70ccc1525f0c40ead37088cd2e56d298a,9111010,8742236,True,151
BRATS_395,b6664962db28e2061cd90b4d0ab305c2cef0e98cf1ae651a7be743b299a12882,434128d95dc3f308bda88bc52e224c945f0262f1a23b4c647bf806f48cf5f63f,6746869,6550463,True,148
BRATS_396,8c4877c16cc5564f8dbcc8aea7712733341f5eaff4213cdc15d9e84fb376776e,03c344a101eb6b1a1e2d851516e07983f5d5366c9223dfa6017ce4aa85aa42b9,6975258,6769309,True,148
BRATS_397,6bddb7e3afa4065a1d03440f0754b09553cc16366a412cf0c00d0d6fa7bc9cb1,2a1bf4aade49129cedbd7afcbfaa761e16fb3b4577750e65d01696a1d94de580,9012995,8396487,True,147
BRATS_398,4028e3b30417fc76ddbcb806a7f389e84df36b531b0d50e4f460bb8458a73bc9,07992a6593b66d866a7392601b7cb67a74acaf02c7bf1c6deb92df38845a5b86,8396225,8141010,True,152
BRATS_399,74fea0c650754637e0337e7ab202c3f41fe6a716624a55c6217abbb0d7a64dd6,ec7cfd78e6aac646285ce3234958754e3f1ae1a4d9229b5d68c609f6b042dadd,8604705,8318595,True,143
BRATS_400,2df385ab7ef891312096e1cdfd0c2b20255d307d597b3a741e329226889fb080,2e1d40d40aa1f9fee6fd44f95f2075d88616b39dfb992b5af265e9d28631df17,10538298,10142723,True,154
BRATS_401,c545a45818ad508c8194a4ab587f7c7bf6afe98550244781d28147358b41d4a1,7422f4a05cfe3eee0451c7c8d12b851c1ff4ee20418bfb3b84fbf0a5aad298bd,7267047,7068159,True,144
BRATS_402,8d7fcd4d5eafecce25b59edca987aa3b5bee8782b45ee492539dc7eff8b4facd,7640437c7d77e778a1adaf0228fdc829a0991c72a89a2e88902e8af4f6dee5f6,9040712,8757332,True,147
BRATS_403,b78f67048c89a2662273c0cbaadefd3b819f488d24ab5cabb96d8a102508dbb5,4950a79964a2736120fdf139aa99c28140e8cdd513df8a45713ee6196df59ad4,9288002,9007274,True,147
BRATS_404,67c54abbdaca5f05fb2886e1f9d00eadf8782bba39eb72bf5f81af92ac4e9b37,66abe74a36f36af640f79ef017de2036962f4fff29865673d2aa3cdae3c73906,8083365,7575979,True,152
BRATS_405,9ca502238b899c2255de2b3766a9dd8ec3690915db0ed5e5353d224b8e5cc041,b57f1b314d7b39a2f5e55c3c57e7ba7da2f27b84ffbafa8b0d5ef131d7b4b270,9708716,9367598,True,150
BRATS_406,2a843b242be85ef74aa627de7ceb5976223e0fbfd6f63c9661e198f79b818c4f,a0ef7094db65b9fcec12c75e4f7bd4b1b58043aad76eef83bb407ab6b1198d72,7079194,6906065,True,150
BRATS_407,aea435f9f0775dd2881c8319adf5ad00d3cf886d0ab3ad2a12d4392f0400c8fb,35d04cda23b7adef5991aff6587fbb62ce2714bb73757a5f2c077fa7b2d1af44,7008941,6701447,True,143
BRATS_408,3e090ff36acc0ec6c1c389e400dbb11722a3d09eb2782120af0f129ba16cda26,933584b4144071c467cf75a1812ab594aea249c2cadfc590db338fde7238941e,9640533,9320194,True,144
BRATS_409,8b11df33ee5a7b0a89a4455385db9758ff0d9c2d2ce36d9430640b58439cc9a3,7595c439cdad1df740086e15e0f060a33f3805d38fafc84994aa1fe556c033a5,7492060,7279957,True,150
BRATS_410,eecde08990a8ab2f63cd5df1ed4d5abde4eb260bd87a72a3a8a5f1c757ac0839,8c30582af943479f6946b318eaa712991107babdb8c7585d456cfee01bd5f19c,8523380,8135995,True,141
BRATS_411,d6c76d1470bb184db086fedfe97244c1b8448a73afb3a1d69fb4d178d24568c3,3e73185c48624dfa2ca57418af62520d8a3bf269415f4f8b20d8dac6c5c92e9d,7085049,6867314,True,145
BRATS_412,4e1ba661375dd0ae4b49b08c1651c36dfd0d19d50e26d5d62fa6dcb0c1c861d3,768953d91fc8adb13b1382574b7ccdee7894f65e165bafb29f7cac198ab1849c,9874131,9365351,True,154
BRATS_413,1d9e6dff6035667a59e760e4a8cc3c8a7e80564b11b248880fac66b8820e011a,cb513e5d152dcb5ef90ed54270cabfd7460fb7b4702fdbc9ced0fb4751a17aae,10728443,10443349,True,149
BRATS_414,86671d15e71bc2f25888ba8be5eec450c2ce34cfea4457ee4ae7d962f98015a0,b63357468ac13dca55e9acd5b6e9a73037f82d670a9e6b619533d3d2b0f6e710,8388709,8135649,True,143
BRATS_415,eabfbc6f46b737daacb57c96b83dab7fe5ce1fc9385218f353168ec312ed3e85,1104146364ee5756aa193eb151337fe79e51c771f8c37570d7be45298c872bf9,5656460,5653549,True,147
BRATS_416,6dd4264ce406ac776b64be83b49d5e5db5eb3360ef3eb8220dc651595f9e1e09,6a065672d60f77abf09c97d469783ae1a86600571b7e029857588915b5fac49b,9692899,9449345,True,151
BRATS_417,ffa025d98062c257bd40d28cac150e517ee425ee4ddd9fd57eac64b4c921b1d8,c9e1ee76f75aabbc57bfec110bd41718b68cf91377ad61cdf95727e758dd171e,8305373,8079639,True,147
BRATS_418,049d1ec43cbfb1ddbc2f0dcff75253bb1f4ff7462ed815d0c287fe1d4daf0424,7c22ddf1bdc1eb98c35be77e3c0e0911577df0ce67e4f2ba68e2e009e8a45c8f,8369646,8106638,True,155
BRATS_419,b21893b1134f7f1e0bb6c8b47be550f33721ab87354f7e28c003813db508feb3,dce18e22de57b8640f1e614793f40ad40462b76c56db860be1e0a98547af171d,6609631,6431297,True,147
BRATS_420,55894ffee5cecad4701428690700752e2f3cf7acece48d31a30db55b0b35575e,673c567e76af424a8bc42c2357598be65f2ac7cf2ae1edf6bfbe15ac45c9a0a9,10249117,9773689,True,143
BRATS_421,e1c457ec0775cb1f8bb4f641f1a50f7c29b94b293f413d7c2afc8b20fc601ad9,432d29796c8f7cc9d9df1024ad3b7e3702ac15915dd58af5973f21836b4db2c5,7943627,7621426,True,143
BRATS_422,ed0d71e4d6f848ccf952c110c2783cc8533bf06c9bd1c6ccf3b91a644722eb2c,3087bfde568528953b1e0d653ba43202542e8d841ffdc7340fe2d24d78dde3c9,9295344,9008093,True,140
BRATS_423,c6aa33a4eb5fe1b7711f343b1e2a6ca62d2332f30c44eeb0890538a510e7721b,7b005366a6b7437720764b7c583a75d5bb3a755a4402899bc2579ea48beeda34,9392071,9108901,True,140
BRATS_424,2cc60d1824fa7066b0d5bc09e59ee2fec49fa17e7a360ba6ad20a14199ae9699,9427131438a9ae7c65fbb48e590e99a71870813d587bdd583c3ec7adc661daa9,9838429,9445790,True,146
BRATS_425,d11c00e5f5ee6b066128e61699bae5e1131671ccaa5ae95fd867b011739125fa,110a8a0b1bb8b91d8dbbbb189e1aead4350b6cf0a0b8dbf2050efca52ab64c24,6123527,5883878,True,144
BRATS_426,9e1398fd9158d433aef3b7dcbb1d4524c131dfa27569f1ba001ad7846dffd1f1,a0666d11de906e070b89f33922e2f4eae2ae153650763460fecd95263c688863,7827208,7464127,True,148
BRATS_427,6181be4cf7bb1b8e4d73066689576ccff7ec010eef0d63fc9c9cbb123cbf868e,67fd083da64e38c286cbe2c277263323544df9a16ab190ea85f114f1cb6af852,7214844,7111843,True,145
BRATS_428,878772f7843d0ee24dc4d387226d52b7a4c0ecc9523f2df6e8cae241d353b220,e3891d8b856e5ae6c81d6ba1695bf32819842fcdb7e65dbb7bda63c861fab912,6921519,6549277,True,145
BRATS_429,07c869e6b2b3b45c9a1c2bb4a98d9607dc83c9a8abe2b018794088fc21971da1,86902f7b37f7e4e83b20e0db40560a6cc40681c9f5aa3bc32f43cc2cc0ae80b1,7601597,7402235,True,144
BRATS_430,2c59dea1c91b6edb6ed1d2de53e023a0c4c85cd37d0e1e60f0d87a4b46d3117c,9a48e5d94e7b474be2693e02d65b9b6c724f2bfe92e568c30dae4029c29c3ce4,8627937,8377022,True,147
BRATS_431,ec8f574672ff0767e7b5fcf5b24471919a07575f9a304c924d2e33c6a4a4420a,de58bda9814d5deff68f230ae5f1ec14e9ac52ddb14dff796ad8e7367ac831d2,9729512,9457865,True,144
BRATS_432,a7184e7668243262ad638c3b1901664ea946ef5879a1470512637e0306425897,6ca74dfd531529804ad26182795a14dce4ae9bb0839fba0d98f529eb3f6f6fac,7470841,7213537,True,148
BRATS_433,b00ab08382984bbde0dabce5edfb70dd8356a2e8c00036c2087e2b7861bed138,e29b41cf7804565d0c95f030dc23ddde44997d741e19f6e25cf816b4c854774d,4545683,4474138,True,146
BRATS_434,4c1baf638116eae789c5c1f6d2ee86c6ee32d5723e7ccf48a19f0f89a476736f,58f74594a00e64c009499a8763bc7908037e0ec9d498a30f4c70c496145e6ae0,7573647,7370762,True,146
BRATS_435,60fc9ce6610a6c8284ed9be18bb0466721cfa892ec1d67c1413e44ebdb5f228f,1453c4d87f76338c62bd655471f83ebb6198b5101097b9ed7079e2fb8a5cbb2f,11103689,10811130,True,147
BRATS_436,1829d63106e18375a1732fbed1b1f3f67268484f74453eef41d46b4605fe62e5,6459c7d5d59425f01cc100189d65e1246054ef8904f82c9992b17913d07f6914,8223610,7949544,True,147
BRATS_437,8a2bd3f13d170576ef4ee4f4ba6cc0c7f800533f24eb24798b68b5efdfd0c48c,0645d0395b0d7d6661376cbbbcb34f7f1215ac8dd7c6c46f4735a1934f98cd5f,7941491,7607733,True,144
BRATS_438,18db83a449df72d91a653ad19bcb043b1f5cea3c0f739068267206b769ec40da,5ea4faa29083c19f59043f8e9252ec541be05c6b0d7bea618db26fcfbeabf46d,8069342,7786138,True,145
BRATS_439,0a31bab6ee86c547122983fd96013a9932c451a3a256e1866dbcd050ac883ffb,439bd65ce234ba9fd5122e19e79e8f616f14ddd4ff558a00d7c0442cf9dd5591,8109641,7801788,True,145
BRATS_440,7baecca682cb20ab5b13c07b6f6b0f85deeeed4e8598dcd9ce11bc1cc255613e,e8b09bbb99b43363b9a5d4c5305c4cb6dd86310921f89079ee317a1c38c884f2,9023178,8797669,True,145
BRATS_441,930c390967b2128385209d988d0715f679b9b37d16d7ff59a503ccd86471d860,f9459adad69daf4fdcf277a9ce1ad55936de5445ba345092c7ab8e610597ed98,9099981,8738817,True,146
BRATS_442,3bea9b0f9a980a01a50b7782a162017218b956453bcbd2147dfae42de84911f7,3d97e004ec25d95f98984b2241232dd9fe494cca6e44b4a5b54ab3d8205c6d0c,7703046,7572653,True,148
BRATS_443,ebdb4d7b7969fe8cf23042155a241a1e72fc5e74442b8fb7a116df3c1ebc02f5,456718f874ef52e5eadd83753a0ed9a02c0ac9ffa9c4aa21460a34411fb739d9,7366406,7189762,True,145
BRATS_444,7ab6b9eecdd92ee2fa6f21b5c76b1cf25e79431f349b70e11da439b68d600116,c3df9c29bbb39a5c66867e6b471936fa5c5ee6e0e4e72df357239af4d50d3679,6841921,6735873,True,146
BRATS_445,1be40b778fa566ba6681363238bfbe10d0cb5f1ecd2bf7b495c389fc38161ea7,d1adeefccd5c5230db5fc5cbc72a133e05558408040ffb58450740325bece0e4,7108398,6884406,True,149
BRATS_446,b4141f3bb82a05aa31daced454c0ebb5f4376d283971bbb4ffd14d24d1e7c9f8,fd5f38ecdf2f63a5e8ecc2479e238f49818d0afe8f42ca9a9e19c593d72fea1b,8070236,7875113,True,145
BRATS_447,bcf52500861b27805f9f8a0ebf59ad4e4a5542ca5068b980ffa41ebc0d39ff65,f6a8516fd3ce218d7798685de84624e14c8b26cf1ae9555bfe4914697f8882f5,6488109,6376857,True,145
BRATS_448,9bc2ed5f0f35424875cdd9d51e830ea46859c16597b8e9a65e76ac40a91e37c8,ff614aaa81373e4500239a9ef7c1b641f079190a59eb5a022a8bbbded70a2c31,8921231,8640374,True,148
BRATS_449,29803c7afe36d8160e68177a95aef421e2d311e64d607207eb12b4a979376840,345e715d5e2886b4db2d47222590cf52a542405523ac924ee9c4f800b1b6e7b1,5840934,5630701,True,147
BRATS_450,d2a22d9bf5c7504f879063090f486e93475ba425379c421e0323ce4ddb6e12a5,80862cec483fe2dfd801688aee3d93dd0a2e62178f9acc659a9ec15637bf6485,6396780,6165855,True,146
BRATS_451,ebd2922d7ac7c4d7b220851d169fc8979dc411865b3298854ae4095aaebc9078,c81ac49c932b62cc86fee0e02695c3eadc54ff290eabe1d93adae23dc28faa4e,6604820,6294264,True,147
BRATS_452,e2df74d2cef6fda4b66bbf0abbe0b1649c6565d2df17720a9ffa3f3d3ab2b08e,21c41b5d5e58b6e93e60448e34274d17d09432d985f3556ccf45d1e0b1e48672,7873801,7470659,True,144
BRATS_453,4baf465c1060c2971b26c63c58bda6f17eabb541d067305553ebdeaa9a706c83,3db997507902d0f353244fbbb0395e776384eacd06951be29587b3600fa770e4,9716416,9493684,True,152
BRATS_454,1f14d2413cfd4ee714355712ca1047e2e7e0c88559a06cfa44fb8ed78d7af583,cafb06993ab643e8c6fbc1112d0c23624448ec695f9540631f6004007d00f8fc,11070977,10861461,True,146
BRATS_455,07ec7a13504bd24b293c00fc0f18fe6c84f883e1d5edccded8877fa64e7366a9,ac0df345b4dacfca57dbea0f1bd8fd7de842e40d217bf769ba928a025f082fe4,7695768,7320533,True,146
BRATS_456,70d14cb82c4993563d26f159d3dcb14af93223b818c4c66dfdadffc5fc28a6ab,d8e11aba8ad75595b8fe48497a8a3d802954ebae46f400c8d89262aa6ac1dce2,7430126,7292553,True,148
BRATS_457,bcc26a25b30b4bd72f4fa0fda6d56baae5e1585f0afb996bd9c8eff3400a8ff1,0ec032f04226cc37b6485915c1952fc57d94c1efeef6613e0c7d04cb98028370,8346552,8034992,True,149
BRATS_458,d08fdd9cfb36a9878ecb455baa79a336b59583a64742813cb36acb1bbc5c0289,60dddd11ed93c356c3040005a52e39664f3ab5559d5ceb6ee2aecef4603e96f8,8802275,8488649,True,148
BRATS_459,038b6bcace4a62da1764197679059ccb181a5c75eabab730ebafd9f3bc0a8f82,0c57fe043bfc2d065377bba10702a990688fe2ed820df68551a36447b04789e9,6941932,6871274,True,148
BRATS_460,268bba12d9446aa13d71427e17e8bf3482d43df928dc1bd6ee8b7e402ab50dfd,cfa9ca396c01d4a9c9bda40d05a9301e809fd138ae1e6474fb589219036aefb5,10121567,9811030,True,154
BRATS_461,d07ad08df1ad910f2c43265786616a4621306913919f073e3e7d5e405d25344c,05820faefc0898722f14f7d3c8726fa99fb48a4d4051143bc0177d5134cbd486,7348909,7132901,True,149
BRATS_462,8525be16e83f5a08c4c2a2f2abd1fa2a95f85c393da7e00a651fb1ff78ee4ffd,22a6f704eecafc664b2f1aa8f17ed9782c7ebae49fc3b3a692f6f33367527462,6851525,6712766,True,144
BRATS_463,74fdc8a698ef5ae7b78f2d8d3f08d52a391a0f4d0a6b11bdf1fad651ef45c321,6024f8f4282fae81f763dca20fd6b5c545ee7eead869302c7c00154b7049ae50,6940640,6788907,True,142
BRATS_464,a7f74245e593c1331b21922f8e6ff2ad5e62dddb14443b67b0b1afc59a516e64,1bfd0bfdc61a3ef3e4430df8c4c6e80f0ec101c90fc3468c7828a9d802538761,6914303,6685593,True,151
BRATS_465,681020567d7175edfb722fabf2127cd66b5151024c8038d9837d93391b94bc1a,f6643012157612459d07fc737808434153cfd36ba9de3a723b6968fa4fe4b627,7967920,7678278,True,145
BRATS_466,024669daf5bb68de708a9e854fb26ceb8728df79b12457433598b3eeb3a9396d,fbd852c28551f9512c4da7adf9a9dda2f8083f33807451e6f285b2e39a1899b0,8536925,8285845,True,147
BRATS_467,943f9bf5c6c3c6d4fc52b87a8bcbd0286ded39de4f084c4cf1d34dad1ef34d1e,abac42928963afc02df6a8afc50969521ae2bf9d891fd3ce63d8bc3270277550,7903589,7638481,True,146
BRATS_468,a6ada4a4a9a404d5741264bdcf2a82c3096422dc49b5b7970f2f404e44f7b084,fba4f80aee99ad3856c51f0dbb6e3b115ede6fce5063c143827cf0bf5fb670e4,6256171,6163964,True,146
BRATS_469,461a733d6c818ebb85fa700ec4ce865dc1b70b27b1d3904d4810987c2a0189ef,b1b0bbd86691e9274f3f2055c17b747287661a23120e388586b4029d96c0c77e,8786232,8516256,True,147
BRATS_470,3546e399983e31fd6bb16a23bbf122e26e2968254114413e50664c73eb5c4a1b,ab291cfd3b4f29dd2aac8d2180e39d5dc348c8792595c40b28e94fe1dd123a47,7127685,6962804,True,152
BRATS_471,34931771297ecdc20c1b4139b9b2355b17b5f2d4aaf162311684088dbe91a2ad,6d8c21660c46a497ce330d740fa9b66b6da3a68698113d485f7d67b04559b2df,9222188,8819388,True,150
BRATS_472,790799a91cdc0b452ba658fdf011e4638381c2735e7c7578270049be9fbe6395,f16209fea07b4759d48ea50fdfbbff786da65436dd5acf2c095f778ba538d78b,7903307,7543845,True,146
BRATS_473,099936afc37094ddcd5aa1c58c4d68bdacd6e6994d9bff260f14aad11c3a8d5e,7e811b2cccb9c7cf0ec657f0f75847880916ed177dd569f2dbe29ec76f8703f1,7717659,7471150,True,135
BRATS_474,bea19c806deff10085fbe31ea72a1b76b73a7b1ee03f75e9a14f80a014a8e10d,73b09029e2171ec79b9ae44d2a79568c5dd3869e30134dfe2f0322796eef3e88,8101887,7769674,True,151
BRATS_475,7cdeaaca8053792c5c75b1955577afeda2733c667da645ca0247395ed0d3b191,718ea8cebe0fdf692b8bc1dadf21fcd44b8ab06c0de848a678f5bd6e218df0a5,9897525,9601113,True,138
BRATS_476,a45369851bbf617e4933b459a94dee7f77cd58d00f99c65ff12a1642ebf26eb4,254095f30d67ca38a7697a9b4c6563b32c59f99f9849d4c33bedae8838c8ace0,7193786,6962151,True,144
BRATS_477,2649083a504d0a3c0991ac06a21fdebb90a5173bc43678867d67d95625845842,c3d5058fee48580220760b25e32b319f20ee0fdaccb5d8bc6ef2bf3cd7653f50,8378703,7970818,True,150
BRATS_478,094ed853faccb48d2430ec2f17f5dca1729f24b3ac277764ace0b5d123f5c02f,76b5126ae05e881acaebd45a331419de2247fb754d9586c68bc86c033c62db59,6411921,6160631,True,146
BRATS_479,9ad4cc99be551603b777e444bd0b3918e638985ba7814cdd4b8e8ce345b263aa,d9893cb3f223ae638ff8d4687f273891c1598c1c2f98a858ff85860a1a576ed1,10993788,10782052,True,145
BRATS_480,bb8dfa95f51e9592c188e87c7f5703b5ef8a6daa7aac143303413afc5f720338,21c77d90f3eb16efa61941f69198fff98dafa9316f9c8854cd14bad11345817f,9045389,8669450,True,154
BRATS_481,0902b7a2eb76e233312518f2a7f549f1da8f95dffb8c9dd935d88386e06c14fd,9cfbd78322b01520ea43a4f14324d6da61c0b8d1662205352aa52ef043c7b5de,9306467,9020250,True,148
BRATS_482,1c10c14476c64ac953d3e69b1aec7187764b1e8d4c640743b10af477220318f7,c6423bd82caa35b772b91bac53755d67e28c5c488faadf5bc379e362114cf141,9779862,9456096,True,152
BRATS_483,8dfb9c8aef9146df3d3e5f9d0cf146b8f0cdbb5a61fe4e2b2b8e4a00605b0fbf,abe69b99630c7a62a062a03c7b74b3f0b0dce8cb4cf884f092d7e2f75fdd67a3,8459320,8120849,True,148
BRATS_484,04d0938f985174a52c69e66dfdb43f2032705eb072ec22cd5611ca3592a3bce7,76c1fbdc440cccc837fa7c1f97ed6bca4b7e8dac885a722ba2f33d06d3d6ace2,9643678,9284534,True,148
