model,seed,fold,best_epoch,completed,config_hash,fit_and_validation_seconds,inner_selection_score,locked_test_opened,name,outer_case_macro_dice,outer_evaluation_seconds,outer_macro_dice,outer_n_cases,outer_n_groups,parameters,peak_gpu_gb,phase,robustness_macro_dice,robustness_n_cases,scope,subset_evaluation_seconds,wall_seconds,epochs_run,validation_checks,selected_epoch_one_based,termination_reason,best_at_last_validation,last_selection_score,last_minus_best_selection_score,last_three_validation_gain,trailing_nonimproving_validation_checks,scheduled_optimizer_step_opportunities,central_training_windows_seen,convergence_interpretation
qmmf,42,0,79,True,b7170daf998ad759,4183.133015164,0.6928539444847774,False,qmmf,0.8121615210363011,251.34471692399984,0.80206441209393,91,55,1221465,1.3471002578735352,study,0.6457954670912915,16,development_fold0,670.7600011699997,5105.237733954001,120,12,80,epoch_budget_reached,False,0.680571363007453,-0.012282581477324417,0.013635390446740114,4,6000,48000,descriptive learning-curve diagnostics; no automatic convergence claim
hemis,42,0,109,True,2dc2ade8cf028971,3940.5469497210006,0.5662742441334014,False,hemis,0.7054065609645249,231.9255103309997,0.7042339852034635,91,55,881395,0.7460660934448242,study,0.544685083462949,16,development_fold0,540.0210009439998,4712.493461666,120,12,110,epoch_budget_reached,False,0.5657946571435597,-0.0004795869898417404,0.0013738460319367984,1,6000,48000,descriptive learning-curve diagnostics; no automatic convergence claim
unet25d,42,0,119,True,07b7569199bbdbbd,3778.152840494,0.6389286772544871,False,unet25d,0.790465282207669,202.717951351,0.7759985883712738,91,55,884299,0.42070960998535156,study,0.6008130223120958,16,development_fold0,541.1810362079996,4522.051829422,120,12,120,epoch_budget_reached,True,0.6389286772544871,0.0,0.0031770634286359956,0,6000,48000,descriptive learning-curve diagnostics; no automatic convergence claim
no_quality,42,0,109,True,4b91954fd0d19d55,4142.368304675,0.6844564011141792,False,no_quality,0.8232500007390364,266.05080433200055,0.8153146598504711,91,55,1220569,1.3470778465270996,study,0.6594289732113932,16,development_fold0,694.2748017469985,5102.693911338,120,12,110,epoch_budget_reached,False,0.6833566171347383,-0.0010997839794408826,0.009332578908960443,1,6000,48000,descriptive learning-curve diagnostics; no automatic convergence claim
no_variance,42,0,79,True,00bc012d994982ad,4093.407799759001,0.6865147808177412,False,no_variance,0.8163617342504463,254.64171921999878,0.8061482851033789,91,55,1183769,1.0879497528076172,study,0.6436810439922781,16,development_fold0,657.0647673830008,5005.114287228002,120,12,80,epoch_budget_reached,False,0.6818394661316631,-0.004675314686078069,0.00920898682845428,4,6000,48000,descriptive learning-curve diagnostics; no automatic convergence claim
no_max,42,0,79,True,dcf1e4858f16c341,4125.047033155999,0.67980568637015,False,no_max,0.8135797677615851,250.73557679900114,0.8042821115475347,91,55,1183769,1.2834415435791016,study,0.6473972865295778,16,development_fold0,661.6817188409987,5037.464329741,120,12,80,epoch_budget_reached,False,0.6787906118233039,-0.0010150745468461286,0.020349764479571264,4,6000,48000,descriptive learning-curve diagnostics; no automatic convergence claim
no_consistency,42,0,79,True,4e96adc64e482cc7,4155.907026007,0.6850100204341416,False,no_consistency,0.8102378115710084,271.00834132199816,0.7999287479257297,91,55,1221465,1.3316020965576172,study,0.6423069410038662,16,development_fold0,694.877375385,5121.792743512,120,12,80,epoch_budget_reached,False,0.6775752380369083,-0.007434782397233275,0.009216235205843248,4,6000,48000,descriptive learning-curve diagnostics; no automatic convergence claim
shuffled_quality,42,0,79,True,9016960ba082a6df,4169.090268730999,0.6849365481722377,False,shuffled_quality,0.8132850281124895,261.06397162800204,0.8037576215249475,91,55,1221465,1.3471002578735352,study,0.6411062006364401,16,development_fold0,690.6468344999994,5120.801076058999,120,12,80,epoch_budget_reached,False,0.6809187121169995,-0.0040178360552382,0.01257084193938851,4,6000,48000,descriptive learning-curve diagnostics; no automatic convergence claim
matched_moment_fusion,42,0,109,True,22e2134ab529495d,3568.0416883630023,0.6851633548258589,False,matched_moment_fusion,0.8220034753929746,230.23407919099918,0.8125440004965008,91,55,1227977,1.18800687789917,study,0.6562380859191688,16,development_fold0,607.0433621499978,4405.319130454001,120,12,110,epoch_budget_reached,False,0.6839925605357501,-0.0011707942901088009,0.011290587821744524,1,6000,48000,descriptive learning-curve diagnostics; no automatic convergence claim
qmmf,43,0,89,True,cb29d3e9b9f63fe2,4202.14910621,0.6921119342294436,False,qmmf,0.8174914534054107,252.96076808199996,0.8072069515045457,91,55,1221465,1.3471002578735352,study,0.6456467184105921,16,development_fold0,682.3212998070003,5137.431174687,120,12,90,epoch_budget_reached,False,0.6854125513334032,-0.00669938289604044,0.028330579560616687,3,6000,48000,descriptive learning-curve diagnostics; no automatic convergence claim
hemis,43,0,79,True,ff43e19d147d9e9b,3926.3644191799995,0.59099826783767,False,hemis,0.7182384652670988,225.5616108260001,0.7140561379424143,91,55,881395,0.7460660934448242,study,0.5390147497254447,16,development_fold0,529.1567774770001,4681.082808296,120,12,80,epoch_budget_reached,False,0.5726549062995664,-0.018343361538103564,0.019711812970061637,4,6000,48000,descriptive learning-curve diagnostics; no automatic convergence claim
unet25d,43,0,89,True,2c05c3d0bc0c4aec,3756.0791618910007,0.6717411154277093,False,unet25d,0.8080419003717799,198.2827286289994,0.7970498367930607,91,55,884299,0.42070960998535156,study,0.6193598372307374,16,development_fold0,541.9923082580008,4496.354199343001,120,12,90,epoch_budget_reached,False,0.6558392319159524,-0.01590188351175692,0.006021820761474506,3,6000,48000,descriptive learning-curve diagnostics; no automatic convergence claim
no_quality,43,0,89,True,1553e3a0d78499c0,4153.545546045,0.6867000873281399,False,no_quality,0.8185083420761192,263.0877884799993,0.809492975199472,91,55,1220569,1.3470778465270996,study,0.6457318654071548,16,development_fold0,699.3087489610007,5115.942084178,120,12,90,epoch_budget_reached,False,0.6843263350952894,-0.0023737522328505234,0.01592002857807251,3,6000,48000,descriptive learning-curve diagnostics; no automatic convergence claim
no_variance,43,0,89,True,9d38325c0ad3ed5d,4054.6231823649996,0.6805017453316884,False,no_variance,0.8174460711184423,247.41067568000108,0.8082529248213706,91,55,1183769,1.0879497528076172,study,0.6533681151836636,16,development_fold0,656.671534563,4958.705393271999,120,12,90,epoch_budget_reached,False,0.6780065950783648,-0.002495150253323586,0.01892025891932081,3,6000,48000,descriptive learning-curve diagnostics; no automatic convergence claim
no_max,43,0,89,True,80542889b92a9629,4146.034989242,0.6759638037150248,False,no_max,0.8146447966060261,252.02746317700075,0.8051711291427236,91,55,1183769,1.2834415435791016,study,0.6493178775799047,16,development_fold0,663.7389687760005,5061.801422012,120,12,90,epoch_budget_reached,False,0.6714970952128654,-0.004466708502159467,0.01206089515481712,3,6000,48000,descriptive learning-curve diagnostics; no automatic convergence claim
no_consistency,43,0,89,True,3e63841692d9d3af,4169.352042913002,0.6894068868164278,False,no_consistency,0.8163790231814838,268.70847703099935,0.8066879416837299,91,55,1221465,1.3316020965576172,study,0.6401206276756286,16,development_fold0,703.0874247089996,5141.1479452190015,120,12,90,epoch_budget_reached,False,0.680065020676769,-0.009341866139658817,0.024917695968511344,3,6000,48000,descriptive learning-curve diagnostics; no automatic convergence claim
shuffled_quality,43,0,109,True,18facbcdee7a5227,4210.853928495999,0.6835741824274564,False,shuffled_quality,0.8150088003949153,264.23637073400096,0.8052899288139882,91,55,1221465,1.3471002578735352,study,0.6523831313072914,16,development_fold0,705.8129404030005,5180.903240521999,120,12,110,epoch_budget_reached,False,0.6824978954360633,-0.0010762869913930606,0.027018868163145693,1,6000,48000,descriptive learning-curve diagnostics; no automatic convergence claim
matched_moment_fusion,43,0,119,True,0882a9d45a88eec7,3678.161966841999,0.6741430577536583,False,matched_moment_fusion,0.8195362353280772,230.11959144900175,0.8104789461416886,91,55,1227977,1.18800687789917,study,0.6559777687946978,16,development_fold0,607.7762612920014,4516.057820118,120,12,120,epoch_budget_reached,True,0.6741430577536583,0.0,0.013283660429291633,0,6000,48000,descriptive learning-curve diagnostics; no automatic convergence claim
qmmf,44,0,109,True,f2728147d4ddf8a5,4195.39497856,0.6759522166052844,False,qmmf,0.815811526147422,252.54665603800004,0.8063663311861036,91,55,1221465,1.3471002578735352,study,0.6560086480893982,16,development_fold0,682.8892946960004,5130.830929975,120,12,110,epoch_budget_reached,False,0.6754034105307453,-0.0005488060745391099,0.0029519401237414478,1,6000,48000,descriptive learning-curve diagnostics; no automatic convergence claim
hemis,44,0,99,True,3c2a7f0654e96984,3942.943315304,0.5862149797582362,False,hemis,0.7072179694416806,228.39138833000015,0.7032851745252239,91,55,881395,0.7460660934448242,study,0.5371746444800676,16,development_fold0,539.469430393,4710.804134804,120,12,100,epoch_budget_reached,False,0.5787358049845662,-0.007479174773669994,-0.007479174773669994,2,6000,48000,descriptive learning-curve diagnostics; no automatic convergence claim
unet25d,44,0,109,True,15282c65472966c2,3758.3145062959993,0.6467104771857355,False,unet25d,0.7981772067456255,201.07471307300148,0.7864360129949144,91,55,884299,0.42070960998535156,study,0.6120127537679796,16,development_fold0,544.4288249759993,4503.818045100999,120,12,110,epoch_budget_reached,False,0.6466786230721695,-3.1854113565987774e-05,0.004184752532900293,1,6000,48000,descriptive learning-curve diagnostics; no automatic convergence claim
no_quality,44,0,119,True,436876433472efe2,4149.209422549,0.6778992150686571,False,no_quality,0.8193060577272862,262.5358934069991,0.8070471999415566,91,55,1220569,1.3470778465270996,study,0.6600807235895361,16,development_fold0,698.0176291600001,5109.762945884999,120,12,120,epoch_budget_reached,True,0.6778992150686571,0.0,0.005718659190117048,0,6000,48000,descriptive learning-curve diagnostics; no automatic convergence claim
no_variance,44,0,109,True,ac0b211fb244407d,4130.8999067839995,0.6706380954006859,False,no_variance,0.8167169830332525,253.06613724700037,0.8075280999656617,91,55,1183769,1.0879497528076172,study,0.6566767598307393,16,development_fold0,665.2131010190005,5049.179145795,120,12,110,epoch_budget_reached,False,0.6690757357162225,-0.001562359684463388,0.00031408763846019205,1,6000,48000,descriptive learning-curve diagnostics; no automatic convergence claim
no_max,44,0,109,True,fc0447f232bb10e0,4190.225808101,0.686976861134454,False,no_max,0.8175497358659038,250.985467212,0.8103025621384645,91,55,1183769,1.2834415435791016,study,0.661652915264313,16,development_fold0,667.5838776069995,5108.795153669,120,12,110,epoch_budget_reached,False,0.683951337970683,-0.0030255231637710267,0.0031551428335793164,1,6000,48000,descriptive learning-curve diagnostics; no automatic convergence claim
no_consistency,44,0,109,True,04ac5758d6c6658e,4215.478340646001,0.6760914380226698,False,no_consistency,0.8155973464057281,272.4456466449992,0.8064312967141106,91,55,1221465,1.3316020965576172,study,0.6499811361015002,16,development_fold0,708.4516311449988,5196.375619376002,120,12,110,epoch_budget_reached,False,0.6760500904664538,-4.134755621598707e-05,0.002332221010181268,1,6000,48000,descriptive learning-curve diagnostics; no automatic convergence claim
shuffled_quality,44,0,69,True,c6f7dd08d4cb0c59,4235.9925644959985,0.6860728010910425,False,shuffled_quality,0.8158706664426196,263.9865852469993,0.8041618150560147,91,55,1221465,1.3471002578735352,study,0.6430744022454813,16,development_fold0,702.6083456040033,5202.587496231998,120,12,70,epoch_budget_reached,False,0.6769876582243284,-0.009085142866714135,0.0007495676775586269,5,6000,48000,descriptive learning-curve diagnostics; no automatic convergence claim
matched_moment_fusion,44,0,119,True,0dd9269877ba4835,3624.324873841,0.6723045345982138,False,matched_moment_fusion,0.8155034111432542,224.49747060400114,0.8062468395046009,91,55,1227977,1.18800687789917,study,0.6522002266315228,16,development_fold0,592.5534839579996,4441.375828955999,120,12,120,epoch_budget_reached,True,0.6723045345982138,0.0,0.00106686722781002,0,6000,48000,descriptive learning-curve diagnostics; no automatic convergence claim
