case_id,t1,t1ce,t2,flair,efficiency_gap,full_value,model,seed
BRATS_023,0.09969463172449793,0.16600056325783383,0.14081937028242575,0.2014640989004963,0.0,0.6079786641652538,qmmf,43
BRATS_027,0.13225399196237253,0.06959929728708973,0.3171785752736097,0.31506458147406924,-1.1102230246251565e-16,0.8340964459971413,qmmf,43
BRATS_034,0.11291134254944694,0.15242105018987576,0.20954602538175887,0.16191617637516637,0.0,0.636794594496248,qmmf,43
BRATS_059,0.15637974626738177,0.3135976734024897,0.19920126783995304,0.2106123008282214,1.1102230246251565e-16,0.8797909883380458,qmmf,43
BRATS_062,0.05034376750646992,0.27940052833606344,0.1808691459444094,0.218472835781574,0.0,0.7290862775685167,qmmf,43
BRATS_066,0.13896785192272837,0.3730563670742329,0.09084009099613892,0.1164209029916489,0.0,0.7192852129847491,qmmf,43
BRATS_076,0.13629274797649976,0.2608394196314071,0.17029753066929537,0.16212007539676532,0.0,0.7295497736739676,qmmf,43
BRATS_092,0.14455132296685194,0.1606663902863939,0.14596789612334718,0.10862285188452186,1.1102230246251565e-16,0.5598084612611148,qmmf,43
BRATS_097,0.11095367189007717,0.37365936376526965,0.20990873876303978,0.20199859674699344,1.1102230246251565e-16,0.89652037116538,qmmf,43
BRATS_116,0.13517086716225524,0.20288758416039643,0.155203307252332,0.17200570084533154,0.0,0.6652674594203152,qmmf,43
BRATS_119,0.0697178642649778,0.23724383033337995,0.19880156687176304,0.2006246467484553,0.0,0.7063879082185761,qmmf,43
BRATS_135,0.11207514873412357,0.266656831701671,0.17772020949338374,0.15347698916494468,1.1102230246251565e-16,0.7099291790941229,qmmf,43
BRATS_143,0.16482513792829295,0.24888069832999574,0.18778170329307636,0.13929102943631871,0.0,0.7407785689876838,qmmf,43
BRATS_144,0.013191370662879995,0.3031458612388874,0.18919013632568868,0.23869000313174596,0.0,0.7442173713592021,qmmf,43
BRATS_160,0.05461300911875783,0.33916598639388806,0.090979915282709,0.2545131980231402,0.0,0.7392721088184951,qmmf,43
BRATS_163,0.17420040560520972,0.2573876385808441,0.2384725120502174,0.14511896399037327,0.0,0.8151795202266445,qmmf,43
BRATS_170,0.0971939878958301,0.13542540590363122,0.16474957922495226,0.12743803196374126,0.0,0.5248070049881548,qmmf,43
BRATS_190,0.08794679324779917,0.2873649802730587,0.22874771965065166,0.2323520057889003,-1.1102230246251565e-16,0.8364114989604099,qmmf,43
BRATS_194,0.08614824880176827,0.22397747790641168,0.17574666991087196,0.1529527857254197,0.0,0.6388251823444716,qmmf,43
BRATS_197,0.07152292215021244,0.29143003062958645,0.12238976178961379,0.13733939716082338,0.0,0.622682111730236,qmmf,43
BRATS_228,0.1625521602340958,0.34662529286273974,0.1617498358999713,0.17795787697955065,-1.1102230246251565e-16,0.8488851659763575,qmmf,43
BRATS_234,0.14113081714859138,0.40408461310717736,0.1761510186529943,0.22162107947386092,-1.1102230246251565e-16,0.942987528382624,qmmf,43
BRATS_259,0.07232057774272811,0.06445810313873027,0.12597720720713285,0.1375851254115651,0.0,0.40034101350015633,qmmf,43
BRATS_268,0.11464824307038318,0.17672365673086812,0.13716561254322704,0.1409817037868309,-1.1102230246251565e-16,0.5695192161313093,qmmf,43
BRATS_273,0.04988804789492428,0.33935775982539024,0.25566653081385365,0.20532451345034652,0.0,0.8502368519845147,qmmf,43
BRATS_278,0.031291454436967625,0.40468745770878634,0.06984869205733188,0.30849023788756363,0.0,0.8143178420906495,qmmf,43
BRATS_285,0.17959431714647575,0.24933008954660785,0.2240640388237946,0.15956855485815113,-1.1102230246251565e-16,0.8125570003750294,qmmf,43
BRATS_298,0.10567073961877828,0.3698103679551953,0.11086256227773639,0.2056170332439973,-1.1102230246251565e-16,0.7919607030957073,qmmf,43
BRATS_302,0.0063196796774329725,0.41306603145995713,0.143612062091288,0.11306588644190513,0.0,0.6760636596705832,qmmf,43
BRATS_304,0.055676392661010106,0.4321676414692742,0.14473926234091583,0.19259106273363122,0.0,0.8251743592048314,qmmf,43
BRATS_306,0.11776016501419168,0.2857935605660882,0.1635939308446189,0.2792215897322752,0.0,0.8463692461571739,qmmf,43
BRATS_307,0.10049787025908656,0.267581400921076,0.18715635096705358,0.24838449044951885,0.0,0.803620112596735,qmmf,43
BRATS_318,0.10787660448016453,0.3601184843120274,0.16448489900353727,0.21764402892280243,0.0,0.8501240167185317,qmmf,43
BRATS_322,0.08614603639289724,0.16778340698571556,0.07315318152023642,0.29502946231162597,0.0,0.6221120872104752,qmmf,43
BRATS_325,0.13058692415910014,0.31399277642128176,0.18652160872778004,0.2323889345130436,0.0,0.8634902438212055,qmmf,43
BRATS_326,0.06055474176429262,0.3211918762251691,0.09191545137094395,0.3169568697821663,0.0,0.790618939142572,qmmf,43
BRATS_327,0.1178343213516712,0.428200255522695,0.17074661421167792,0.19224488499353387,0.0,0.909026076079578,qmmf,43
BRATS_336,0.1390499337875105,0.38547961952483845,0.14144853953179973,0.20728258812902348,-1.1102230246251565e-16,0.8732606809731722,qmmf,43
BRATS_342,-0.01813467162230059,0.153943005422222,0.21926301468200243,0.348461438547893,1.1102230246251565e-16,0.7035327870298168,qmmf,43
BRATS_348,0.162325954047529,0.32488464992965604,0.1758081066387937,0.21958362479634516,0.0,0.8826023354123239,qmmf,43
BRATS_354,0.1460504784736041,0.34111138132049773,0.1939055619327024,0.20155163960007572,0.0,0.88261906132688,qmmf,43
BRATS_358,0.13910622929819016,0.2615776584239561,0.15040374127924425,0.17584983411783828,1.1102230246251565e-16,0.7269374631192287,qmmf,43
BRATS_360,0.1282494550916451,0.3644317640541933,0.15644878401425202,0.1871307920417661,1.1102230246251565e-16,0.8362607952018565,qmmf,43
BRATS_374,0.07766964323495244,0.36042361714971693,0.1712509200958606,0.2151835090709272,0.0,0.8245276895514572,qmmf,43
BRATS_384,0.1199347313164665,0.38638216781628354,0.18255971176899533,0.18878665410569082,0.0,0.8776632650074362,qmmf,43
BRATS_391,0.11901824622626611,0.3429082532227433,0.20449946761008253,0.23471336402125736,-1.1102230246251565e-16,0.9011393310803494,qmmf,43
BRATS_393,0.12345476826872366,0.35362701020110654,0.1920262377484658,0.22854430529814873,-1.1102230246251565e-16,0.8976523215164448,qmmf,43
BRATS_396,0.1118755240714779,0.34754204039457215,0.22560036248170098,0.20891010995898276,0.0,0.8939280369067338,qmmf,43
BRATS_403,0.12680161332480622,0.3157286626468675,0.17664938766633806,0.19556646387832397,-1.1102230246251565e-16,0.8147461275163358,qmmf,43
BRATS_414,0.13413763380170704,0.26597495287126666,0.21481796371822626,0.20634835105668,0.0,0.82127890144788,qmmf,43
BRATS_475,0.12699927087918744,0.3004988135628709,0.2417277858208152,0.2116855867842694,0.0,0.8809114570471429,qmmf,43
BRATS_023,0.11400369342375502,0.12449100437175471,0.1442863939004128,0.2130551734954532,0.0,0.5958362651913758,no_quality,43
BRATS_027,0.13711393374790107,0.08584497754792705,0.2785186762519499,0.32868868477813695,0.0,0.830166272325915,no_quality,43
BRATS_034,0.11694935187212117,0.1608673988376911,0.19628565558406308,0.17818428244541812,0.0,0.6522866887392935,no_quality,43
BRATS_059,0.11815268690633322,0.3481270084619692,0.20028696818678207,0.23254157148887467,1.1102230246251565e-16,0.8991082350439591,no_quality,43
BRATS_062,0.05906880005210272,0.27744250147109756,0.19581724122135105,0.20562168628321847,0.0,0.7379502290277699,no_quality,43
BRATS_066,0.14515397445749056,0.36369329344144363,0.10444711796779435,0.14504415813928978,0.0,0.7583385440060183,no_quality,43
BRATS_076,0.14826958303786555,0.23777721210484318,0.17489207107634444,0.17266766808606607,0.0,0.7336065343051192,no_quality,43
BRATS_092,0.14841640713175236,0.18333758510057893,0.15518609896552568,0.1455299802079867,0.0,0.6324700714058437,no_quality,43
BRATS_097,0.10027960693090879,0.37392948837241546,0.2161979136720241,0.21060204138139144,1.1102230246251565e-16,0.9010090503567397,no_quality,43
BRATS_116,0.1340462155522955,0.18809590995578718,0.16663700667040238,0.19547128453304866,0.0,0.6842504167115337,no_quality,43
BRATS_119,0.08703707668293822,0.2414832874705152,0.1993781259469679,0.19717173899370327,0.0,0.7250702290941247,no_quality,43
BRATS_135,0.1140651350823441,0.25940623939381824,0.1735250198911659,0.16189892929348598,0.0,0.7088953236608142,no_quality,43
BRATS_143,0.16329466375262688,0.23988213323579494,0.18461222782464842,0.17214040238725065,0.0,0.7599294272003209,no_quality,43
BRATS_144,0.004666063934126389,0.2859584401080192,0.18468781635171108,0.23328609548998225,0.0,0.7085984158838389,no_quality,43
BRATS_160,0.07918909074598514,0.32992138736777277,0.11489185751299938,0.24865915473787986,0.0,0.7726614903646372,no_quality,43
BRATS_163,0.18916225161670835,0.22680052281604363,0.22479840347334346,0.16680760184424373,0.0,0.8075687797503391,no_quality,43
BRATS_170,0.10921643006563478,0.11652835246425498,0.17173139713184662,0.12544835713349498,0.0,0.5229245367952313,no_quality,43
BRATS_190,0.07662363289803066,0.2960969357775707,0.23953991243156503,0.23729281395210353,1.1102230246251565e-16,0.8495532950592698,no_quality,43
BRATS_194,0.09955125635705833,0.20813496389294162,0.16968142808759484,0.14878137336006825,0.0,0.6261490216976631,no_quality,43
BRATS_197,0.07909061466897517,0.2854563968514666,0.15097502215124972,0.17480865654794234,0.0,0.6903306902196339,no_quality,43
BRATS_228,0.16578051960357243,0.3447985606420197,0.17356952620784294,0.18405603650308108,0.0,0.8682046429565161,no_quality,43
BRATS_234,0.11276846166971405,0.39580333044125865,0.19095664372497737,0.2465406345399914,0.0,0.9460690703759415,no_quality,43
BRATS_259,0.07351537470434728,0.05662244500582352,0.13365243884482603,0.13539487270337755,5.551115123125783e-17,0.39918513125837435,no_quality,43
BRATS_268,0.11332474667843791,0.16972652270404076,0.13718343193468122,0.1421967377591639,0.0,0.5624314390763238,no_quality,43
BRATS_273,0.06028846722154663,0.3422054713018302,0.23954453618021948,0.2130898825594327,0.0,0.855128357263029,no_quality,43
BRATS_278,0.04511364462742232,0.37394696361310314,0.041291648515326296,0.28690564376198924,0.0,0.747257900517841,no_quality,43
BRATS_285,0.18705451349104787,0.2573054556614589,0.21367652870743445,0.16646710586082725,0.0,0.8245036037207685,no_quality,43
BRATS_298,0.10980316577332169,0.3929846296938524,0.12846558682533105,0.1937854508619442,1.1102230246251565e-16,0.8250388331544493,no_quality,43
BRATS_302,0.03537355294607284,0.3647190443373093,0.16004083741957054,0.12381908650272301,-1.1102230246251565e-16,0.6839525212056757,no_quality,43
BRATS_304,0.07157396461681635,0.36277460916719617,0.1774558081206025,0.2231961737480341,-1.1102230246251565e-16,0.8350005556526492,no_quality,43
BRATS_306,0.12583332812570686,0.29614091234036344,0.14447110162903415,0.2814191168953639,0.0,0.8478644589904684,no_quality,43
BRATS_307,0.08689416706461978,0.24103356467311834,0.22603212695841332,0.2427647564624769,0.0,0.7967246151586284,no_quality,43
BRATS_318,0.12458975450630703,0.34293639955315947,0.17003632683755104,0.21298428188299395,0.0,0.8505467627800115,no_quality,43
BRATS_322,0.10818640940878574,0.18414045853509484,0.07778397714944252,0.2667909782729141,-1.1102230246251565e-16,0.6369018233662372,no_quality,43
BRATS_325,0.12802050752260205,0.3145567578898479,0.18312469317563967,0.24002746260222196,0.0,0.8657294211903116,no_quality,43
BRATS_326,0.08918804264485253,0.30678944780686374,0.12728841900120594,0.2911321106892427,0.0,0.8143980201421649,no_quality,43
BRATS_327,0.12379376156520305,0.3954395594426897,0.19503042510606694,0.1983484403439918,0.0,0.9126121864579515,no_quality,43
BRATS_336,0.13699332983392065,0.3819599774633339,0.1540705282424184,0.21519138763158993,0.0,0.8882152231712629,no_quality,43
BRATS_342,0.006379378639069684,0.14742791331071947,0.2301393608284557,0.28061008215938876,0.0,0.6645567349376337,no_quality,43
BRATS_348,0.17715854452981275,0.3261576729537989,0.1597779780320592,0.2272733034980582,0.0,0.890367499013729,no_quality,43
BRATS_354,0.1534667434138175,0.34310663980067346,0.19103087918820894,0.2014379169560448,0.0,0.8890421793587446,no_quality,43
BRATS_358,0.13141745578115838,0.27651119583422323,0.16300237803381748,0.17716157144336794,0.0,0.748092601092567,no_quality,43
BRATS_360,0.12429995547183566,0.30808605956249924,0.19409546339886963,0.2057482252749536,-1.1102230246251565e-16,0.8322297037081582,no_quality,43
BRATS_374,0.0803345892974876,0.3207606566696007,0.20582202746439487,0.22808064530610778,-1.1102230246251565e-16,0.834997918737591,no_quality,43
BRATS_384,0.14819736313333057,0.3644715114911347,0.17971960914369384,0.18441429226406506,-1.1102230246251565e-16,0.8768027760322242,no_quality,43
BRATS_391,0.11480163774706838,0.3413885668485783,0.18894870862326524,0.2559266252529622,1.1102230246251565e-16,0.9010655384718741,no_quality,43
BRATS_393,0.11201896851223214,0.3601699026985885,0.19582248206489414,0.2233999235041071,0.0,0.8914112767798219,no_quality,43
BRATS_396,0.13892806371497912,0.3632979788226045,0.21364503192793496,0.20933335894265198,0.0,0.9252044334081706,no_quality,43
BRATS_403,0.13963378802852552,0.3094184910511103,0.18116142302715416,0.18379759966123,-1.1102230246251565e-16,0.8140113017680201,no_quality,43
BRATS_414,0.11875444902812118,0.2759009090752081,0.23289422968731566,0.2147583611250696,1.1102230246251565e-16,0.8423079489157145,no_quality,43
BRATS_475,0.13192016083225336,0.3771767612341041,0.19187555429728947,0.19869879145065633,0.0,0.8996712678143033,no_quality,43
BRATS_023,0.10276528585571856,0.19571510147114482,0.128480545234681,0.19707357163208863,0.0,0.624034504193633,qmmf,44
BRATS_027,0.15065924663212624,0.08903667591798381,0.2901007949756519,0.30155988462504524,0.0,0.8313566021508072,qmmf,44
BRATS_034,0.12625547081984292,0.1401168310249205,0.18787032780219462,0.1595889199455047,0.0,0.6138315495924628,qmmf,44
BRATS_059,0.14495068595709382,0.32536233830753575,0.1987953042221107,0.2272987601736689,1.1102230246251565e-16,0.8964070886604091,qmmf,44
BRATS_062,0.05742432344973889,0.29718348710326503,0.1437353878962532,0.18100722061586938,0.0,0.6793504190651265,qmmf,44
BRATS_066,0.1317532976496196,0.37887222274672877,0.10763957901873482,0.10247157202816896,0.0,0.7207366714432522,qmmf,44
BRATS_076,0.13738581816026382,0.2410874952012541,0.1745656960327524,0.15764420057452205,0.0,0.7106832099687924,qmmf,44
BRATS_092,0.14858500035158115,0.16645709023050215,0.1134434719148057,0.12734400732455256,-1.1102230246251565e-16,0.5558295698214416,qmmf,44
BRATS_097,0.12212775828292892,0.38976560440706204,0.2056342698539747,0.19788831002347826,0.0,0.915415942567444,qmmf,44
BRATS_116,0.13278596750998586,0.19112581263945536,0.14914578931781633,0.18631433575891246,-1.1102230246251565e-16,0.6593719052261701,qmmf,44
BRATS_119,0.06750709861909739,0.23568597646885558,0.1704392059756383,0.19147070729122542,0.0,0.6651029883548167,qmmf,44
BRATS_135,0.11203645499834745,0.24401032107277087,0.14094267788564066,0.17798375297421398,0.0,0.674973206930973,qmmf,44
BRATS_143,0.15729196588338176,0.2814952842073316,0.17808159136967663,0.15113875619851946,0.0,0.7680075976589095,qmmf,44
BRATS_144,0.021175664133183402,0.2719430803716496,0.19780622629703234,0.2453962410933196,1.1102230246251565e-16,0.7363212118951848,qmmf,44
BRATS_160,0.13411448759535582,0.29110144045992675,0.08672096551121584,0.24247041926735216,0.0,0.7544073128338505,qmmf,44
BRATS_163,0.17372927341599523,0.2790831952677354,0.20634934434351013,0.1531900949758592,0.0,0.8123519080031,qmmf,44
BRATS_170,0.09682418085363054,0.11100771921410502,0.1502042796312982,0.13699295103883724,5.551115123125783e-17,0.49502913073787097,qmmf,44
BRATS_190,0.10073691385971884,0.3168192503793913,0.22133748830410058,0.22983218438430902,0.0,0.8687258369275197,qmmf,44
BRATS_194,0.0880693481155895,0.18831241722233416,0.15104690047630961,0.16165782878961824,0.0,0.5890864946038515,qmmf,44
BRATS_197,0.07382240486336897,0.2682782803969699,0.12549368819924991,0.11654863565317385,0.0,0.5841430091127626,qmmf,44
BRATS_228,0.15282723874536,0.3897123833399947,0.14784620687397118,0.1433713129229445,0.0,0.8337571418822703,qmmf,44
BRATS_234,0.13789684254525678,0.36507990075678876,0.19990699778746565,0.23935502089707397,0.0,0.9422387619865852,qmmf,44
BRATS_259,0.06373846016825054,0.07664761440672554,0.1350043127880916,0.1440934100827155,0.0,0.4194837974457832,qmmf,44
BRATS_268,0.11267150488167468,0.17811792090946232,0.13257220642371292,0.13443729422638406,0.0,0.557798926441234,qmmf,44
BRATS_273,0.059761924081173104,0.3923217171237605,0.22311617335568887,0.19328737147984765,0.0,0.8684871860404701,qmmf,44
BRATS_278,0.03236653395603442,0.3945660590757144,0.06298789083763254,0.29214358805441043,0.0,0.7820640719237918,qmmf,44
BRATS_285,0.1732951880052258,0.27189488386516814,0.21605854938349905,0.18122370395414125,0.0,0.8424723252080343,qmmf,44
BRATS_298,0.11325136480659957,0.4363058592604957,0.11894095729501246,0.19862137918117265,1.1102230246251565e-16,0.8671195605432803,qmmf,44
BRATS_302,0.0073464511990796455,0.44637979297251634,0.11474547023026556,0.12336260002326119,0.0,0.6918343144251228,qmmf,44
BRATS_304,0.07183914636742335,0.465029265256804,0.12473959275963803,0.16442918766395964,0.0,0.826037192047825,qmmf,44
BRATS_306,0.10072516200294919,0.356183164732759,0.1221500037135828,0.2683748063077449,0.0,0.8474331367570359,qmmf,44
BRATS_307,0.09895070458410973,0.2907092048428498,0.1788811507045609,0.23271040627152204,0.0,0.8012514664030425,qmmf,44
BRATS_318,0.10804097242144563,0.39806993458493956,0.15871040328082012,0.20304540330511298,0.0,0.8678667135923183,qmmf,44
BRATS_322,0.09558908682618496,0.23117887728202643,0.08240243818377917,0.3096776795986176,0.0,0.7188480818906081,qmmf,44
BRATS_325,0.13497438030354167,0.3367263795196124,0.17473754050003837,0.23361598263036193,0.0,0.8800542829535544,qmmf,44
BRATS_326,0.10679522153972243,0.3124516256253717,0.1296965986911558,0.2703751825221139,-1.1102230246251565e-16,0.8193186283783639,qmmf,44
BRATS_327,0.11470373736299319,0.4481561295907716,0.1800548381849744,0.1887823902129885,0.0,0.9316970953517277,qmmf,44
BRATS_336,0.13107243047004755,0.4138222738610343,0.13059126897929393,0.19585317111980208,0.0,0.8713391444301779,qmmf,44
BRATS_342,0.008729493181770768,0.18930391553621434,0.2102287340766632,0.2803728114138003,0.0,0.6886349542084487,qmmf,44
BRATS_348,0.16099717016622414,0.3662092664275941,0.13643663464398803,0.22970813573292775,0.0,0.893351206970734,qmmf,44
BRATS_354,0.13481677289146152,0.3843598304341656,0.1804705080739792,0.19017569600636644,0.0,0.8898228074059727,qmmf,44
BRATS_358,0.13329717872223562,0.2814256439503716,0.15069725250529883,0.1729463990919975,0.0,0.7383664742699035,qmmf,44
BRATS_360,0.12070732503421502,0.39271005614412513,0.15757214854320756,0.182446671996184,0.0,0.8534362017177317,qmmf,44
BRATS_374,0.08681399629030358,0.4119032635058432,0.16551567352070268,0.17890499461367312,-1.1102230246251565e-16,0.8431379279305227,qmmf,44
BRATS_384,0.14188963603525864,0.40024306901702267,0.14903255718528383,0.17972209774570788,0.0,0.870887359983273,qmmf,44
BRATS_391,0.12511299640330847,0.3691344527646665,0.18913743882490874,0.23549621820599662,0.0,0.9188811061988803,qmmf,44
BRATS_393,0.12705604767424994,0.34871671221937184,0.2088576640406961,0.23271403053481918,1.1102230246251565e-16,0.9173444544691369,qmmf,44
BRATS_396,0.11444869316578149,0.36777474571201596,0.21700214274663754,0.19837657647060256,-1.1102230246251565e-16,0.8976021580950376,qmmf,44
BRATS_403,0.13557956175646224,0.3146428290746536,0.16094863142630678,0.18630710588993396,0.0,0.7974781281473565,qmmf,44
BRATS_414,0.14616454232074857,0.2973230806080621,0.1995546396179241,0.1947993244385627,-1.1102230246251565e-16,0.8378415869852976,qmmf,44
BRATS_475,0.12639324160999893,0.31165308718291324,0.23412772028385798,0.19571251509641913,-1.1102230246251565e-16,0.8678865641731893,qmmf,44
BRATS_023,0.09243728554628762,0.14707164377079457,0.08188514479544357,0.195850933231118,0.0,0.5172450073436438,unet25d,42
BRATS_027,0.1255211950457374,0.04158989303530426,0.29206208881439155,0.36024424245762365,0.0,0.8194174193530569,unet25d,42
BRATS_034,0.1251403581695207,0.095431952736816,0.20420469888829543,0.1872100644988845,0.0,0.6119870742935166,unet25d,42
BRATS_059,0.10013592810530661,0.32345340095152736,0.21614877596910795,0.24956187878619507,-1.1102230246251565e-16,0.889299983812137,unet25d,42
BRATS_062,0.024033436029228514,0.20136133285286634,0.18302221320375778,0.23507333673900876,0.0,0.6434903188248614,unet25d,42
BRATS_066,0.10801142054091506,0.3302699267266095,0.1223848321166075,0.13652494703068985,-1.1102230246251565e-16,0.697191126414822,unet25d,42
BRATS_076,0.14150443432405582,0.19554408029230277,0.1605753660023314,0.16357089399771516,0.0,0.6611947746164052,unet25d,42
BRATS_092,0.13384067349984183,0.11638461922080102,0.18397274183250079,0.13337554471257612,-1.1102230246251565e-16,0.5675735792657198,unet25d,42
BRATS_097,0.12102789976086709,0.36274346745723063,0.20241640270895883,0.21816071367845652,1.1102230246251565e-16,0.904348483605513,unet25d,42
BRATS_116,0.1258431181288868,0.17323539203051228,0.17743149058815216,0.21553560493304086,0.0,0.6920456056805921,unet25d,42
BRATS_119,0.04117584221608872,0.17582885122923975,0.20961288460935962,0.2145889101503359,0.0,0.641206488205024,unet25d,42
BRATS_135,0.13308787375143777,0.15680271600517937,0.20376202373452929,0.21899197109518392,-1.1102230246251565e-16,0.7126445845863304,unet25d,42
BRATS_143,0.15841536310701468,0.22816382723873085,0.19415357737193506,0.17883253780323924,0.0,0.7595653055209198,unet25d,42
BRATS_144,0.026020281891814826,0.24586614330407877,0.16540447944849834,0.24387557433966914,0.0,0.6811664789840611,unet25d,42
BRATS_160,0.03356676448086644,0.2362202916931798,0.15333258503349037,0.24924652804209424,0.0,0.6723661692496309,unet25d,42
BRATS_163,0.17720405122165703,0.15385056582523238,0.2292577857642471,0.22512588823456842,0.0,0.785438291045705,unet25d,42
BRATS_170,0.10994906036704617,0.04535656261069979,0.18487588328031235,0.17957120890133368,0.0,0.519752715159392,unet25d,42
BRATS_190,0.09946751175644361,0.3031663023436019,0.22619378785388736,0.2474518562957517,0.0,0.8762794582496846,unet25d,42
BRATS_194,0.1337420293754994,0.15875384290059658,0.16834267853812745,0.16428569482051436,0.0,0.6251242456347378,unet25d,42
BRATS_197,0.0595690746231841,0.2295762075746821,0.1221896450602156,0.23662119431702308,0.0,0.6479561215751048,unet25d,42
BRATS_228,0.1334936666156684,0.3635148878371607,0.14983946379437987,0.2021198436751765,1.1102230246251565e-16,0.8489678619223854,unet25d,42
BRATS_234,0.14248657563133438,0.3626917492058853,0.1982294896925809,0.2404182157855268,1.1102230246251565e-16,0.9438260303153273,unet25d,42
BRATS_259,0.07062779588149497,0.06268285514514843,0.11499715353482558,0.12414217064537653,5.551115123125783e-17,0.3724499752068455,unet25d,42
BRATS_268,0.10840620080681357,0.17517162897836003,0.1473787336569368,0.14419544577861748,0.0,0.5751520092207278,unet25d,42
BRATS_273,0.05070844648620503,0.3308507312401865,0.2607311288035472,0.22631377376191855,-1.1102230246251565e-16,0.8686040802918574,unet25d,42
BRATS_278,0.03749614667772071,0.3374132115852609,0.039147657663816574,0.3067559118488902,-1.1102230246251565e-16,0.7208129277756884,unet25d,42
BRATS_285,0.16928685500733429,0.27436321548689985,0.20860825269884728,0.20877266469100056,0.0,0.8610309878840819,unet25d,42
BRATS_298,0.11523868227123706,0.38680322710719306,0.1311421522720918,0.2275222638238527,1.1102230246251565e-16,0.8607063254743745,unet25d,42
BRATS_302,0.06797822989002274,0.22409477468979544,0.14179094833924868,0.08467816483884116,0.0,0.518542117757908,unet25d,42
BRATS_304,0.08968353738903324,0.3561537123093639,0.1630817527660878,0.21718690989033407,0.0,0.826105912354819,unet25d,42
BRATS_306,0.10737580457005018,0.27871008180681817,0.16164057160576478,0.22873432095615906,0.0,0.7764607789387922,unet25d,42
BRATS_307,0.10824022590022568,0.18493771137222345,0.21772631408886628,0.2479357533214709,0.0,0.7588400046827863,unet25d,42
BRATS_318,0.09514568750931132,0.3604852611466798,0.14249328039253845,0.2384022644161006,0.0,0.8365264934646301,unet25d,42
BRATS_322,0.0862201204682566,0.17198096219386724,0.0865159543309118,0.30616645985632374,0.0,0.6508834968493594,unet25d,42
BRATS_325,0.12877395846448067,0.3180901379657477,0.1685558795499435,0.2441489335980962,0.0,0.859568909578268,unet25d,42
BRATS_326,0.07403602995113402,0.25461479126325837,0.12943057778379763,0.2979902907459201,0.0,0.7560716897441101,unet25d,42
BRATS_327,0.10522270004778118,0.4317056673073312,0.16016581044976488,0.20884653629517308,-1.1102230246251565e-16,0.9059407141000504,unet25d,42
BRATS_336,0.14089728590264086,0.3635733165670142,0.14442934839458144,0.17263273007036145,0.0,0.821532680934598,unet25d,42
BRATS_342,0.03846631401845534,0.059506112210164996,0.1446593613832963,0.3690649937979723,-1.1102230246251565e-16,0.611696781409889,unet25d,42
BRATS_348,0.15755047743367467,0.3038826594116192,0.18800990348042615,0.22851952327098193,0.0,0.8779625635967019,unet25d,42
BRATS_354,0.14463421818664643,0.32434236213985,0.20309170388623796,0.21760101816759483,0.0,0.8896693023803293,unet25d,42
BRATS_358,0.1113273439943572,0.31128282239634997,0.1682138779405149,0.18257800275948913,1.1102230246251565e-16,0.7734020470907111,unet25d,42
BRATS_360,0.10935182200448944,0.3910088817126295,0.1321451036756201,0.1919608732992395,0.0,0.8244666806919785,unet25d,42
BRATS_374,0.07597008987905136,0.3381701221969223,0.1683431072986479,0.20567539939229912,0.0,0.7881587187669207,unet25d,42
BRATS_384,0.1411682826361135,0.32662140140559637,0.15188169794475734,0.1780975045724876,0.0,0.7977688865589548,unet25d,42
BRATS_391,0.12818916279474213,0.3223121798627104,0.1999775076071657,0.23551173816249077,0.0,0.885990588427109,unet25d,42
BRATS_393,0.12447914102188591,0.36786825225322006,0.174513529818098,0.24636573326308386,0.0,0.9132266563562879,unet25d,42
BRATS_396,0.1010388810964366,0.3736002895520628,0.21835853170226888,0.22812976587385198,0.0,0.9211274682246202,unet25d,42
BRATS_403,0.12089951842866357,0.3117974249554374,0.17737661847156452,0.1929002858595332,0.0,0.8029738477151986,unet25d,42
BRATS_414,0.12296474817935692,0.31870176534972394,0.19416966862477225,0.22208390837720332,0.0,0.8579200905310564,unet25d,42
BRATS_475,0.14326766612756653,0.32582554825559945,0.24615965322828337,0.18613090503609406,0.0,0.9013837726475434,unet25d,42
BRATS_023,0.011827653371313154,0.1622411455168951,0.14421010950089838,0.2622507252254068,0.0,0.5805296336145135,hemis,43
BRATS_027,0.1743112229523775,-0.005578766543828453,0.22230922185924656,0.3874278493646358,-1.1102230246251565e-16,0.7784695276324315,hemis,43
BRATS_034,0.0998353762648219,0.09713134494459506,0.1819334017772204,0.1919499546808553,0.0,0.5708500776674926,hemis,43
BRATS_059,0.050244063873061524,0.3169705672803965,0.19640914639671236,0.24692779229286735,0.0,0.8105515698430378,hemis,43
BRATS_062,0.11884073321118598,0.1343323970174425,0.1430708701278009,0.16549964679290177,-1.1102230246251565e-16,0.5617436471493312,hemis,43
BRATS_066,0.1282111968873107,0.2371376464516966,0.09066058771831985,0.12817215322568715,-1.1102230246251565e-16,0.5841815842830144,hemis,43
BRATS_076,0.1278800166629531,0.15283067944796105,0.16534399901096983,0.15908295827734392,0.0,0.6051376533992279,hemis,43
BRATS_092,0.12488833965516309,0.14160818885416754,0.15231953232436057,0.12746906820182463,0.0,0.5462851290355158,hemis,43
BRATS_097,0.04219461920278345,0.3455734981488653,0.23939919227769343,0.24892860059002261,1.1102230246251565e-16,0.8760959102193647,hemis,43
BRATS_116,0.08794857739502157,0.1344877456848935,0.13278150293228766,0.19619064854794407,0.0,0.5514084745601469,hemis,43
BRATS_119,0.03692714338003863,0.1955124183041268,0.12340797338712746,0.19851901927489446,0.0,0.5543665543461873,hemis,43
BRATS_135,0.06624986646046821,0.13665421994035604,0.27563525281073453,0.10694530202839544,0.0,0.5854846412399543,hemis,43
BRATS_143,0.16578618329267986,0.1699393247533115,0.18130305135287655,0.1264375792732046,0.0,0.6434661386720725,hemis,43
BRATS_144,0.09188806543381847,0.20743453108364446,0.09214810147842875,0.18135727390259546,-1.1102230246251565e-16,0.5728279718984872,hemis,43
BRATS_160,0.10793173930467048,0.277496800616121,0.038071641870094486,0.22896673376221852,-1.1102230246251565e-16,0.6524669155531045,hemis,43
BRATS_163,0.17835647844544136,0.22274442789016144,0.17033670338595225,0.09849290601034381,0.0,0.6699305157318989,hemis,43
BRATS_170,0.0966130872852478,0.05953717977018738,0.22534557995107532,0.08039656095072086,0.0,0.46189240795723135,hemis,43
BRATS_190,0.03034745341585771,0.26380203058801976,0.2215659154146209,0.26128297260027517,0.0,0.7769983720187735,hemis,43
BRATS_194,0.09462834369359481,0.13791830715916922,0.19195202222100627,0.07105429490184295,0.0,0.49555296797561327,hemis,43
BRATS_197,0.043769728478062195,0.15753449026294222,0.12827118930707737,0.11442337638690157,0.0,0.44399878443498336,hemis,43
BRATS_228,0.11144508573314652,0.23734030440996648,0.1865508065284384,0.23900622489321774,0.0,0.7743424215647692,hemis,43
BRATS_234,0.047271487956852806,0.47180832623408275,0.12482959262169008,0.1941356908095892,-1.1102230246251565e-16,0.8380450976222149,hemis,43
BRATS_259,0.02439459666221664,0.004471385375552622,0.1427879018959839,0.14470504214293245,0.0,0.3163589260766856,hemis,43
BRATS_268,0.1146073132220222,0.12871218911407262,0.09879083981253392,0.1487858495266718,0.0,0.4908961916753005,hemis,43
BRATS_273,-0.056497884634417704,0.31690492461252107,0.20900144869164933,0.2908701194117357,0.0,0.7602786080814884,hemis,43
BRATS_278,0.010961275063232578,0.3624415198768639,0.013426314881569947,0.2253050792308272,0.0,0.6121341890524936,hemis,43
BRATS_285,0.25771560218110656,0.25538461994337863,0.09745237363726236,0.011789822060800682,0.0,0.6223424178225483,hemis,43
BRATS_298,0.05407092943334372,0.3802987542776815,0.1517889073434461,0.19061040763278392,0.0,0.7767689986872552,hemis,43
BRATS_302,0.06672797023235648,0.15821585402568908,0.26491730013438547,0.09370022193603253,0.0,0.5835613463284636,hemis,43
BRATS_304,0.04122240514402906,0.30081556676609095,0.1287874697666262,0.21976480151440408,0.0,0.6905902431911503,hemis,43
BRATS_306,0.11710422784705161,0.29592007962711053,0.19116754532245728,0.21112546687854636,0.0,0.8153173196751657,hemis,43
BRATS_307,0.07028997489146278,0.1553762770947508,0.22420493656654453,0.23349355600232877,0.0,0.6833647445550869,hemis,43
BRATS_318,0.14594661119822933,0.28935417924591283,0.1877814842198775,0.2128235118338228,1.1102230246251565e-16,0.8359057864978424,hemis,43
BRATS_322,0.035778709446553474,0.20771888038524233,0.13660001816593456,0.2475237301371598,0.0,0.6276213381348902,hemis,43
BRATS_325,0.05836781428542395,0.3292832747147674,0.20250220713683623,0.19843432625928795,0.0,0.7885876223963155,hemis,43
BRATS_326,0.016855392582997192,0.30106727824058777,0.09650058512217359,0.32366410843411,0.0,0.7380873643798685,hemis,43
BRATS_327,0.07219022907313578,0.40653380380332726,0.1770615432811905,0.1899180545857701,0.0,0.8457036307434237,hemis,43
BRATS_336,0.11274834881844048,0.35110834485331766,0.12730980972077838,0.24147118832017062,1.1102230246251565e-16,0.8326376917127071,hemis,43
BRATS_342,-0.062351387073297515,0.03250871495355445,0.21159619513675693,0.4310720030231674,0.0,0.6128255260401813,hemis,43
BRATS_348,0.06774662403974512,0.3439493580286991,0.13965213040110036,0.2863387943613879,1.1102230246251565e-16,0.8376869068309324,hemis,43
BRATS_354,0.0775568377210613,0.2768246023845934,0.21845986842622075,0.26563289837937554,0.0,0.838474206911251,hemis,43
BRATS_358,0.1011004393367328,0.21070038745296002,0.15563983139990725,0.23183394020283501,0.0,0.6992745983924351,hemis,43
BRATS_360,0.16055623634804997,0.3383774785052804,0.09604839010071986,0.1390834878257072,0.0,0.7340655927797575,hemis,43
BRATS_374,0.13440366259863978,0.32224340896870785,0.12020374429963751,0.20467345013829757,-1.1102230246251565e-16,0.7815242660052828,hemis,43
BRATS_384,0.11079249089954105,0.28856684634100305,0.13602645105575698,0.16882360119406128,0.0,0.7042093894903624,hemis,43
BRATS_391,0.09499272091038985,0.367394352423728,0.18611903936533683,0.14803311781356535,0.0,0.79653923051302,hemis,43
BRATS_393,0.044241052948462894,0.3653316220550248,0.21708268145455142,0.21418117255145494,0.0,0.840836529009494,hemis,43
BRATS_396,0.07452755780070916,0.2637534719872741,0.24562900475917812,0.24148422034305964,0.0,0.825394254890221,hemis,43
BRATS_403,0.0756797042469913,0.29836046984780135,0.225797296808557,0.1520196122845421,0.0,0.7518570831878918,hemis,43
BRATS_414,0.14727321832954235,0.20904201099520456,0.20005864205212953,0.22971159176030773,1.1102230246251565e-16,0.7860854631371841,hemis,43
BRATS_475,-0.00021755779149684046,0.22088355061420492,0.2317039630805616,0.28605080665903715,0.0,0.7384207625623068,hemis,43
BRATS_023,0.00985889464103202,0.13037072664345284,0.1788134053061394,0.2050227453617296,-1.1102230246251565e-16,0.5240657719523539,hemis,44
BRATS_027,0.15874074800612473,0.13863108988017403,0.22513060928243098,0.261960775560096,0.0,0.7844632227288257,hemis,44
BRATS_034,0.12039881986694502,0.11981845141317267,0.1680970896796386,0.17531590060303093,0.0,0.5836302615627872,hemis,44
BRATS_059,0.10044898840924059,0.3158105170600163,0.18043845074338824,0.2191885240494755,0.0,0.8158864802621206,hemis,44
BRATS_062,0.08987901569249261,0.1816256199936816,0.1169975635340633,0.14586735882608182,0.0,0.5343695580463194,hemis,44
BRATS_066,0.13816401689613053,0.2562007608361492,0.05052308339806026,0.05065805578365205,0.0,0.495545916913992,hemis,44
BRATS_076,0.13639009091756543,0.1570968461966261,0.16078997138174717,0.14522229497856806,1.1102230246251565e-16,0.5994992034745067,hemis,44
BRATS_092,0.108292348488855,0.13355193124297607,0.1504116758045373,0.12001254803176493,0.0,0.5122685035681332,hemis,44
BRATS_097,0.043923446112375766,0.3526606903627437,0.25290960542145335,0.22482078772859287,1.1102230246251565e-16,0.8743145296251656,hemis,44
BRATS_116,0.1237550286367928,0.1698393849663536,0.09775317745000386,0.1705972519516231,0.0,0.5619448430047733,hemis,44
BRATS_119,0.026909232559768865,0.1849042673867554,0.1561986051306952,0.19439910071735123,0.0,0.5624112057945707,hemis,44
BRATS_135,0.07161242429773837,0.17256691666934446,0.22691257658472952,0.09418876706197589,0.0,0.5652806846137882,hemis,44
BRATS_143,0.15603783113308364,0.20488631860027182,0.16012206734449552,0.12397381577168842,1.1102230246251565e-16,0.6450200328495393,hemis,44
BRATS_144,0.0468134491880364,0.20057699776303592,0.14255612856932204,0.17880371277285867,0.0,0.568750288293253,hemis,44
BRATS_160,0.13295721492756266,0.3100719538140564,0.030389076679508437,0.19921238738320446,0.0,0.6726306328043319,hemis,44
BRATS_163,0.16962692019536663,0.22920210806560032,0.19179092930687502,0.06791109696746699,-1.1102230246251565e-16,0.658531054535309,hemis,44
BRATS_170,0.08611259746099188,0.1039990500185738,0.20246481709023428,0.0687117045606449,0.0,0.4612881691304449,hemis,44
BRATS_190,0.05665655958797077,0.27373100793684924,0.20818498005904926,0.24419395430041166,0.0,0.7827665018842809,hemis,44
BRATS_194,0.07707370682558605,0.11676351197877365,0.20183027052483543,0.0765200008690888,0.0,0.47218749019828393,hemis,44
BRATS_197,0.07642167243263329,0.20114680480514224,0.06369271172719118,0.1317366080754631,5.551115123125783e-17,0.47299779704042977,hemis,44
BRATS_228,0.12754664837796859,0.23762938471785636,0.19434042765579757,0.1743138666263128,0.0,0.7338303273779353,hemis,44
BRATS_234,0.08351207871391175,0.4231549039487962,0.17855349412549695,0.18115503673408564,1.1102230246251565e-16,0.8663755135222905,hemis,44
BRATS_259,0.06835502886014205,0.051661561040040334,0.1242583075911974,0.11676653963938882,0.0,0.3610414371307686,hemis,44
BRATS_268,0.11530559210302069,0.13127169816573717,0.11450673048572059,0.13151132028688164,0.0,0.4925953410413601,hemis,44
BRATS_273,-0.02283554362446208,0.36745313960744336,0.2001369721418015,0.24372830313573385,0.0,0.7884828712605166,hemis,44
BRATS_278,0.04998293476335723,0.35134774894846277,0.12286061442346272,0.17541934708690257,0.0,0.6996106452221853,hemis,44
BRATS_285,0.2402293718074952,0.30325925299735634,0.1596964369195207,0.04009469675360403,1.1102230246251565e-16,0.7432797584779762,hemis,44
BRATS_298,0.11328320890917862,0.4100729629134201,0.134151808874428,0.15058147491409998,-1.1102230246251565e-16,0.8080894556111268,hemis,44
BRATS_302,0.08212132461145245,0.17346003605633392,0.22418339666998977,0.07223249830335451,0.0,0.5519972556411307,hemis,44
BRATS_304,0.051981896799276825,0.3155798143224583,0.13284792854216643,0.2188529261611476,0.0,0.7192625658250491,hemis,44
BRATS_306,0.1265381998682475,0.3414735090522532,0.17926484742183746,0.17060089150057547,-1.1102230246251565e-16,0.8178774478429137,hemis,44
BRATS_307,0.08931311299749271,0.19757881134463956,0.22201404840851954,0.1746176639832157,0.0,0.6835236367338675,hemis,44
BRATS_318,0.13201922473238806,0.30874462423188914,0.19463115541175574,0.197114950028107,-1.1102230246251565e-16,0.83250995440414,hemis,44
BRATS_322,0.06258129829976407,0.13439174764001097,0.20610721121221123,0.1951455395373892,0.0,0.5982257966893755,hemis,44
BRATS_325,0.08869955329108287,0.2565979926649351,0.21571217729381756,0.20343511346151458,0.0,0.7644448367113501,hemis,44
BRATS_326,0.02294283143660514,0.3005140988093008,0.09944308185879196,0.27396017295194747,-1.1102230246251565e-16,0.6968601850566455,hemis,44
BRATS_327,0.11087960046523186,0.39331485242402814,0.15862700256557793,0.16737386909252425,0.0,0.8301953245473622,hemis,44
BRATS_336,0.139185791614518,0.36197655658908745,0.1257550643914362,0.21418159452405985,0.0,0.8410990071191015,hemis,44
BRATS_342,-0.012141993475864506,0.0862345372045322,0.1280583460856299,0.427848808885924,0.0,0.6299996987002217,hemis,44
BRATS_348,0.11187242622767872,0.34512448879202395,0.1362470480067286,0.2643695431082339,0.0,0.8576135061346651,hemis,44
BRATS_354,0.1146631279331688,0.3086063512838373,0.18571157474058878,0.22349674164913758,0.0,0.8324777956067324,hemis,44
BRATS_358,0.10467065918171888,0.27955507921655554,0.15283532217864307,0.20799702862119518,0.0,0.7450580891981127,hemis,44
BRATS_360,0.13169775205665607,0.3170757512558882,0.14447254247525562,0.12440445498804442,0.0,0.7176505007758444,hemis,44
BRATS_374,0.1042810123825992,0.30703382221206993,0.1367091743362182,0.17624516393542475,0.0,0.7242691728663121,hemis,44
BRATS_384,0.12325117060961809,0.24858443592522317,0.14635359510345222,0.13672217060146147,0.0,0.6549113722397549,hemis,44
BRATS_391,0.0980866682664033,0.3742042002876821,0.21906593673371533,0.14222206600116752,0.0,0.8335788712889682,hemis,44
BRATS_393,0.06026398160644183,0.34088646355523905,0.2270829257612471,0.21522382579550625,0.0,0.8434571967184342,hemis,44
BRATS_396,0.10408051052593578,0.2598715150246109,0.23426607270626704,0.212084936577262,0.0,0.8103030348340757,hemis,44
BRATS_403,0.10845272641113311,0.33297204473624975,0.20469010697040135,0.12164290086300605,0.0,0.7677577789807902,hemis,44
BRATS_414,0.12133858273604317,0.2112083184683652,0.22510393618897567,0.22895693574235507,0.0,0.7866077731357392,hemis,44
BRATS_475,0.013780380990095018,0.2617791314342804,0.2084110926801921,0.2768177248234116,0.0,0.7607883299279791,hemis,44
BRATS_023,0.060830057224358886,0.16749799289866715,0.1859066798198222,0.19670919911079163,0.0,0.6109439290536398,qmmf,42
BRATS_027,0.12751364266582169,-0.0054370646428745645,0.27684454185509266,0.30608997215654693,0.0,0.7050110920345867,qmmf,42
BRATS_034,0.10649984615590286,0.08595768786315305,0.20542011127331616,0.16584241024779733,-1.1102230246251565e-16,0.5637200555401695,qmmf,42
BRATS_059,0.14191296736517933,0.31993475888980644,0.20746420265034418,0.21034284914950643,0.0,0.8796547780548364,qmmf,42
BRATS_062,0.06891711200270383,0.26323578458161534,0.1514665987570896,0.18614506035812953,0.0,0.6697645556995383,qmmf,42
BRATS_066,0.15425937166672354,0.2821666936008315,0.09771271086551389,0.1083255667967694,0.0,0.6424643429298383,qmmf,42
BRATS_076,0.1299324096156096,0.1844422378692311,0.1882040665976841,0.1658662798599941,0.0,0.6684449939425189,qmmf,42
BRATS_092,0.13259601228978718,0.14052568988991188,0.1172249661495347,0.16125836374526686,0.0,0.5516050320745006,qmmf,42
BRATS_097,0.09756923795932361,0.3979111820889527,0.20254035197160364,0.2150609311018508,0.0,0.9130817031217308,qmmf,42
BRATS_116,0.13088686489556095,0.14675856271382542,0.1592570481966582,0.1956861305032864,0.0,0.632588606309331,qmmf,42
BRATS_119,0.02792579841356267,0.19933710975932448,0.2127803628760551,0.21541244860211528,0.0,0.6554557196510575,qmmf,42
BRATS_135,0.09230512652171556,0.20381886292002993,0.2060317639611548,0.16786140673875793,0.0,0.6700171601416582,qmmf,42
BRATS_143,0.16244405841245066,0.22525220559491177,0.18712660410832382,0.14629000636049105,0.0,0.7211128744761773,qmmf,42
BRATS_144,-0.0009341954795457589,0.2837655983788796,0.20499353973302867,0.22819699969904078,0.0,0.7160219423314033,qmmf,42
BRATS_160,0.043345892840083534,0.3639751596954105,0.10074591805311135,0.24365648857589997,0.0,0.7517234591645053,qmmf,42
BRATS_163,0.18087932801228637,0.21342785514515658,0.21447685454839222,0.19173479608940408,0.0,0.8005188337952392,qmmf,42
BRATS_170,0.09779178450964555,0.04455597657299636,0.18968925609024878,0.14881045563935227,0.0,0.480847472812243,qmmf,42
BRATS_190,0.10415580211698855,0.33027493079780557,0.20461923920805714,0.2208123686496448,-1.1102230246251565e-16,0.8598623407724961,qmmf,42
BRATS_194,0.10799406615539918,0.17629065751435619,0.15930410595055786,0.1622158333469986,0.0,0.6058046629673118,qmmf,42
BRATS_197,0.0775109163788057,0.2383779947313941,0.10708371526175656,0.14475081439784904,0.0,0.5677234407698054,qmmf,42
BRATS_228,0.1824988777850056,0.34848834064853945,0.1471600345071979,0.1564244670415785,1.1102230246251565e-16,0.8345717199823214,qmmf,42
BRATS_234,0.11671157342994662,0.3917931315273279,0.19435565950085462,0.2341372301940072,0.0,0.9369975946521364,qmmf,42
BRATS_259,0.08112357476534557,0.05608223240435586,0.13461253123829803,0.1554859677742209,0.0,0.4273043061822204,qmmf,42
BRATS_268,0.11357549587546,0.1351252548628767,0.16453617633514855,0.12648037485133193,0.0,0.5397173019248171,qmmf,42
BRATS_273,0.060798594097319365,0.3736593442132843,0.24096197498695843,0.1995500544108559,-1.1102230246251565e-16,0.8749699677084181,qmmf,42
BRATS_278,0.043730172103009474,0.45891866661337166,0.02144034563622917,0.29636755311289115,-1.1102230246251565e-16,0.8204567374655015,qmmf,42
BRATS_285,0.19832475366946642,0.2509667968951598,0.2536936682117124,0.1247299759782865,0.0,0.8277151947546252,qmmf,42
BRATS_298,0.11414483953251496,0.48036910167191393,0.11806785349747814,0.15150366921676237,-1.1102230246251565e-16,0.8640854639186695,qmmf,42
BRATS_302,0.03943923432476751,0.4307403341829823,0.11553517365678158,0.1367222686750762,-1.1102230246251565e-16,0.7224370108396077,qmmf,42
BRATS_304,0.08892713825668372,0.4782009005303911,0.13157303267274947,0.13857040024284545,-1.1102230246251565e-16,0.8372714717026698,qmmf,42
BRATS_306,0.15246207921967414,0.3355199764834998,0.16868290388988466,0.18924515112361548,0.0,0.8459101107166741,qmmf,42
BRATS_307,0.07750767257167583,0.21001341945797744,0.2261337495118316,0.27411779219138777,0.0,0.7877726337328727,qmmf,42
BRATS_318,0.14700742910886716,0.3603146042772334,0.17054980430239608,0.195321331871681,-1.1102230246251565e-16,0.8731931695601777,qmmf,42
BRATS_322,0.10235235902552525,0.28035298384586405,0.09836050799766956,0.20457794402029958,0.0,0.6856437948893584,qmmf,42
BRATS_325,0.12194656423849322,0.3350788349693685,0.19607640852849142,0.21634497764774938,0.0,0.8694467853841026,qmmf,42
BRATS_326,0.052400308653315526,0.39418605956154484,0.09249735767369247,0.2438947172927996,1.1102230246251565e-16,0.7829784431813523,qmmf,42
BRATS_327,0.13119300917288373,0.46343036303482177,0.16880381803741779,0.16688644411166284,0.0,0.9303136343567862,qmmf,42
BRATS_336,0.12797132474506942,0.4284555569415107,0.11526688471763986,0.20528872198879092,1.1102230246251565e-16,0.8769824883930109,qmmf,42
BRATS_342,-0.00023649699491416851,0.1646229588752614,0.1296818451939126,0.39370844947527117,-1.1102230246251565e-16,0.6877767565495311,qmmf,42
BRATS_348,0.14584216974573191,0.3925493722424591,0.13386576829598443,0.21590505171714666,0.0,0.8881623620013221,qmmf,42
BRATS_354,0.1496612833836144,0.3757570629413707,0.16728380350345523,0.19013467339726653,1.1102230246251565e-16,0.8828368232257068,qmmf,42
BRATS_358,0.11257102800747766,0.3196492108171226,0.1375463429984511,0.15837253481761637,0.0,0.7281391166406678,qmmf,42
BRATS_360,0.14829496106326476,0.40709554838924233,0.156002896685837,0.14764092274683674,1.1102230246251565e-16,0.8590343288851807,qmmf,42
BRATS_374,0.10614978904328295,0.4033834685659624,0.14741980361635407,0.19263972069402827,0.0,0.8495927819196277,qmmf,42
BRATS_384,0.16005172957362324,0.37351189921778594,0.15619575925942747,0.1770055470875578,0.0,0.8667649351383945,qmmf,42
BRATS_391,0.0979092262834046,0.3812739213060935,0.19917613077795593,0.24173202856550824,0.0,0.9200913069329623,qmmf,42
BRATS_393,0.12721233877441732,0.359835180906484,0.20673894386030225,0.22267384592814246,-1.1102230246251565e-16,0.9164603094693461,qmmf,42
BRATS_396,0.09069880764070913,0.40758910229422307,0.20650424011711319,0.19434685490770504,0.0,0.8991390049597504,qmmf,42
BRATS_403,0.12814091201442446,0.3211995839231566,0.16722867783343304,0.17033308349536613,-1.1102230246251565e-16,0.7869022572663803,qmmf,42
BRATS_414,0.12722965689409266,0.30093551801994356,0.2074712267833134,0.18444768813231283,-1.1102230246251565e-16,0.8200840898296625,qmmf,42
BRATS_475,0.11155456986321699,0.32753416209127106,0.2244468457538421,0.19678995580828457,-1.1102230246251565e-16,0.8603255335166148,qmmf,42
BRATS_023,0.09153051002534085,0.18301352698218562,0.1419394534612031,0.20767956690494233,-1.1102230246251565e-16,0.624163057373672,no_quality,42
BRATS_027,0.1639311290778886,0.06311641701410198,0.2762953028037638,0.29105138308696077,0.0,0.7943942319827151,no_quality,42
BRATS_034,0.12624215404164604,0.14438477687959045,0.17389657508749404,0.15646823057598508,0.0,0.6009917365847156,no_quality,42
BRATS_059,0.14834416173342285,0.32245415876302236,0.18889272042409916,0.23223483447056925,1.1102230246251565e-16,0.8919258753911136,no_quality,42
BRATS_062,0.07710549384292362,0.26277661270506714,0.13914430199132427,0.2156390708783029,1.1102230246251565e-16,0.6946654794176178,no_quality,42
BRATS_066,0.13534615261573954,0.35642072541275166,0.11283833870463938,0.10549178775687526,1.1102230246251565e-16,0.7100970044900058,no_quality,42
BRATS_076,0.1417266078493655,0.2461157933069777,0.16366837933274495,0.16837269943857697,0.0,0.7198834799276651,no_quality,42
BRATS_092,0.1429378344392847,0.17014088888309986,0.1337245848916672,0.12324677906929837,0.0,0.5700500872833502,no_quality,42
BRATS_097,0.10894655905433658,0.3833823705707244,0.21423588384499306,0.20846951930203236,0.0,0.9150343327720863,no_quality,42
BRATS_116,0.13333935610777659,0.196451297566711,0.14812343110863,0.17034500656507717,-1.1102230246251565e-16,0.6482590913481948,no_quality,42
BRATS_119,0.061284770047717506,0.22370158273089122,0.19014537550567606,0.20302105925451935,0.0,0.6781527875388041,no_quality,42
BRATS_135,0.11765147599962357,0.21249182362165986,0.16061614549510092,0.13324768085725722,0.0,0.6240071259736416,no_quality,42
BRATS_143,0.1535455222950216,0.233338516112541,0.16921649529490326,0.17420907951859982,0.0,0.7303096132210657,no_quality,42
BRATS_144,0.015248762617114069,0.2977702683981933,0.18831914420269855,0.2369470258242595,0.0,0.7382852010422655,no_quality,42
BRATS_160,0.08213886556898169,0.3065961305556316,0.14380634724728208,0.241363963072921,0.0,0.7739053064448164,no_quality,42
BRATS_163,0.17817138947563843,0.2782410752053919,0.2044803436515976,0.14258521006529368,0.0,0.8034780183979215,no_quality,42
BRATS_170,0.09916502789598675,0.1364256886559027,0.16273551586657975,0.11821428997734691,0.0,0.5165405223958162,no_quality,42
BRATS_190,0.0991572031204725,0.29514777077671606,0.2251272608865805,0.24686157236489098,0.0,0.86629380714866,no_quality,42
BRATS_194,0.09516287406753345,0.1838873250154205,0.16511957594723894,0.1525767511793334,0.0,0.5967465262095263,no_quality,42
BRATS_197,0.0766237188364561,0.27554768617686204,0.11482303727492477,0.17087831463459718,0.0,0.6378727569228401,no_quality,42
BRATS_228,0.14058152794187184,0.37978191814663875,0.15109859580635698,0.15908583108772636,0.0,0.8305478729825939,no_quality,42
BRATS_234,0.14596655331925212,0.3804447158306967,0.19283858198159617,0.22477244100533927,0.0,0.9440222921368843,no_quality,42
BRATS_259,0.07993101452448162,0.026573226293690102,0.13064510572280635,0.17046089960107316,-5.551115123125783e-17,0.40761024614205127,no_quality,42
BRATS_268,0.11390108659909728,0.18005303470724057,0.1359229792990069,0.1309428377265556,0.0,0.5608199383319004,no_quality,42
BRATS_273,0.07361102035647814,0.36128831349955637,0.22390970407513244,0.21454598993160823,0.0,0.8733550278627752,no_quality,42
BRATS_278,0.01392892406109341,0.45895825660064604,0.05574760917829743,0.2771179800396981,0.0,0.805752769879735,no_quality,42
BRATS_285,0.17518937482803676,0.28489325580104363,0.2077839237676852,0.18198039348223405,0.0,0.8498469478789996,no_quality,42
BRATS_298,0.11902726847546106,0.42791531396499116,0.11482775706127407,0.20334454590541293,0.0,0.8651148854071392,no_quality,42
BRATS_302,0.0319120320518231,0.46068250541869676,0.10407501376716564,0.1113562716758283,0.0,0.7080258229135138,no_quality,42
BRATS_304,0.08694826018134423,0.4631948090666692,0.12846153584093464,0.16121740411262278,0.0,0.8398220092015709,no_quality,42
BRATS_306,0.13410682175007374,0.3519964954001444,0.12222516169938198,0.24964102269534444,0.0,0.8579695015449446,no_quality,42
BRATS_307,0.1055892631216964,0.2977534424415921,0.18419708252392872,0.20937443324741806,1.1102230246251565e-16,0.7969142213346352,no_quality,42
BRATS_318,0.11445000230920552,0.3899483296414483,0.1615343045752919,0.20650167070186054,-1.1102230246251565e-16,0.8724343072278063,no_quality,42
BRATS_322,0.10720420377951556,0.22733364120275568,0.09022578799506126,0.27934600854357305,0.0,0.7041096415209056,no_quality,42
BRATS_325,0.14007047916462645,0.32623017269893595,0.17924501517958732,0.23270658017691767,-1.1102230246251565e-16,0.8782522472200675,no_quality,42
BRATS_326,0.13038099432026448,0.29222879077757613,0.1333501922190223,0.2666501962822916,-1.1102230246251565e-16,0.8226101735991546,no_quality,42
BRATS_327,0.1253737298161413,0.4465016865594459,0.16588602054532653,0.1876095673994726,0.0,0.9253710043203863,no_quality,42
BRATS_336,0.14890728571678177,0.4087527545812347,0.14667538970488547,0.19966642692407813,0.0,0.9040018569269801,no_quality,42
BRATS_342,-0.0013703198819355663,0.26151939179643047,0.20752304980511785,0.23769575050534464,-1.1102230246251565e-16,0.7053678722249574,no_quality,42
BRATS_348,0.1762992161986683,0.3119312322437542,0.18868468997245158,0.22363989298945988,0.0,0.900555031404334,no_quality,42
BRATS_354,0.14714806259860377,0.3590425544083755,0.18842721676076354,0.19777714310869768,0.0,0.8923949768764405,no_quality,42
BRATS_358,0.12340630524665473,0.29104022633273957,0.15986928362910197,0.18501526180709038,0.0,0.7593310770155867,no_quality,42
BRATS_360,0.13383218588275422,0.4024420761601837,0.14561794503869838,0.1763955720814655,0.0,0.8582877791631018,no_quality,42
BRATS_374,0.1036275116416592,0.40560054668182227,0.14444782899513772,0.19509924646767418,1.1102230246251565e-16,0.8487751337862933,no_quality,42
BRATS_384,0.15390125737755375,0.3951115241999838,0.14771438634717898,0.17918097389369325,0.0,0.8759081418184098,no_quality,42
BRATS_391,0.13764141056919058,0.3655068924965676,0.18589838277135748,0.2313697405855787,1.1102230246251565e-16,0.9204164264226943,no_quality,42
BRATS_393,0.12212322764122167,0.3572141362994906,0.19941275658085658,0.2349148405865165,0.0,0.9136649611080854,no_quality,42
BRATS_396,0.12655630811588547,0.3739860059843695,0.2184233777117923,0.1853480159878766,0.0,0.9043137077999238,no_quality,42
BRATS_403,0.13948920352706434,0.3077323493733086,0.17124134533839747,0.1812661941354985,0.0,0.7997290923742689,no_quality,42
BRATS_414,0.14316652457855725,0.29129726179397153,0.2173285479144258,0.19389628965685365,-1.1102230246251565e-16,0.8456886239438083,no_quality,42
BRATS_475,0.13420035766795757,0.36631762000627477,0.2049078476084716,0.2013989960549432,1.1102230246251565e-16,0.9068248213376471,no_quality,42
BRATS_023,0.08434326368416013,0.20285212877460929,0.12434991917892027,0.21107686642329868,0.0,0.6226221780609884,unet25d,44
BRATS_027,0.1678037704261636,0.056150672606869366,0.30986082179496116,0.3201883812410214,0.0,0.8540036460690155,unet25d,44
BRATS_034,0.13810005717287396,0.08677962912418857,0.22170173663012882,0.16236037936999362,0.0,0.608941802297185,unet25d,44
BRATS_059,0.09524416670963991,0.3362818915533504,0.2099290818405404,0.24754931356210258,0.0,0.8890044536656333,unet25d,44
BRATS_062,0.0497742132293031,0.2172525383042639,0.17557249871898556,0.1665348072328932,0.0,0.6091340574854458,unet25d,44
BRATS_066,0.11666049181581274,0.35707026948693626,0.14476020680206136,0.1397707717211013,0.0,0.7582617398259117,unet25d,44
BRATS_076,0.1536509009761678,0.2008867996574082,0.1667012979329571,0.12409183940107307,0.0,0.6453308379676062,unet25d,44
BRATS_092,0.11930718508595167,0.12007104326397741,0.1806908896143205,0.13690873952975738,0.0,0.556977857494007,unet25d,44
BRATS_097,0.12752382256967318,0.3706685905013638,0.19996574154335947,0.19980008637569932,0.0,0.8979582409900958,unet25d,44
BRATS_116,0.1293229105154925,0.17726305212914198,0.17899174810141746,0.2031717692152655,0.0,0.6887494799613174,unet25d,44
BRATS_119,0.05157369013352634,0.1761507866468103,0.2061474445324327,0.1996244134243649,1.1102230246251565e-16,0.6334963347371342,unet25d,44
BRATS_135,0.13827556799201626,0.18645798711494282,0.18087962263365856,0.21778793657680992,0.0,0.7234011143174276,unet25d,44
BRATS_143,0.1518973184895207,0.2448001937869497,0.20001819069257426,0.19237979487624804,0.0,0.7890954978452926,unet25d,44
BRATS_144,0.029687930427139974,0.24969720599420905,0.18327773269217087,0.2508999774978744,0.0,0.7135628466113944,unet25d,44
BRATS_160,0.0546078112045628,0.2740771905704568,0.11654473975030544,0.25634012734151007,0.0,0.7015698688668351,unet25d,44
BRATS_163,0.1678736114620861,0.17869632858371115,0.2469312430446891,0.19533780787493607,0.0,0.7888389909654224,unet25d,44
BRATS_170,0.1014559690459816,0.06393735257850135,0.17222136482135958,0.1706353140748605,0.0,0.508250000520703,unet25d,44
BRATS_190,0.082441339237268,0.3338198039479471,0.21419241264458583,0.25381540875872866,0.0,0.8842689645885295,unet25d,44
BRATS_194,0.11424003174444144,0.1435293089899281,0.15167568826724226,0.14374640715838025,0.0,0.5531914361599921,unet25d,44
BRATS_197,0.07821275638172165,0.25156043888224755,0.1375201753863103,0.1874142473603858,0.0,0.6547076180106653,unet25d,44
BRATS_228,0.1368422467607597,0.3593464759137044,0.16546140622188477,0.17875390264562568,1.1102230246251565e-16,0.8404040315419744,unet25d,44
BRATS_234,0.1311122144324354,0.3771291044448916,0.19748399951540813,0.23637511972572528,0.0,0.9421004381184604,unet25d,44
BRATS_259,0.05429830204193256,0.06036931540789821,0.13975677256567648,0.13211602834524827,0.0,0.38654041836075553,unet25d,44
BRATS_268,0.09356565792277728,0.15304658440856256,0.16811530935156904,0.1558887094037413,0.0,0.5706162610866502,unet25d,44
BRATS_273,0.07899297184359635,0.35066850694980445,0.25537344777804233,0.18038017695061853,0.0,0.8654151035220616,unet25d,44
BRATS_278,0.04429349486611515,0.42630676988824456,0.04768662726437645,0.2897693080106435,-1.1102230246251565e-16,0.8080562000293797,unet25d,44
BRATS_285,0.14548868665151493,0.2838710995601218,0.21309016485678448,0.22168131196247198,0.0,0.8641312630308932,unet25d,44
BRATS_298,0.09901413111483727,0.4072691350667067,0.10897406449701014,0.23049371061279922,1.1102230246251565e-16,0.8457510412913533,unet25d,44
BRATS_302,0.04159153351857017,0.3458674217736751,0.1092234813254377,0.08143942851200747,0.0,0.5781218651296904,unet25d,44
BRATS_304,0.08531946514868194,0.4016924415385035,0.13863968845444133,0.18446193874515898,0.0,0.8101135338867858,unet25d,44
BRATS_306,0.11863171264568403,0.32086341969390697,0.1482888856810901,0.2136339384648162,0.0,0.8014179564854973,unet25d,44
BRATS_307,0.1161078224850485,0.17372329239746806,0.21200637609636394,0.2566946420762377,0.0,0.7585321330551182,unet25d,44
BRATS_318,0.10203193731893552,0.3901511423007341,0.140231397927404,0.22569939093402122,0.0,0.8581138684810948,unet25d,44
BRATS_322,0.07576156720164993,0.1765355955485183,0.09593102432263506,0.28259231118531836,0.0,0.6308204982581217,unet25d,44
BRATS_325,0.1166195867113733,0.3303928791095242,0.16581316527394432,0.23982233641187442,-1.1102230246251565e-16,0.8526479675067163,unet25d,44
BRATS_326,0.08211224821545238,0.2523033302211254,0.1486429099294268,0.2945739129227796,0.0,0.7776324012887842,unet25d,44
BRATS_327,0.11157409051951876,0.43855920395710946,0.16655637659907685,0.1948014995927261,0.0,0.9114911706684312,unet25d,44
BRATS_336,0.14818929432435057,0.3928477639784575,0.1583711767949923,0.18743383827610968,0.0,0.8868420733739101,unet25d,44
BRATS_342,-0.00016243795017367377,0.11183598668482825,0.08361582053394906,0.4166016890886084,0.0,0.611891058357212,unet25d,44
BRATS_348,0.16984548751832704,0.3031585856753586,0.17802641965415714,0.2237293200782722,0.0,0.8747598129261149,unet25d,44
BRATS_354,0.1416496556848507,0.3479552421168558,0.18826169572923573,0.20854472084821823,0.0,0.8864113143791604,unet25d,44
BRATS_358,0.12045884377373102,0.31331602310461787,0.16661814158209975,0.17997838787665407,0.0,0.7803713963371027,unet25d,44
BRATS_360,0.11315730731894459,0.40307210876457333,0.1318918603486381,0.16894113336713276,0.0,0.8170624097992888,unet25d,44
BRATS_374,0.10160368764641195,0.34565738349146174,0.14570129927266826,0.20683637342052738,0.0,0.7997987438310693,unet25d,44
BRATS_384,0.12720951768812813,0.38802080495656416,0.15319468954067136,0.1823484764068553,-1.1102230246251565e-16,0.850773488592219,unet25d,44
BRATS_391,0.11112920778356838,0.36257471630924776,0.192394570396794,0.24050797977564412,-1.1102230246251565e-16,0.9066064742652543,unet25d,44
BRATS_393,0.10898575389653672,0.39895638241382525,0.18408907393103163,0.230792742109848,0.0,0.9228239523512416,unet25d,44
BRATS_396,0.10247959220157407,0.34819770522685545,0.2320262090413538,0.23664666154483052,1.1102230246251565e-16,0.9193501680146138,unet25d,44
BRATS_403,0.10832063860451353,0.31054717970123613,0.17772278786982684,0.19839121130227677,0.0,0.7949818174778532,unet25d,44
BRATS_414,0.1419087104340399,0.30274763432706175,0.19683576876626693,0.20459290244300032,0.0,0.8460850159703689,unet25d,44
BRATS_475,0.13620172815931447,0.3556783291975931,0.20166926251402842,0.20642693396584025,0.0,0.8999762538367763,unet25d,44
BRATS_023,0.06261095949531562,0.17986977480569777,0.12396165958391596,0.27721358326039597,0.0,0.6436559771453253,unet25d,43
BRATS_027,0.1642262922934978,0.00740235524245042,0.3185847909342051,0.3276011423569664,0.0,0.8178145808271198,unet25d,43
BRATS_034,0.11274196423365004,0.11477434278806373,0.2428718371884918,0.17980561071949946,0.0,0.650193754929705,unet25d,43
BRATS_059,0.09815784733923126,0.33977525652879853,0.2019499498542241,0.24485851273960224,-1.1102230246251565e-16,0.8847415664618562,unet25d,43
BRATS_062,0.026087974525516235,0.23958881789909603,0.19533334203325664,0.234028240286571,0.0,0.6950383747444399,unet25d,43
BRATS_066,0.08677923723989278,0.3648194374812217,0.12367106497408463,0.14211950451256486,0.0,0.717389244207764,unet25d,43
BRATS_076,0.16157533436230212,0.2301128766285356,0.1722885507021593,0.14978954780294962,0.0,0.7137663094959467,unet25d,43
BRATS_092,0.12929749898563592,0.16176661515120141,0.17103337220411707,0.11731316923065845,0.0,0.5794106555716129,unet25d,43
BRATS_097,0.10149485959831116,0.3812205078861143,0.19299872690717215,0.21038202734463934,1.1102230246251565e-16,0.8860961217362369,unet25d,43
BRATS_116,0.1348243466360933,0.18528568758237876,0.18235713158322236,0.1942642192755079,0.0,0.6967313850772023,unet25d,43
BRATS_119,0.03408677247444653,0.22644720996249817,0.22256433347884308,0.2168725775257481,-1.1102230246251565e-16,0.699970893441536,unet25d,43
BRATS_135,0.12199699213033377,0.2185456468455446,0.20726322997894475,0.2011472865140421,0.0,0.7489531554688652,unet25d,43
BRATS_143,0.16219571018397277,0.2660082861572982,0.19254925007821425,0.17986456531297015,0.0,0.8006178117324554,unet25d,43
BRATS_144,-0.004621006976997001,0.2917903993141009,0.19265439426068706,0.29183459851420956,-1.1102230246251565e-16,0.7716583851120006,unet25d,43
BRATS_160,0.022892970632811035,0.33567563898763875,0.12131584560390717,0.21874703162697254,-1.1102230246251565e-16,0.6986314868513296,unet25d,43
BRATS_163,0.1768880357993569,0.26081878520898694,0.23569346002965394,0.1553309714729888,0.0,0.8287312525109866,unet25d,43
BRATS_170,0.10046363103529042,0.10601275657897986,0.1829202841476245,0.13772639543789258,0.0,0.5271230671997874,unet25d,43
BRATS_190,0.09979281865307821,0.3098629261710607,0.21953444999845198,0.2322949687818651,1.1102230246251565e-16,0.8614851636044559,unet25d,43
BRATS_194,0.1275939309678638,0.20903952575633966,0.17205563007609978,0.18039118968058973,0.0,0.689080276480893,unet25d,43
BRATS_197,0.04761667319446292,0.25551172184299326,0.16681282899134545,0.20565497460546933,1.1102230246251565e-16,0.6755961986342709,unet25d,43
BRATS_228,0.15560734137801852,0.3543877104161525,0.12243476875308099,0.20801172207031074,1.1102230246251565e-16,0.8404415426175627,unet25d,43
BRATS_234,0.13054254551469638,0.41459615677139927,0.17999449736318998,0.22528211628160813,0.0,0.9504153159308938,unet25d,43
BRATS_259,0.0668326355069735,0.07729213048726466,0.12657969952869613,0.1569430855419689,0.0,0.4276475510649032,unet25d,43
BRATS_268,0.1106740583640728,0.19281631222473056,0.15184139546191472,0.1262466502298514,0.0,0.5815784162805695,unet25d,43
BRATS_273,0.049746393257475756,0.3066006984498609,0.2503016941673114,0.23795634454599,0.0,0.844605130420638,unet25d,43
BRATS_278,0.036490172394191334,0.34424572936364123,0.03200156929553145,0.2971935911233253,0.0,0.7099310621766893,unet25d,43
BRATS_285,0.19565070163938872,0.25507362955023327,0.2328448648918883,0.14106225328232527,1.1102230246251565e-16,0.8246314493638355,unet25d,43
BRATS_298,0.09424579934414669,0.41854226910911974,0.10696726761282163,0.25254416609484187,-1.1102230246251565e-16,0.87229950216093,unet25d,43
BRATS_302,0.033003981914746496,0.36230979245438816,0.11426998769437906,0.11155511294580454,0.0,0.6211388750093183,unet25d,43
BRATS_304,0.08104629467080014,0.37918288367064756,0.14976707750015855,0.21025306589359496,0.0,0.8202493217352013,unet25d,43
BRATS_306,0.1013945615073032,0.3010755083488118,0.16264155493541696,0.23117755555798097,0.0,0.7962891803495129,unet25d,43
BRATS_307,0.06830025822197769,0.22555353476874504,0.22627069911107867,0.2825782140050187,0.0,0.8027027061068202,unet25d,43
BRATS_318,0.09407127659644082,0.3646555267328261,0.1576020379216508,0.2313764991314792,-1.1102230246251565e-16,0.847705340382397,unet25d,43
BRATS_322,0.051577418644935875,0.1447685244625954,0.06948414732421926,0.2971747411288787,0.0,0.5630048315606292,unet25d,43
BRATS_325,0.10183433460068467,0.30917134175565175,0.19385920527262954,0.25757292443997,0.0,0.8624378060689359,unet25d,43
BRATS_326,0.02623295863852003,0.26777478227316753,0.10821423077871672,0.34562280809963475,0.0,0.747844779790039,unet25d,43
BRATS_327,0.09982000930679637,0.42185440919090067,0.15599234175014454,0.2280381446305677,0.0,0.9057049048784093,unet25d,43
BRATS_336,0.10694498354668096,0.4044658488613922,0.14942690450745372,0.16844319744788264,0.0,0.8292809343634095,unet25d,43
BRATS_342,0.009559397428557605,0.08103970408284683,0.1477700107332829,0.35994114769023633,0.0,0.5983102599349237,unet25d,43
BRATS_348,0.14944977100771858,0.33295012051501105,0.16571434451520892,0.21987947852437312,-1.1102230246251565e-16,0.8679937145623118,unet25d,43
BRATS_354,0.14088220842839327,0.33686623305400987,0.19625738283937794,0.20597236191959178,1.1102230246251565e-16,0.8799781862413728,unet25d,43
BRATS_358,0.11309649962138857,0.2980586740215885,0.14932413971427283,0.17674630091422738,1.1102230246251565e-16,0.7372256142714771,unet25d,43
BRATS_360,0.10325912359685259,0.3910037940771457,0.12720134658327595,0.2071428955484657,0.0,0.82860715980574,unet25d,43
BRATS_374,0.07766018601351198,0.36295807577822214,0.1710748472314293,0.20419532280119526,0.0,0.8158884318243587,unet25d,43
BRATS_384,0.12652529704772683,0.3765387043017351,0.18170845519317808,0.19262544261519152,0.0,0.8773978991578315,unet25d,43
BRATS_391,0.11128037823600666,0.36588962278999915,0.18791500461703184,0.2256427798020437,0.0,0.8907277854450814,unet25d,43
BRATS_393,0.1074927949630093,0.39020827255838286,0.18316082266279052,0.22853654399331685,0.0,0.9093984341774995,unet25d,43
BRATS_396,0.08509701355381624,0.3650963594156954,0.23769024595555358,0.24103251570589249,0.0,0.9289161346309577,unet25d,43
BRATS_403,0.09269645215136743,0.3257782451567764,0.18236867055040804,0.19385903461980372,0.0,0.7947024024783556,unet25d,43
BRATS_414,0.12060451915379852,0.34059611911242793,0.1789119453152293,0.1871213104822844,0.0,0.8272338940637401,unet25d,43
BRATS_475,0.11457304571314986,0.33827061531671504,0.24328814441176824,0.19389933740294601,0.0,0.8900311428445792,unet25d,43
BRATS_023,0.10028562794871802,0.20891113044437024,0.0990793335230702,0.19747967042741596,0.0,0.6057557623435744,no_quality,44
BRATS_027,0.15096205872580296,0.09912657236612947,0.28387769484308156,0.3099228560776798,1.1102230246251565e-16,0.8438891820126937,no_quality,44
BRATS_034,0.13655091394326724,0.1431308632585483,0.1733181612685868,0.1615066638865024,0.0,0.6145066023569047,no_quality,44
BRATS_059,0.15303997273889455,0.3181287608523108,0.19708863653484288,0.2243079562804841,-1.1102230246251565e-16,0.8925653264065324,no_quality,44
BRATS_062,0.08802613096668775,0.28111086447344547,0.1562792547698165,0.18774853207465705,0.0,0.7131647822846068,no_quality,44
BRATS_066,0.12298153821448911,0.3435589257545825,0.0925744620058677,0.12147439224761322,-1.1102230246251565e-16,0.6805893182225526,no_quality,44
BRATS_076,0.14520923979180766,0.22202175882277003,0.1631541125524747,0.15546799170488945,0.0,0.6858531028719419,no_quality,44
BRATS_092,0.1471568946627239,0.15693219973844794,0.14455582438794515,0.10807182325120479,1.1102230246251565e-16,0.5567167420403217,no_quality,44
BRATS_097,0.1215560258263048,0.37754082851089693,0.20469859864763312,0.20718196305358977,0.0,0.9109774160384246,no_quality,44
BRATS_116,0.13475798434824623,0.20273914080220737,0.15145188829563663,0.18120339222873136,0.0,0.6701524056748216,no_quality,44
BRATS_119,0.07867984450082392,0.1990570684882332,0.18634858102083088,0.21430645689018452,0.0,0.6783919509000725,no_quality,44
BRATS_135,0.11606223451338885,0.24237486095528804,0.1646179740896239,0.15187322004108603,0.0,0.6749282895993868,no_quality,44
BRATS_143,0.15525255973645877,0.2690346297640619,0.16919504009024716,0.1565037682446323,0.0,0.7499859978354001,no_quality,44
BRATS_144,0.0320622025568444,0.26506581943491525,0.19115541799878843,0.24307368198560875,0.0,0.7313571219761569,no_quality,44
BRATS_160,0.12325749266684786,0.3229059930386712,0.06335448034273497,0.2619298835252777,0.0,0.7714478495735317,no_quality,44
BRATS_163,0.18675751919395267,0.2667147398295626,0.20554620213147204,0.13417584795656037,-1.1102230246251565e-16,0.7931943091115478,no_quality,44
BRATS_170,0.1039680124294167,0.11595481632004087,0.17463425247907144,0.10623041589712982,0.0,0.5007874971256588,no_quality,44
BRATS_190,0.1059791649286724,0.31983944019631694,0.21953268312352436,0.2361772920204884,-1.1102230246251565e-16,0.8815285802690022,no_quality,44
BRATS_194,0.09062426346336187,0.17823808114408743,0.1511444229888246,0.15392020969224487,0.0,0.5739269772885188,no_quality,44
BRATS_197,0.0769517420118002,0.2647976417997121,0.1412504751335551,0.1520153657656313,0.0,0.6350152247106987,no_quality,44
BRATS_228,0.15372699351883978,0.36775963799163003,0.15302882311599922,0.17204795871819548,0.0,0.8465634133446645,no_quality,44
BRATS_234,0.14661774850024883,0.3766811729010322,0.19688998402369265,0.22507805817069937,0.0,0.9452669635956731,no_quality,44
BRATS_259,0.06736001414776134,0.029854201085164088,0.1244980903881633,0.1767824547714717,0.0,0.39849476039256043,no_quality,44
BRATS_268,0.11402828458909751,0.1781488562036112,0.12660838366943167,0.10409451417454887,0.0,0.5228800386366893,no_quality,44
BRATS_273,0.07784731860009901,0.39273198952555444,0.2115893964162006,0.20857945542360054,-1.1102230246251565e-16,0.8907481599654546,no_quality,44
BRATS_278,0.035610059037428116,0.4296141805483844,0.04731583806372551,0.22594777795223212,0.0,0.7384878556017701,no_quality,44
BRATS_285,0.1695729969158794,0.2749927401412516,0.2004328428640834,0.18933860124667717,0.0,0.8343371811678916,no_quality,44
BRATS_298,0.1321467591799697,0.4297555092097287,0.13203830719696363,0.17398155315978495,0.0,0.867922128746447,no_quality,44
BRATS_302,0.034962119139735744,0.45795804692867104,0.10215534474745266,0.11982508758723864,-1.1102230246251565e-16,0.7149005984030982,no_quality,44
BRATS_304,0.08443196184664883,0.4673257136950809,0.1321867453410963,0.15955165823960535,0.0,0.8434960791224314,no_quality,44
BRATS_306,0.10852583975337231,0.37630442977128875,0.14651291217780474,0.21166402191401754,0.0,0.8430072036164833,no_quality,44
BRATS_307,0.11238677445002675,0.31859696438882346,0.18325133561635965,0.19164443573696183,-1.1102230246251565e-16,0.8058795101921717,no_quality,44
BRATS_318,0.12119074309585537,0.3960501096326697,0.15475453173855863,0.19586936597657068,-1.1102230246251565e-16,0.8678647504436544,no_quality,44
BRATS_322,0.10812750879620674,0.24663174073902425,0.12112385274581712,0.2621191521202468,0.0,0.7380022544012949,no_quality,44
BRATS_325,0.14143736254741152,0.33574296507654794,0.18090430724471782,0.22519714145818787,0.0,0.8832817763268651,no_quality,44
BRATS_326,0.11061034676939875,0.31484940789425647,0.13871137956538485,0.2587224491324171,0.0,0.8228935833614571,no_quality,44
BRATS_327,0.13007344510739893,0.4531331659422312,0.1803334908835496,0.17076649269742164,0.0,0.9343065946306014,no_quality,44
BRATS_336,0.14008108127374821,0.4125821038821353,0.13893616238523937,0.2032144532352881,1.1102230246251565e-16,0.8948138007764109,no_quality,44
BRATS_342,-0.011417688411740954,0.24764215024286124,0.172494394645629,0.2691068045160431,0.0,0.6778256609927924,no_quality,44
BRATS_348,0.1776088134526376,0.3356084947066318,0.15645473745733116,0.22849010536844197,0.0,0.8981621509850425,no_quality,44
BRATS_354,0.15062034699020754,0.36567831016977903,0.1866639727207892,0.1946598330645051,0.0,0.8976224629452809,no_quality,44
BRATS_358,0.14858943292395446,0.29407150095641177,0.15487545395630958,0.17223920886839436,-1.1102230246251565e-16,0.7697755967050702,no_quality,44
BRATS_360,0.13592813807598494,0.3929996981360244,0.1591889796844059,0.16575553970130202,-1.1102230246251565e-16,0.8538723555977173,no_quality,44
BRATS_374,0.11599490509971633,0.4175319105717171,0.15302601071479913,0.16750473324693352,0.0,0.8540575596331661,no_quality,44
BRATS_384,0.1457551523184866,0.3975490747325914,0.14981493535211524,0.17595532187940593,0.0,0.8690744842825991,no_quality,44
BRATS_391,0.12576416999586143,0.3517090033393736,0.20094883010206965,0.24096646911163566,-1.1102230246251565e-16,0.9193884725489404,no_quality,44
BRATS_393,0.13444782349325093,0.35838123933626476,0.1985917496931638,0.22397406141423623,0.0,0.9153948739369158,no_quality,44
BRATS_396,0.11265544128760506,0.3971837702805956,0.2101869070845647,0.19566922025607322,0.0,0.9156953389088386,no_quality,44
BRATS_403,0.1350887169118379,0.3316278791080145,0.162143498398418,0.17204291100475794,1.1102230246251565e-16,0.8009030054230283,no_quality,44
BRATS_414,0.15021318069318065,0.29755272842305636,0.21455278757647547,0.18731057340968943,0.0,0.849629270102402,no_quality,44
BRATS_475,0.14798890995178085,0.3722952061588928,0.19267509231310023,0.18968460727271227,-1.1102230246251565e-16,0.9026438156964862,no_quality,44
BRATS_023,0.06285274261200777,0.146019445219032,0.1462445046346634,0.19551778611215376,0.0,0.550634478577857,hemis,42
BRATS_027,0.15116917376666658,0.12940292330992514,0.24306406721371557,0.3067331321275467,-1.1102230246251565e-16,0.8303692964178541,hemis,42
BRATS_034,0.11919437038075768,0.12084968570581966,0.17616696517019173,0.15549337779239408,0.0,0.5717043990491631,hemis,42
BRATS_059,0.1198660910565178,0.28474310271839565,0.18991567884673452,0.21815973984732562,0.0,0.8126846124689736,hemis,42
BRATS_062,0.11164698827679989,0.11522362966524129,0.14578657429996983,0.1581786177043441,0.0,0.5308358099463552,hemis,42
BRATS_066,0.11287385068076372,0.23322664679857796,0.09914848373128377,0.0776040317860232,0.0,0.5228530129966487,hemis,42
BRATS_076,0.1284351833033427,0.15039343386707438,0.1652806401193419,0.13932729155714224,0.0,0.5834365488469012,hemis,42
BRATS_092,0.10917336057649077,0.13611603645281342,0.17194084612689148,0.10043413230605545,-1.1102230246251565e-16,0.5176643754622512,hemis,42
BRATS_097,0.09300294672526624,0.3308471592398862,0.22556793156247817,0.2045750572913579,0.0,0.8539930948189886,hemis,42
BRATS_116,0.09576837090951852,0.14196192052856677,0.13685375416162787,0.18642107267415692,0.0,0.5610051182738701,hemis,42
BRATS_119,0.04181037048867673,0.1704184155822411,0.1794165675409988,0.17185287499364957,0.0,0.5634982286055662,hemis,42
BRATS_135,0.07279528423245239,0.1520086380463293,0.21466366653812885,0.09446822173273127,0.0,0.5339358105496418,hemis,42
BRATS_143,0.14258487839325423,0.20225142831067,0.16433641302142596,0.13157898467987347,0.0,0.6407517044052237,hemis,42
BRATS_144,0.1167259200461904,0.1850396787266156,0.1157685109528037,0.14197658225958346,0.0,0.5595106919851931,hemis,42
BRATS_160,0.14803125197725472,0.31394310437416967,0.020349232660546578,0.1800404679700485,0.0,0.6623640569820195,hemis,42
BRATS_163,0.14632017671523168,0.22488484612125054,0.23122354203532197,0.05410238881779046,1.1102230246251565e-16,0.6565309536895946,hemis,42
BRATS_170,0.07506742829028316,0.10671505851848437,0.19421489587162266,0.06970410256787882,0.0,0.445701485248269,hemis,42
BRATS_190,0.022623874526301987,0.2948766850515501,0.23113457392741116,0.2407367813459791,0.0,0.7893719148512424,hemis,42
BRATS_194,0.08190534940811492,0.10753479110110806,0.20423249317696046,0.07848180455221077,-5.551115123125783e-17,0.47215443823839426,hemis,42
BRATS_197,0.06325653179742916,0.18260781670315565,0.10217151362611385,0.13395987922911856,5.551115123125783e-17,0.4819957413558172,hemis,42
BRATS_228,0.1268752116839703,0.2343933757812404,0.2085688530890253,0.1807926999175213,0.0,0.7506301404717574,hemis,42
BRATS_234,0.09347148989529727,0.41066302720534564,0.1743226228420505,0.17772464951766448,0.0,0.8561817894603578,hemis,42
BRATS_259,0.05026006030737268,0.027636681325371084,0.15945852671868257,0.1433354541728975,0.0,0.38069072252432384,hemis,42
BRATS_268,0.11236640165895037,0.14431127334117924,0.12166161505620043,0.12791778432804835,0.0,0.5062570743843784,hemis,42
BRATS_273,-0.04644546557179322,0.3440232907312655,0.21776083064679758,0.2506018314979631,-1.1102230246251565e-16,0.765940487304233,hemis,42
BRATS_278,0.03444801514468086,0.3450724083192381,0.09658082788320163,0.18370587899596252,0.0,0.6598071303430831,hemis,42
BRATS_285,0.15311024969466744,0.3341795171693083,0.156967838130145,0.08672420212570087,0.0,0.7309818071198216,hemis,42
BRATS_298,0.10395922514031537,0.36454846791637585,0.1410669919221243,0.1493865078707525,0.0,0.758961192849568,hemis,42
BRATS_302,0.08588937139188543,0.20279032742355202,0.23729336815312269,0.07994108948895583,0.0,0.605914156457516,hemis,42
BRATS_304,0.07263916419471553,0.3045201920297077,0.15778202283667916,0.1944178966854437,0.0,0.7293592757465461,hemis,42
BRATS_306,0.13700163990177344,0.33996561609267006,0.16244142301387682,0.1677404653678852,0.0,0.8071491443762056,hemis,42
BRATS_307,0.10423292209198318,0.20417961905773555,0.22559213103504452,0.17951376685443388,0.0,0.7135184390391971,hemis,42
BRATS_318,0.1289264743154807,0.3074390525160273,0.20205010349901917,0.19509765046024513,0.0,0.8335132807907724,hemis,42
BRATS_322,0.04415151679695821,0.22622018329742816,0.12255987266805768,0.16308002858205692,0.0,0.556011601344501,hemis,42
BRATS_325,0.08860479053248507,0.2725143123180506,0.21689089805616477,0.20393755243686104,0.0,0.7819475533435615,hemis,42
BRATS_326,0.030816306451449033,0.2632273693800997,0.09404483256733531,0.2859558536594329,0.0,0.674044362058317,hemis,42
BRATS_327,0.11602265119031686,0.39627172516984205,0.17321608878783415,0.16039663223874553,1.1102230246251565e-16,0.8459070973867385,hemis,42
BRATS_336,0.108177753687532,0.35653813152479724,0.12474047074659925,0.2262382276173178,0.0,0.8156945835762462,hemis,42
BRATS_342,-0.01377374212601503,0.09093829033437138,0.1932965179226343,0.35114890700165485,0.0,0.6216099731326455,hemis,42
BRATS_348,0.10120058125855058,0.3348104709974997,0.16031465720186303,0.26123083092974586,0.0,0.8575565403876592,hemis,42
BRATS_354,0.10065829840363423,0.3205347425527341,0.20280394712031505,0.20831660780981567,1.1102230246251565e-16,0.832313595886499,hemis,42
BRATS_358,0.09326455286371749,0.26809110726640517,0.15075426345003376,0.2016446383608881,1.1102230246251565e-16,0.7137545619410445,hemis,42
BRATS_360,0.1380971876471862,0.31984333264759995,0.15768576618142605,0.09389665258412637,0.0,0.7095229390603386,hemis,42
BRATS_374,0.12128378714885553,0.2839695472596757,0.1945746388050501,0.1836178614063754,0.0,0.7834458346199568,hemis,42
BRATS_384,0.11907031239394189,0.2852589916089732,0.1595664464967235,0.12766202884795855,-1.1102230246251565e-16,0.6915577793475972,hemis,42
BRATS_391,0.11605114370315152,0.34607814520426305,0.20486208380267695,0.16320729216529417,1.1102230246251565e-16,0.8301986648753856,hemis,42
BRATS_393,0.08461976736122949,0.33935232048935604,0.21626617928384895,0.19454215193347116,0.0,0.8347804190679057,hemis,42
BRATS_396,0.09206909666176899,0.2708014121007171,0.23984996790989715,0.21362928053064928,0.0,0.8163497572030325,hemis,42
BRATS_403,0.1182412093338245,0.2718043510259648,0.21287969547438254,0.13668298471664556,0.0,0.7396082405508174,hemis,42
BRATS_414,0.15139689050915137,0.2165000903056349,0.1913054700839709,0.2085623020128301,0.0,0.7677647529115873,hemis,42
BRATS_475,0.054207288440199994,0.24309395519473703,0.2154277950332702,0.25427091625640313,0.0,0.7669999549246104,hemis,42
