model,case_id,subset,group_id,n_modalities,macro_dice
qmmf,BRATS_021,flair,sg_8a56096263e207fc,1,0.0531501804954601
qmmf,BRATS_021,t1,sg_8a56096263e207fc,1,0.006113491141689661
qmmf,BRATS_021,t1+flair,sg_8a56096263e207fc,2,0.005755871758736383
qmmf,BRATS_021,t1+t1ce,sg_8a56096263e207fc,2,0.04854768438314986
qmmf,BRATS_021,t1+t1ce+flair,sg_8a56096263e207fc,3,0.050579899106462684
qmmf,BRATS_021,t1+t1ce+t2,sg_8a56096263e207fc,3,0.23139882526299874
qmmf,BRATS_021,t1+t1ce+t2+flair,sg_8a56096263e207fc,4,0.23903346350905355
qmmf,BRATS_021,t1+t2,sg_8a56096263e207fc,2,0.24634511418589375
qmmf,BRATS_021,t1+t2+flair,sg_8a56096263e207fc,3,0.2572089043277078
qmmf,BRATS_021,t1ce,sg_8a56096263e207fc,1,0.08464374920735566
qmmf,BRATS_021,t1ce+flair,sg_8a56096263e207fc,2,0.08345560781014494
qmmf,BRATS_021,t1ce+t2,sg_8a56096263e207fc,2,0.2209857012051297
qmmf,BRATS_021,t1ce+t2+flair,sg_8a56096263e207fc,3,0.23302210916853602
qmmf,BRATS_021,t2,sg_8a56096263e207fc,1,0.23268380323017454
qmmf,BRATS_021,t2+flair,sg_8a56096263e207fc,2,0.25238507896718676
qmmf,BRATS_111,flair,sg_74969a1c98337c11,1,0.27730934743707464
qmmf,BRATS_111,t1,sg_74969a1c98337c11,1,0.005758104994507924
qmmf,BRATS_111,t1+flair,sg_74969a1c98337c11,2,0.2145263793584109
qmmf,BRATS_111,t1+t1ce,sg_74969a1c98337c11,2,0.044996832104627404
qmmf,BRATS_111,t1+t1ce+flair,sg_74969a1c98337c11,3,0.20301043605662664
qmmf,BRATS_111,t1+t1ce+t2,sg_74969a1c98337c11,3,0.1693129115421714
qmmf,BRATS_111,t1+t1ce+t2+flair,sg_74969a1c98337c11,4,0.2126128637710186
qmmf,BRATS_111,t1+t2,sg_74969a1c98337c11,2,0.18108907189458742
qmmf,BRATS_111,t1+t2+flair,sg_74969a1c98337c11,3,0.22397625596101323
qmmf,BRATS_111,t1ce,sg_74969a1c98337c11,1,0.06783600399481897
qmmf,BRATS_111,t1ce+flair,sg_74969a1c98337c11,2,0.22344110521703228
qmmf,BRATS_111,t1ce+t2,sg_74969a1c98337c11,2,0.18456100066728845
qmmf,BRATS_111,t1ce+t2+flair,sg_74969a1c98337c11,3,0.22768667028607123
qmmf,BRATS_111,t2,sg_74969a1c98337c11,1,0.20529077411601182
qmmf,BRATS_111,t2+flair,sg_74969a1c98337c11,2,0.25353007973857417
qmmf,BRATS_172,flair,sg_cb857fb98a0abf51,1,0.31836185549606855
qmmf,BRATS_172,t1,sg_cb857fb98a0abf51,1,0.012418904962668597
qmmf,BRATS_172,t1+flair,sg_cb857fb98a0abf51,2,0.25645228274351656
qmmf,BRATS_172,t1+t1ce,sg_cb857fb98a0abf51,2,0.21358301433319857
qmmf,BRATS_172,t1+t1ce+flair,sg_cb857fb98a0abf51,3,0.3125072374578181
qmmf,BRATS_172,t1+t1ce+t2,sg_cb857fb98a0abf51,3,0.3276403253682402
qmmf,BRATS_172,t1+t1ce+t2+flair,sg_cb857fb98a0abf51,4,0.35605598581703873
qmmf,BRATS_172,t1+t2,sg_cb857fb98a0abf51,2,0.23296194017392613
qmmf,BRATS_172,t1+t2+flair,sg_cb857fb98a0abf51,3,0.30615792626262844
qmmf,BRATS_172,t1ce,sg_cb857fb98a0abf51,1,0.2542537745260629
qmmf,BRATS_172,t1ce+flair,sg_cb857fb98a0abf51,2,0.355062889379236
qmmf,BRATS_172,t1ce+t2,sg_cb857fb98a0abf51,2,0.3294664108845334
qmmf,BRATS_172,t1ce+t2+flair,sg_cb857fb98a0abf51,3,0.3633119337567507
qmmf,BRATS_172,t2,sg_cb857fb98a0abf51,1,0.22272190084402277
qmmf,BRATS_172,t2+flair,sg_cb857fb98a0abf51,2,0.31303071612177286
qmmf,BRATS_338,flair,sg_602726c0ba192496,1,0.05343272916304954
qmmf,BRATS_338,t1,sg_602726c0ba192496,1,0.0009602477043611123
qmmf,BRATS_338,t1+flair,sg_602726c0ba192496,2,0.05763288295315827
qmmf,BRATS_338,t1+t1ce,sg_602726c0ba192496,2,0.007011534196621545
qmmf,BRATS_338,t1+t1ce+flair,sg_602726c0ba192496,3,0.059790184161029096
qmmf,BRATS_338,t1+t1ce+t2,sg_602726c0ba192496,3,0.012074309223424047
qmmf,BRATS_338,t1+t1ce+t2+flair,sg_602726c0ba192496,4,0.06174935914612759
qmmf,BRATS_338,t1+t2,sg_602726c0ba192496,2,0.004601994947932197
qmmf,BRATS_338,t1+t2+flair,sg_602726c0ba192496,3,0.06704218373957092
qmmf,BRATS_338,t1ce,sg_602726c0ba192496,1,0.020826791377918888
qmmf,BRATS_338,t1ce+flair,sg_602726c0ba192496,2,0.07617387006370835
qmmf,BRATS_338,t1ce+t2,sg_602726c0ba192496,2,0.020467283471672412
qmmf,BRATS_338,t1ce+t2+flair,sg_602726c0ba192496,3,0.06298350359893011
qmmf,BRATS_338,t2,sg_602726c0ba192496,1,0.014028349930313223
qmmf,BRATS_338,t2+flair,sg_602726c0ba192496,2,0.054921486590289816
qmmf,BRATS_367,flair,sg_a46b5f5bbd1aae60,1,0.1815648480073863
qmmf,BRATS_367,t1,sg_a46b5f5bbd1aae60,1,0.007256654201019726
qmmf,BRATS_367,t1+flair,sg_a46b5f5bbd1aae60,2,0.19905021786591226
qmmf,BRATS_367,t1+t1ce,sg_a46b5f5bbd1aae60,2,0.049031758434699424
qmmf,BRATS_367,t1+t1ce+flair,sg_a46b5f5bbd1aae60,3,0.20960815615004416
qmmf,BRATS_367,t1+t1ce+t2,sg_a46b5f5bbd1aae60,3,0.1376556415200211
qmmf,BRATS_367,t1+t1ce+t2+flair,sg_a46b5f5bbd1aae60,4,0.23124882626702692
qmmf,BRATS_367,t1+t2,sg_a46b5f5bbd1aae60,2,0.10708957727462616
qmmf,BRATS_367,t1+t2+flair,sg_a46b5f5bbd1aae60,3,0.2256224282082642
qmmf,BRATS_367,t1ce,sg_a46b5f5bbd1aae60,1,0.08831517582746745
qmmf,BRATS_367,t1ce+flair,sg_a46b5f5bbd1aae60,2,0.23728677037762455
qmmf,BRATS_367,t1ce+t2,sg_a46b5f5bbd1aae60,2,0.14462712105253686
qmmf,BRATS_367,t1ce+t2+flair,sg_a46b5f5bbd1aae60,3,0.22433618870004535
qmmf,BRATS_367,t2,sg_a46b5f5bbd1aae60,1,0.08352556789479347
qmmf,BRATS_367,t2+flair,sg_a46b5f5bbd1aae60,2,0.1892431902928917
qmmf,BRATS_369,flair,sg_46b6c66765483f24,1,0.46478523346623174
qmmf,BRATS_369,t1,sg_46b6c66765483f24,1,0.025508449366075218
qmmf,BRATS_369,t1+flair,sg_46b6c66765483f24,2,0.37668841710761064
qmmf,BRATS_369,t1+t1ce,sg_46b6c66765483f24,2,0.045020296868989194
qmmf,BRATS_369,t1+t1ce+flair,sg_46b6c66765483f24,3,0.35437770515831574
qmmf,BRATS_369,t1+t1ce+t2,sg_46b6c66765483f24,3,0.2972902149355438
qmmf,BRATS_369,t1+t1ce+t2+flair,sg_46b6c66765483f24,4,0.3878147586257645
qmmf,BRATS_369,t1+t2,sg_46b6c66765483f24,2,0.30532819416555723
qmmf,BRATS_369,t1+t2+flair,sg_46b6c66765483f24,3,0.39948330538719473
qmmf,BRATS_369,t1ce,sg_46b6c66765483f24,1,0.0833799367563569
qmmf,BRATS_369,t1ce+flair,sg_46b6c66765483f24,2,0.440510638485272
qmmf,BRATS_369,t1ce+t2,sg_46b6c66765483f24,2,0.36913949598657964
qmmf,BRATS_369,t1ce+t2+flair,sg_46b6c66765483f24,3,0.44173260294835637
qmmf,BRATS_369,t2,sg_46b6c66765483f24,1,0.34948997027964146
qmmf,BRATS_369,t2+flair,sg_46b6c66765483f24,2,0.439941574396999
qmmf,BRATS_413,flair,sg_3b44f65ab67602cc,1,0.05700630554367001
qmmf,BRATS_413,t1,sg_3b44f65ab67602cc,1,0.001418447984735168
qmmf,BRATS_413,t1+flair,sg_3b44f65ab67602cc,2,0.03255436315903957
qmmf,BRATS_413,t1+t1ce,sg_3b44f65ab67602cc,2,0.01441479141659985
qmmf,BRATS_413,t1+t1ce+flair,sg_3b44f65ab67602cc,3,0.036358877442556344
qmmf,BRATS_413,t1+t1ce+t2,sg_3b44f65ab67602cc,3,0.017889298368271835
qmmf,BRATS_413,t1+t1ce+t2+flair,sg_3b44f65ab67602cc,4,0.0354047507269744
qmmf,BRATS_413,t1+t2,sg_3b44f65ab67602cc,2,0.00938746639847526
qmmf,BRATS_413,t1+t2+flair,sg_3b44f65ab67602cc,3,0.03345263729229368
qmmf,BRATS_413,t1ce,sg_3b44f65ab67602cc,1,0.024816362670089544
qmmf,BRATS_413,t1ce+flair,sg_3b44f65ab67602cc,2,0.05382760900611094
qmmf,BRATS_413,t1ce+t2,sg_3b44f65ab67602cc,2,0.028484230539968375
qmmf,BRATS_413,t1ce+t2+flair,sg_3b44f65ab67602cc,3,0.05088219039789333
qmmf,BRATS_413,t2,sg_3b44f65ab67602cc,1,0.01799963834065804
qmmf,BRATS_413,t2+flair,sg_3b44f65ab67602cc,2,0.051223044267679346
qmmf,BRATS_441,flair,sg_baba356c1735c37c,1,0.28279756845861176
qmmf,BRATS_441,t1,sg_baba356c1735c37c,1,0.014157138405386094
qmmf,BRATS_441,t1+flair,sg_baba356c1735c37c,2,0.22175788004388594
qmmf,BRATS_441,t1+t1ce,sg_baba356c1735c37c,2,0.061579662482009266
qmmf,BRATS_441,t1+t1ce+flair,sg_baba356c1735c37c,3,0.20726805381578198
qmmf,BRATS_441,t1+t1ce+t2,sg_baba356c1735c37c,3,0.13207997975041819
qmmf,BRATS_441,t1+t1ce+t2+flair,sg_baba356c1735c37c,4,0.2426027959709076
qmmf,BRATS_441,t1+t2,sg_baba356c1735c37c,2,0.10737398636780715
qmmf,BRATS_441,t1+t2+flair,sg_baba356c1735c37c,3,0.25332248201679614
qmmf,BRATS_441,t1ce,sg_baba356c1735c37c,1,0.07535644229627132
qmmf,BRATS_441,t1ce+flair,sg_baba356c1735c37c,2,0.2376447254820053
qmmf,BRATS_441,t1ce+t2,sg_baba356c1735c37c,2,0.16333661604266383
qmmf,BRATS_441,t1ce+t2+flair,sg_baba356c1735c37c,3,0.2612712103418036
qmmf,BRATS_441,t2,sg_baba356c1735c37c,1,0.142976892786117
qmmf,BRATS_441,t2+flair,sg_baba356c1735c37c,2,0.2669868508360579
hemis,BRATS_021,flair,sg_8a56096263e207fc,1,0.1393406428215752
hemis,BRATS_021,t1,sg_8a56096263e207fc,1,0.0030030743874996037
hemis,BRATS_021,t1+flair,sg_8a56096263e207fc,2,0.06014802416065398
hemis,BRATS_021,t1+t1ce,sg_8a56096263e207fc,2,0.034763883469447934
hemis,BRATS_021,t1+t1ce+flair,sg_8a56096263e207fc,3,0.05622134493513628
hemis,BRATS_021,t1+t1ce+t2,sg_8a56096263e207fc,3,0.20698474614865514
hemis,BRATS_021,t1+t1ce+t2+flair,sg_8a56096263e207fc,4,0.17302115519761918
hemis,BRATS_021,t1+t2,sg_8a56096263e207fc,2,0.15786871843356384
hemis,BRATS_021,t1+t2+flair,sg_8a56096263e207fc,3,0.18704346537193475
hemis,BRATS_021,t1ce,sg_8a56096263e207fc,1,0.08459958101890767
hemis,BRATS_021,t1ce+flair,sg_8a56096263e207fc,2,0.11733865444656776
hemis,BRATS_021,t1ce+t2,sg_8a56096263e207fc,2,0.3830314498830572
hemis,BRATS_021,t1ce+t2+flair,sg_8a56096263e207fc,3,0.2795699042402345
hemis,BRATS_021,t2,sg_8a56096263e207fc,1,0.2052418518926281
hemis,BRATS_021,t2+flair,sg_8a56096263e207fc,2,0.23314929741640136
hemis,BRATS_111,flair,sg_74969a1c98337c11,1,0.32126313719523
hemis,BRATS_111,t1,sg_74969a1c98337c11,1,0.0072292975149429286
hemis,BRATS_111,t1+flair,sg_74969a1c98337c11,2,0.16407890674320383
hemis,BRATS_111,t1+t1ce,sg_74969a1c98337c11,2,0.03864929574868223
hemis,BRATS_111,t1+t1ce+flair,sg_74969a1c98337c11,3,0.14424897002679551
hemis,BRATS_111,t1+t1ce+t2,sg_74969a1c98337c11,3,0.10547928246568165
hemis,BRATS_111,t1+t1ce+t2+flair,sg_74969a1c98337c11,4,0.15088027409589047
hemis,BRATS_111,t1+t2,sg_74969a1c98337c11,2,0.12515461494193922
hemis,BRATS_111,t1+t2+flair,sg_74969a1c98337c11,3,0.16725221419025615
hemis,BRATS_111,t1ce,sg_74969a1c98337c11,1,0.06320250781859164
hemis,BRATS_111,t1ce+flair,sg_74969a1c98337c11,2,0.26583307202711864
hemis,BRATS_111,t1ce+t2,sg_74969a1c98337c11,2,0.19161783492668746
hemis,BRATS_111,t1ce+t2+flair,sg_74969a1c98337c11,3,0.23698592412470967
hemis,BRATS_111,t2,sg_74969a1c98337c11,1,0.201699226027844
hemis,BRATS_111,t2+flair,sg_74969a1c98337c11,2,0.23593366080128084
hemis,BRATS_172,flair,sg_cb857fb98a0abf51,1,0.30126739495028704
hemis,BRATS_172,t1,sg_cb857fb98a0abf51,1,0.019111391484533464
hemis,BRATS_172,t1+flair,sg_cb857fb98a0abf51,2,0.20225208344486678
hemis,BRATS_172,t1+t1ce,sg_cb857fb98a0abf51,2,0.11875312291518535
hemis,BRATS_172,t1+t1ce+flair,sg_cb857fb98a0abf51,3,0.232041116188639
hemis,BRATS_172,t1+t1ce+t2,sg_cb857fb98a0abf51,3,0.30429111837558326
hemis,BRATS_172,t1+t1ce+t2+flair,sg_cb857fb98a0abf51,4,0.3366037102284762
hemis,BRATS_172,t1+t2,sg_cb857fb98a0abf51,2,0.2613178759261976
hemis,BRATS_172,t1+t2+flair,sg_cb857fb98a0abf51,3,0.3087513315007959
hemis,BRATS_172,t1ce,sg_cb857fb98a0abf51,1,0.20164218989852134
hemis,BRATS_172,t1ce+flair,sg_cb857fb98a0abf51,2,0.36700497576263946
hemis,BRATS_172,t1ce+t2,sg_cb857fb98a0abf51,2,0.3825895447141115
hemis,BRATS_172,t1ce+t2+flair,sg_cb857fb98a0abf51,3,0.4575997068309845
hemis,BRATS_172,t2,sg_cb857fb98a0abf51,1,0.19105243575930517
hemis,BRATS_172,t2+flair,sg_cb857fb98a0abf51,2,0.3831339606809225
hemis,BRATS_338,flair,sg_602726c0ba192496,1,0.0891560303721685
hemis,BRATS_338,t1,sg_602726c0ba192496,1,0.0003819335631463491
hemis,BRATS_338,t1+flair,sg_602726c0ba192496,2,0.07235354509330759
hemis,BRATS_338,t1+t1ce,sg_602726c0ba192496,2,0.006044970912128839
hemis,BRATS_338,t1+t1ce+flair,sg_602726c0ba192496,3,0.06969334864314562
hemis,BRATS_338,t1+t1ce+t2,sg_602726c0ba192496,3,0.015361251177700742
hemis,BRATS_338,t1+t1ce+t2+flair,sg_602726c0ba192496,4,0.12882519533069156
hemis,BRATS_338,t1+t2,sg_602726c0ba192496,2,0.013706588239565746
hemis,BRATS_338,t1+t2+flair,sg_602726c0ba192496,3,0.11867688761524435
hemis,BRATS_338,t1ce,sg_602726c0ba192496,1,0.04842043465087543
hemis,BRATS_338,t1ce+flair,sg_602726c0ba192496,2,0.2431627225962015
hemis,BRATS_338,t1ce+t2,sg_602726c0ba192496,2,0.059861382112292416
hemis,BRATS_338,t1ce+t2+flair,sg_602726c0ba192496,3,0.15601019949086078
hemis,BRATS_338,t2,sg_602726c0ba192496,1,0.015240011176306231
hemis,BRATS_338,t2+flair,sg_602726c0ba192496,2,0.06682270005129086
hemis,BRATS_367,flair,sg_a46b5f5bbd1aae60,1,0.2784945414953706
hemis,BRATS_367,t1,sg_a46b5f5bbd1aae60,1,0.007985786579769453
hemis,BRATS_367,t1+flair,sg_a46b5f5bbd1aae60,2,0.1776586101199579
hemis,BRATS_367,t1+t1ce,sg_a46b5f5bbd1aae60,2,0.04302895206345689
hemis,BRATS_367,t1+t1ce+flair,sg_a46b5f5bbd1aae60,3,0.19229346228721833
hemis,BRATS_367,t1+t1ce+t2,sg_a46b5f5bbd1aae60,3,0.280821438008908
hemis,BRATS_367,t1+t1ce+t2+flair,sg_a46b5f5bbd1aae60,4,0.3219897019235082
hemis,BRATS_367,t1+t2,sg_a46b5f5bbd1aae60,2,0.24366730000390258
hemis,BRATS_367,t1+t2+flair,sg_a46b5f5bbd1aae60,3,0.2892117532663369
hemis,BRATS_367,t1ce,sg_a46b5f5bbd1aae60,1,0.08410014908666631
hemis,BRATS_367,t1ce+flair,sg_a46b5f5bbd1aae60,2,0.33550327607044567
hemis,BRATS_367,t1ce+t2,sg_a46b5f5bbd1aae60,2,0.27290781074981446
hemis,BRATS_367,t1ce+t2+flair,sg_a46b5f5bbd1aae60,3,0.34394861523444464
hemis,BRATS_367,t2,sg_a46b5f5bbd1aae60,1,0.07578074979701656
hemis,BRATS_367,t2+flair,sg_a46b5f5bbd1aae60,2,0.19685163243591933
hemis,BRATS_369,flair,sg_46b6c66765483f24,1,0.3646031995494874
hemis,BRATS_369,t1,sg_46b6c66765483f24,1,0.021755891174937966
hemis,BRATS_369,t1+flair,sg_46b6c66765483f24,2,0.2584550439586426
hemis,BRATS_369,t1+t1ce,sg_46b6c66765483f24,2,0.04263535143281477
hemis,BRATS_369,t1+t1ce+flair,sg_46b6c66765483f24,3,0.22125124533250531
hemis,BRATS_369,t1+t1ce+t2,sg_46b6c66765483f24,3,0.1959013210019007
hemis,BRATS_369,t1+t1ce+t2+flair,sg_46b6c66765483f24,4,0.30083013850655627
hemis,BRATS_369,t1+t2,sg_46b6c66765483f24,2,0.24805842540643527
hemis,BRATS_369,t1+t2+flair,sg_46b6c66765483f24,3,0.3203037959203697
hemis,BRATS_369,t1ce,sg_46b6c66765483f24,1,0.05648893854479586
hemis,BRATS_369,t1ce+flair,sg_46b6c66765483f24,2,0.35397739336627065
hemis,BRATS_369,t1ce+t2,sg_46b6c66765483f24,2,0.31670954361261733
hemis,BRATS_369,t1ce+t2+flair,sg_46b6c66765483f24,3,0.36821905583007514
hemis,BRATS_369,t2,sg_46b6c66765483f24,1,0.23126482759953582
hemis,BRATS_369,t2+flair,sg_46b6c66765483f24,2,0.3142775487941533
hemis,BRATS_413,flair,sg_3b44f65ab67602cc,1,0.11263434250946014
hemis,BRATS_413,t1,sg_3b44f65ab67602cc,1,0.0011893539605486887
hemis,BRATS_413,t1+flair,sg_3b44f65ab67602cc,2,0.04775388427675162
hemis,BRATS_413,t1+t1ce,sg_3b44f65ab67602cc,2,0.009545200924629066
hemis,BRATS_413,t1+t1ce+flair,sg_3b44f65ab67602cc,3,0.03827890756699023
hemis,BRATS_413,t1+t1ce+t2,sg_3b44f65ab67602cc,3,0.020764669950659554
hemis,BRATS_413,t1+t1ce+t2+flair,sg_3b44f65ab67602cc,4,0.06518631811112163
hemis,BRATS_413,t1+t2,sg_3b44f65ab67602cc,2,0.031761524461311454
hemis,BRATS_413,t1+t2+flair,sg_3b44f65ab67602cc,3,0.08044982937612603
hemis,BRATS_413,t1ce,sg_3b44f65ab67602cc,1,0.017296641413223398
hemis,BRATS_413,t1ce+flair,sg_3b44f65ab67602cc,2,0.06434410777906675
hemis,BRATS_413,t1ce+t2,sg_3b44f65ab67602cc,2,0.07010520025513207
hemis,BRATS_413,t1ce+t2+flair,sg_3b44f65ab67602cc,3,0.12104457677743587
hemis,BRATS_413,t2,sg_3b44f65ab67602cc,1,0.020962292200674082
hemis,BRATS_413,t2+flair,sg_3b44f65ab67602cc,2,0.11435461732879032
hemis,BRATS_441,flair,sg_baba356c1735c37c,1,0.31122192665616816
hemis,BRATS_441,t1,sg_baba356c1735c37c,1,0.013117755564630846
hemis,BRATS_441,t1+flair,sg_baba356c1735c37c,2,0.20322864680295163
hemis,BRATS_441,t1+t1ce,sg_baba356c1735c37c,2,0.043075058671300036
hemis,BRATS_441,t1+t1ce+flair,sg_baba356c1735c37c,3,0.18620656313317108
hemis,BRATS_441,t1+t1ce+t2,sg_baba356c1735c37c,3,0.13712381458911785
hemis,BRATS_441,t1+t1ce+t2+flair,sg_baba356c1735c37c,4,0.25465194047438994
hemis,BRATS_441,t1+t2,sg_baba356c1735c37c,2,0.13726749936477697
hemis,BRATS_441,t1+t2+flair,sg_baba356c1735c37c,3,0.2782264883919051
hemis,BRATS_441,t1ce,sg_baba356c1735c37c,1,0.06421687796363684
hemis,BRATS_441,t1ce+flair,sg_baba356c1735c37c,2,0.280711131467199
hemis,BRATS_441,t1ce+t2,sg_baba356c1735c37c,2,0.20216413179117362
hemis,BRATS_441,t1ce+t2+flair,sg_baba356c1735c37c,3,0.326547870818202
hemis,BRATS_441,t2,sg_baba356c1735c37c,1,0.12079554188289988
hemis,BRATS_441,t2+flair,sg_baba356c1735c37c,2,0.30376838337606465
no_quality,BRATS_021,flair,sg_8a56096263e207fc,1,0.02899425602751253
no_quality,BRATS_021,t1,sg_8a56096263e207fc,1,0.006445451162530783
no_quality,BRATS_021,t1+flair,sg_8a56096263e207fc,2,0.02151257260117491
no_quality,BRATS_021,t1+t1ce,sg_8a56096263e207fc,2,0.04888482177999079
no_quality,BRATS_021,t1+t1ce+flair,sg_8a56096263e207fc,3,0.06318000864963601
no_quality,BRATS_021,t1+t1ce+t2,sg_8a56096263e207fc,3,0.2614058670063338
no_quality,BRATS_021,t1+t1ce+t2+flair,sg_8a56096263e207fc,4,0.2838196075478743
no_quality,BRATS_021,t1+t2,sg_8a56096263e207fc,2,0.2870684818073822
no_quality,BRATS_021,t1+t2+flair,sg_8a56096263e207fc,3,0.3198755788803607
no_quality,BRATS_021,t1ce,sg_8a56096263e207fc,1,0.06183967223985481
no_quality,BRATS_021,t1ce+flair,sg_8a56096263e207fc,2,0.10878458997397907
no_quality,BRATS_021,t1ce+t2,sg_8a56096263e207fc,2,0.25477731352495314
no_quality,BRATS_021,t1ce+t2+flair,sg_8a56096263e207fc,3,0.28809719422667085
no_quality,BRATS_021,t2,sg_8a56096263e207fc,1,0.22843430145787078
no_quality,BRATS_021,t2+flair,sg_8a56096263e207fc,2,0.28154960415962244
no_quality,BRATS_111,flair,sg_74969a1c98337c11,1,0.2973610090415328
no_quality,BRATS_111,t1,sg_74969a1c98337c11,1,0.00665880443745093
no_quality,BRATS_111,t1+flair,sg_74969a1c98337c11,2,0.2151346257862384
no_quality,BRATS_111,t1+t1ce,sg_74969a1c98337c11,2,0.053568428361945385
no_quality,BRATS_111,t1+t1ce+flair,sg_74969a1c98337c11,3,0.1932844538584613
no_quality,BRATS_111,t1+t1ce+t2,sg_74969a1c98337c11,3,0.1991071581257637
no_quality,BRATS_111,t1+t1ce+t2+flair,sg_74969a1c98337c11,4,0.21816022845354277
no_quality,BRATS_111,t1+t2,sg_74969a1c98337c11,2,0.21092743079413334
no_quality,BRATS_111,t1+t2+flair,sg_74969a1c98337c11,3,0.23520256552228722
no_quality,BRATS_111,t1ce,sg_74969a1c98337c11,1,0.0612435334542622
no_quality,BRATS_111,t1ce+flair,sg_74969a1c98337c11,2,0.21582463867030932
no_quality,BRATS_111,t1ce+t2,sg_74969a1c98337c11,2,0.2100199371136
no_quality,BRATS_111,t1ce+t2+flair,sg_74969a1c98337c11,3,0.2337707217354562
no_quality,BRATS_111,t2,sg_74969a1c98337c11,1,0.24118211550108418
no_quality,BRATS_111,t2+flair,sg_74969a1c98337c11,2,0.26168262153643923
no_quality,BRATS_172,flair,sg_cb857fb98a0abf51,1,0.2511691317281561
no_quality,BRATS_172,t1,sg_cb857fb98a0abf51,1,0.011251955942241725
no_quality,BRATS_172,t1+flair,sg_cb857fb98a0abf51,2,0.1983606117341581
no_quality,BRATS_172,t1+t1ce,sg_cb857fb98a0abf51,2,0.264891481641669
no_quality,BRATS_172,t1+t1ce+flair,sg_cb857fb98a0abf51,3,0.28000897084458226
no_quality,BRATS_172,t1+t1ce+t2,sg_cb857fb98a0abf51,3,0.338087203610751
no_quality,BRATS_172,t1+t1ce+t2+flair,sg_cb857fb98a0abf51,4,0.3212279491437404
no_quality,BRATS_172,t1+t2,sg_cb857fb98a0abf51,2,0.20469219077420167
no_quality,BRATS_172,t1+t2+flair,sg_cb857fb98a0abf51,3,0.25190584341271993
no_quality,BRATS_172,t1ce,sg_cb857fb98a0abf51,1,0.2780165521336986
no_quality,BRATS_172,t1ce+flair,sg_cb857fb98a0abf51,2,0.31408019798259956
no_quality,BRATS_172,t1ce+t2,sg_cb857fb98a0abf51,2,0.35467890997766727
no_quality,BRATS_172,t1ce+t2+flair,sg_cb857fb98a0abf51,3,0.33593972584102333
no_quality,BRATS_172,t2,sg_cb857fb98a0abf51,1,0.16971402619833031
no_quality,BRATS_172,t2+flair,sg_cb857fb98a0abf51,2,0.26423879190872707
no_quality,BRATS_338,flair,sg_602726c0ba192496,1,0.10059101030543575
no_quality,BRATS_338,t1,sg_602726c0ba192496,1,0.0017791470537772372
no_quality,BRATS_338,t1+flair,sg_602726c0ba192496,2,0.1719414295131584
no_quality,BRATS_338,t1+t1ce,sg_602726c0ba192496,2,0.010990726753115446
no_quality,BRATS_338,t1+t1ce+flair,sg_602726c0ba192496,3,0.19297093942030927
no_quality,BRATS_338,t1+t1ce+t2,sg_602726c0ba192496,3,0.03833393405865666
no_quality,BRATS_338,t1+t1ce+t2+flair,sg_602726c0ba192496,4,0.22567646687990883
no_quality,BRATS_338,t1+t2,sg_602726c0ba192496,2,0.00819433920590787
no_quality,BRATS_338,t1+t2+flair,sg_602726c0ba192496,3,0.21048154502533886
no_quality,BRATS_338,t1ce,sg_602726c0ba192496,1,0.029451274791505305
no_quality,BRATS_338,t1ce+flair,sg_602726c0ba192496,2,0.1663851395359825
no_quality,BRATS_338,t1ce+t2,sg_602726c0ba192496,2,0.07548366169162112
no_quality,BRATS_338,t1ce+t2+flair,sg_602726c0ba192496,3,0.21151383161954973
no_quality,BRATS_338,t2,sg_602726c0ba192496,1,0.009764818768572155
no_quality,BRATS_338,t2+flair,sg_602726c0ba192496,2,0.12556561222309537
no_quality,BRATS_367,flair,sg_a46b5f5bbd1aae60,1,0.2469332574305382
no_quality,BRATS_367,t1,sg_a46b5f5bbd1aae60,1,0.006469846311954033
no_quality,BRATS_367,t1+flair,sg_a46b5f5bbd1aae60,2,0.24947823554224868
no_quality,BRATS_367,t1+t1ce,sg_a46b5f5bbd1aae60,2,0.058029009458915336
no_quality,BRATS_367,t1+t1ce+flair,sg_a46b5f5bbd1aae60,3,0.2714698735801652
no_quality,BRATS_367,t1+t1ce+t2,sg_a46b5f5bbd1aae60,3,0.2630099664837591
no_quality,BRATS_367,t1+t1ce+t2+flair,sg_a46b5f5bbd1aae60,4,0.31962418719001273
no_quality,BRATS_367,t1+t2,sg_a46b5f5bbd1aae60,2,0.24276943748837745
no_quality,BRATS_367,t1+t2+flair,sg_a46b5f5bbd1aae60,3,0.3006944473639243
no_quality,BRATS_367,t1ce,sg_a46b5f5bbd1aae60,1,0.06512853517888627
no_quality,BRATS_367,t1ce+flair,sg_a46b5f5bbd1aae60,2,0.2749903501431897
no_quality,BRATS_367,t1ce+t2,sg_a46b5f5bbd1aae60,2,0.2715486174292603
no_quality,BRATS_367,t1ce+t2+flair,sg_a46b5f5bbd1aae60,3,0.3143173490606026
no_quality,BRATS_367,t2,sg_a46b5f5bbd1aae60,1,0.08504300008475585
no_quality,BRATS_367,t2+flair,sg_a46b5f5bbd1aae60,2,0.2713177654038857
no_quality,BRATS_369,flair,sg_46b6c66765483f24,1,0.31097744956913836
no_quality,BRATS_369,t1,sg_46b6c66765483f24,1,0.029470291395911247
no_quality,BRATS_369,t1+flair,sg_46b6c66765483f24,2,0.3316237844009734
no_quality,BRATS_369,t1+t1ce,sg_46b6c66765483f24,2,0.05105304324718193
no_quality,BRATS_369,t1+t1ce+flair,sg_46b6c66765483f24,3,0.30939065055337045
no_quality,BRATS_369,t1+t1ce+t2,sg_46b6c66765483f24,3,0.2792042461869166
no_quality,BRATS_369,t1+t1ce+t2+flair,sg_46b6c66765483f24,4,0.34091393139520315
no_quality,BRATS_369,t1+t2,sg_46b6c66765483f24,2,0.30952588931601566
no_quality,BRATS_369,t1+t2+flair,sg_46b6c66765483f24,3,0.3587463869381335
no_quality,BRATS_369,t1ce,sg_46b6c66765483f24,1,0.06971169773960857
no_quality,BRATS_369,t1ce+flair,sg_46b6c66765483f24,2,0.3612480289722137
no_quality,BRATS_369,t1ce+t2,sg_46b6c66765483f24,2,0.3313931339450817
no_quality,BRATS_369,t1ce+t2+flair,sg_46b6c66765483f24,3,0.38177308445135405
no_quality,BRATS_369,t2,sg_46b6c66765483f24,1,0.2822404268839994
no_quality,BRATS_369,t2+flair,sg_46b6c66765483f24,2,0.3734516070781004
no_quality,BRATS_413,flair,sg_3b44f65ab67602cc,1,0.029488357406044146
no_quality,BRATS_413,t1,sg_3b44f65ab67602cc,1,0.0013888865306870913
no_quality,BRATS_413,t1+flair,sg_3b44f65ab67602cc,2,0.020139183275761193
no_quality,BRATS_413,t1+t1ce,sg_3b44f65ab67602cc,2,0.018515509223056472
no_quality,BRATS_413,t1+t1ce+flair,sg_3b44f65ab67602cc,3,0.030211551065777897
no_quality,BRATS_413,t1+t1ce+t2,sg_3b44f65ab67602cc,3,0.0396181471577811
no_quality,BRATS_413,t1+t1ce+t2+flair,sg_3b44f65ab67602cc,4,0.04073977823134947
no_quality,BRATS_413,t1+t2,sg_3b44f65ab67602cc,2,0.016581638797758928
no_quality,BRATS_413,t1+t2+flair,sg_3b44f65ab67602cc,3,0.029967869800313476
no_quality,BRATS_413,t1ce,sg_3b44f65ab67602cc,1,0.017409863043244912
no_quality,BRATS_413,t1ce+flair,sg_3b44f65ab67602cc,2,0.046774506066500354
no_quality,BRATS_413,t1ce+t2,sg_3b44f65ab67602cc,2,0.06173729975040695
no_quality,BRATS_413,t1ce+t2+flair,sg_3b44f65ab67602cc,3,0.05904711718601883
no_quality,BRATS_413,t2,sg_3b44f65ab67602cc,1,0.01488264531364208
no_quality,BRATS_413,t2+flair,sg_3b44f65ab67602cc,2,0.03843646979422011
no_quality,BRATS_441,flair,sg_baba356c1735c37c,1,0.2264254958076063
no_quality,BRATS_441,t1,sg_baba356c1735c37c,1,0.012539938423287445
no_quality,BRATS_441,t1+flair,sg_baba356c1735c37c,2,0.17498995725468625
no_quality,BRATS_441,t1+t1ce,sg_baba356c1735c37c,2,0.07938025214567225
no_quality,BRATS_441,t1+t1ce+flair,sg_baba356c1735c37c,3,0.18249970935206059
no_quality,BRATS_441,t1+t1ce+t2,sg_baba356c1735c37c,3,0.22647318042549883
no_quality,BRATS_441,t1+t1ce+t2+flair,sg_baba356c1735c37c,4,0.22979615885827867
no_quality,BRATS_441,t1+t2,sg_baba356c1735c37c,2,0.10388125474811383
no_quality,BRATS_441,t1+t2+flair,sg_baba356c1735c37c,3,0.2119647779862608
no_quality,BRATS_441,t1ce,sg_baba356c1735c37c,1,0.07470121539027307
no_quality,BRATS_441,t1ce+flair,sg_baba356c1735c37c,2,0.2060483902545084
no_quality,BRATS_441,t1ce+t2,sg_baba356c1735c37c,2,0.25521669194397356
no_quality,BRATS_441,t1ce+t2+flair,sg_baba356c1735c37c,3,0.24745666561788712
no_quality,BRATS_441,t2,sg_baba356c1735c37c,1,0.10065322114447327
no_quality,BRATS_441,t2+flair,sg_baba356c1735c37c,2,0.22280712611450162
